{
"type": "FeatureCollection",
"name": "2024 prh in 2019 dc",
"crs": { "type": "name", "properties": { "name": "urn:ogc:def:crs:OGC:1.3:CRS84" } },
"features": [
{ "type": "Feature", "properties": { "Estate Name EN": "Tak Long Estate", "Estate Name SC": "德朗邨", "ENAME": "Kai Tak East", "CNAME": "啟德東", "Estate Map Latitude": 22.330105, "Estate Map Longitude": 114.2031, "transactions": null, "Year of Intake 1": "2013", "Num of Type": 1, "Type(s) of Block(s) 1": 0, "Type(s) of Block(s) 2": null, "Type(s) of Block(s) 3": null, "Type(s) of Block(s) 4": null, "Type(s) of Block(s) 5": null, "No. of Blocks": 9, "No. of Rental Flats": 8200, "Flat Size (m2)": "14 – 37", "Min Size": 14.0, "Max Size": 37.0, "Avr Size": 25.5, "Region Name EN": "Kowloon", "Region Name SC": "九龙", "Coordinate": "114.2031,22.330105", "Type of Estate EN 1": "Public Rental Housing", "Type of Estate SC": "租住屋邨", "CACODE": "G13", "Shape_Leng": 939.476011, "Shape_Area": 45752.01918, "18_districts": "九龍城區 ", "hk_islands": "79", "kowloon": 245, "new_towns": 140, "others": "--" }, "geometry": { "type": "Point", "coordinates": [ 114.2031, 22.330105 ] } },
{ "type": "Feature", "properties": { "Estate Name EN": "Kai Ching Estate", "Estate Name SC": "启晴邨", "ENAME": "Kai Tak North", "CNAME": "啟德北", "Estate Map Latitude": 22.33254, "Estate Map Longitude": 114.20292, "transactions": null, "Year of Intake 1": "2013", "Num of Type": 1, "Type(s) of Block(s) 1": 0, "Type(s) of Block(s) 2": null, "Type(s) of Block(s) 3": null, "Type(s) of Block(s) 4": null, "Type(s) of Block(s) 5": null, "No. of Blocks": 6, "No. of Rental Flats": 5200, "Flat Size (m2)": "14.05-37.58", "Min Size": 14.05, "Max Size": 37.58, "Avr Size": 25.815, "Region Name EN": "Kowloon", "Region Name SC": "九龙", "Coordinate": "114.20292,22.33254", "Type of Estate EN 1": "Public Rental Housing", "Type of Estate SC": "租住屋邨", "CACODE": "G12", "Shape_Leng": 1572.426834, "Shape_Area": 120471.5425, "18_districts": "九龍城區 ", "hk_islands": "146", "kowloon": 387, "new_towns": 275, "others": "16" }, "geometry": { "type": "Point", "coordinates": [ 114.20292, 22.33254 ] } },
{ "type": "Feature", "properties": { "Estate Name EN": "Choi Fook Estate", "Estate Name SC": "彩福邨", "ENAME": "Jordan Valley", "CNAME": "佐敦谷", "Estate Map Latitude": 22.328026, "Estate Map Longitude": 114.21717, "transactions": null, "Year of Intake 1": "2010", "Num of Type": 1, "Type(s) of Block(s) 1": 0, "Type(s) of Block(s) 2": null, "Type(s) of Block(s) 3": null, "Type(s) of Block(s) 4": null, "Type(s) of Block(s) 5": null, "No. of Blocks": 5, "No. of Rental Flats": 4500, "Flat Size (m2)": "21.2 - 43.6", "Min Size": 21.2, "Max Size": 43.6, "Avr Size": 32.4, "Region Name EN": "Kowloon", "Region Name SC": "九龙", "Coordinate": "114.21717,22.328026", "Type of Estate EN 1": "Public Rental Housing", "Type of Estate SC": "租住屋邨", "CACODE": "J07", "Shape_Leng": 2283.465836, "Shape_Area": 203265.7049, "18_districts": "觀塘區 ", "hk_islands": "301", "kowloon": 1210, "new_towns": 457, "others": "6" }, "geometry": { "type": "Point", "coordinates": [ 114.21717, 22.328026 ] } },
{ "type": "Feature", "properties": { "Estate Name EN": "Ching Ho Estate", "Estate Name SC": "清河邨", "ENAME": "Ching Ho", "CNAME": "清河", "Estate Map Latitude": 22.49311, "Estate Map Longitude": 114.12577, "transactions": null, "Year of Intake 1": "2006", "Num of Type": 1, "Type(s) of Block(s) 1": 1, "Type(s) of Block(s) 2": null, "Type(s) of Block(s) 3": null, "Type(s) of Block(s) 4": null, "Type(s) of Block(s) 5": null, "No. of Blocks": 8, "No. of Rental Flats": 7200, "Flat Size (m2)": "17.9 - 39.8", "Min Size": 17.9, "Max Size": 39.8, "Avr Size": 28.85, "Region Name EN": "NewTerritories", "Region Name SC": "新界", "Coordinate": "114.12577,22.49311", "Type of Estate EN 1": "Public Rental Housing", "Type of Estate SC": "租住屋邨", "CACODE": "N09", "Shape_Leng": 1664.085548, "Shape_Area": 92754.35545, "18_districts": "北區 ", "hk_islands": "23", "kowloon": 12, "new_towns": 175, "others": "248" }, "geometry": { "type": "Point", "coordinates": [ 114.12577, 22.49311 ] } },
{ "type": "Feature", "properties": { "Estate Name EN": "Hin Yiu Estate", "Estate Name SC": "显耀邨", "ENAME": "Keng Hau", "CNAME": "徑口", "Estate Map Latitude": 22.36692, "Estate Map Longitude": 114.17457, "transactions": null, "Year of Intake 1": "2005", "Num of Type": 1, "Type(s) of Block(s) 1": 1, "Type(s) of Block(s) 2": null, "Type(s) of Block(s) 3": null, "Type(s) of Block(s) 4": null, "Type(s) of Block(s) 5": null, "No. of Blocks": 1, "No. of Rental Flats": 800, "Flat Size (m2)": "17.81 - 39.74", "Min Size": 17.81, "Max Size": 39.74, "Avr Size": 28.775, "Region Name EN": "NewTerritories", "Region Name SC": "新界", "Coordinate": "114.17457,22.36692", "Type of Estate EN 1": "Public Rental Housing", "Type of Estate SC": "租住屋邨", "CACODE": "R17", "Shape_Leng": 3234.494486, "Shape_Area": 460430.8085, "18_districts": "沙田區 ", "hk_islands": "168", "kowloon": 368, "new_towns": 273, "others": "143" }, "geometry": { "type": "Point", "coordinates": [ 114.17457, 22.36692 ] } },
{ "type": "Feature", "properties": { "Estate Name EN": "Mei Tin Estate", "Estate Name SC": "美田邨", "ENAME": "Lower Shing Mun", "CNAME": "下城門", "Estate Map Latitude": 22.37569, "Estate Map Longitude": 114.17018, "transactions": null, "Year of Intake 1": "2006", "Num of Type": 1, "Type(s) of Block(s) 1": 1, "Type(s) of Block(s) 2": null, "Type(s) of Block(s) 3": null, "Type(s) of Block(s) 4": null, "Type(s) of Block(s) 5": null, "No. of Blocks": 8, "No. of Rental Flats": 6700, "Flat Size (m2)": "14.05 - 40.15", "Min Size": 14.05, "Max Size": 40.15, "Avr Size": 27.1, "Region Name EN": "NewTerritories", "Region Name SC": "新界", "Coordinate": "114.17018,22.37569", "Type of Estate EN 1": "Public Rental Housing", "Type of Estate SC": "租住屋邨", "CACODE": "R15", "Shape_Leng": 16791.44354, "Shape_Area": 9238408.571, "18_districts": "沙田區 ", "hk_islands": "239", "kowloon": 490, "new_towns": 559, "others": "133" }, "geometry": { "type": "Point", "coordinates": [ 114.17018, 22.37569 ] } },
{ "type": "Feature", "properties": { "Estate Name EN": "Cheung Ching Estate", "Estate Name SC": "长青邨", "ENAME": "Cheung Ching", "CNAME": "長青", "Estate Map Latitude": 22.34968, "Estate Map Longitude": 114.10681, "transactions": null, "Year of Intake 1": "1977", "Num of Type": 3, "Type(s) of Block(s) 1": 2, "Type(s) of Block(s) 2": 3, "Type(s) of Block(s) 3": 0, "Type(s) of Block(s) 4": null, "Type(s) of Block(s) 5": null, "No. of Blocks": 10, "No. of Rental Flats": 6400, "Flat Size (m2)": "14.05 - 54.9", "Min Size": 14.05, "Max Size": 54.9, "Avr Size": 34.475, "Region Name EN": "NewTerritories", "Region Name SC": "新界", "Coordinate": "114.10681,22.34968", "Type of Estate EN 1": "Public Rental Housing", "Type of Estate SC": "租住屋邨", "CACODE": "S25", "Shape_Leng": 2620.733994, "Shape_Area": 227200.6947, "18_districts": "葵青區 ", "hk_islands": "253", "kowloon": 236, "new_towns": 1287, "others": "12" }, "geometry": { "type": "Point", "coordinates": [ 114.10681, 22.34968 ] } },
{ "type": "Feature", "properties": { "Estate Name EN": "Fu Shan Estate", "Estate Name SC": "富山邨", "ENAME": "King Fu", "CNAME": "瓊富", "Estate Map Latitude": 22.34274, "Estate Map Longitude": 114.20913, "transactions": null, "Year of Intake 1": "1978", "Num of Type": 2, "Type(s) of Block(s) 1": 2, "Type(s) of Block(s) 2": 0, "Type(s) of Block(s) 3": null, "Type(s) of Block(s) 4": null, "Type(s) of Block(s) 5": null, "No. of Blocks": 4, "No. of Rental Flats": 2300, "Flat Size (m2)": "14.05 - 34.94", "Min Size": 14.05, "Max Size": 34.94, "Avr Size": 24.495, "Region Name EN": "Kowloon", "Region Name SC": "九龙", "Coordinate": "114.20913,22.34274", "Type of Estate EN 1": "Public Rental Housing", "Type of Estate SC": "租住屋邨", "CACODE": "H20", "Shape_Leng": 5827.564113, "Shape_Area": 1622890.173, "18_districts": "黃大仙區 ", "hk_islands": "518", "kowloon": 810, "new_towns": 544, "others": "22" }, "geometry": { "type": "Point", "coordinates": [ 114.20913, 22.34274 ] } },
{ "type": "Feature", "properties": { "Estate Name EN": "Tai Hang Tung Estate", "Estate Name SC": "大坑东邨", "ENAME": "Nam Shan, Tai Hang Tung & Tai Hang Sai", "CNAME": "南山、大坑東及大坑西", "Estate Map Latitude": 22.33268, "Estate Map Longitude": 114.17167, "transactions": null, "Year of Intake 1": "1984", "Num of Type": 3, "Type(s) of Block(s) 1": 4, "Type(s) of Block(s) 2": 2, "Type(s) of Block(s) 3": 13, "Type(s) of Block(s) 4": null, "Type(s) of Block(s) 5": null, "No. of Blocks": 9, "No. of Rental Flats": 2100, "Flat Size (m2)": "17.7 - 50.1", "Min Size": 17.7, "Max Size": 50.1, "Avr Size": 33.9, "Region Name EN": "Kowloon", "Region Name SC": "九龙", "Coordinate": "114.17167,22.33268", "Type of Estate EN 1": "Public Rental Housing", "Type of Estate SC": "租住屋邨", "CACODE": "F25", "Shape_Leng": 3711.075207, "Shape_Area": 446297.6811, "18_districts": "深水埗區 ", "hk_islands": "222", "kowloon": 830, "new_towns": 307, "others": "2" }, "geometry": { "type": "Point", "coordinates": [ 114.17167, 22.33268 ] } },
{ "type": "Feature", "properties": { "Estate Name EN": "Choi Tak Estate", "Estate Name SC": "彩德邨", "ENAME": "Choi Tak", "CNAME": "彩德", "Estate Map Latitude": 22.3301, "Estate Map Longitude": 114.21279, "transactions": null, "Year of Intake 1": "2010", "Num of Type": 1, "Type(s) of Block(s) 1": 0, "Type(s) of Block(s) 2": null, "Type(s) of Block(s) 3": null, "Type(s) of Block(s) 4": null, "Type(s) of Block(s) 5": null, "No. of Blocks": 8, "No. of Rental Flats": 5800, "Flat Size (m2)": "14.05 - 43.6", "Min Size": 14.05, "Max Size": 43.6, "Avr Size": 28.825, "Region Name EN": "Kowloon", "Region Name SC": "九龙", "Coordinate": "114.21279,22.3301", "Type of Estate EN 1": "Public Rental Housing", "Type of Estate SC": "租住屋邨", "CACODE": "J06", "Shape_Leng": 2926.316209, "Shape_Area": 209085.0354, "18_districts": "觀塘區 ", "hk_islands": "207", "kowloon": 489, "new_towns": 474, "others": "23" }, "geometry": { "type": "Point", "coordinates": [ 114.21279, 22.3301 ] } },
{ "type": "Feature", "properties": { "Estate Name EN": "Lei Muk Shue (1) Estate", "Estate Name SC": "梨木树一邨", "ENAME": "Lei Muk Shue West", "CNAME": "梨木樹西", "Estate Map Latitude": 22.37706, "Estate Map Longitude": 114.13539, "transactions": null, "Year of Intake 1": "1999", "Num of Type": 1, "Type(s) of Block(s) 1": 1, "Type(s) of Block(s) 2": null, "Type(s) of Block(s) 3": null, "Type(s) of Block(s) 4": null, "Type(s) of Block(s) 5": null, "No. of Blocks": 3, "No. of Rental Flats": 2300, "Flat Size (m2)": "16.3 - 52.2", "Min Size": 16.3, "Max Size": 52.2, "Avr Size": 34.25, "Region Name EN": "NewTerritories", "Region Name SC": "新界", "Coordinate": "114.13539,22.37706", "Type of Estate EN 1": "Public Rental Housing", "Type of Estate SC": "租住屋邨", "CACODE": "K18", "Shape_Leng": 1457.824021, "Shape_Area": 91415.75206, "18_districts": "荃灣區 ", "hk_islands": "35", "kowloon": 58, "new_towns": 324, "others": "1" }, "geometry": { "type": "Point", "coordinates": [ 114.13539, 22.37706 ] } },
{ "type": "Feature", "properties": { "Estate Name EN": "Lei Muk Shue (2) Estate", "Estate Name SC": "梨木树二邨", "ENAME": "Lei Muk Shue West", "CNAME": "梨木樹西", "Estate Map Latitude": 22.37851, "Estate Map Longitude": 114.13444, "transactions": null, "Year of Intake 1": "1975", "Num of Type": 3, "Type(s) of Block(s) 1": 1, "Type(s) of Block(s) 2": 2, "Type(s) of Block(s) 3": 5, "Type(s) of Block(s) 4": null, "Type(s) of Block(s) 5": null, "No. of Blocks": 11, "No. of Rental Flats": 4300, "Flat Size (m2)": "16.3 - 52.2", "Min Size": 16.3, "Max Size": 52.2, "Avr Size": 34.25, "Region Name EN": "NewTerritories", "Region Name SC": "新界", "Coordinate": "114.13444,22.37851", "Type of Estate EN 1": "Public Rental Housing", "Type of Estate SC": "租住屋邨", "CACODE": "K18", "Shape_Leng": 1457.824021, "Shape_Area": 91415.75206, "18_districts": "荃灣區 ", "hk_islands": "35", "kowloon": 58, "new_towns": 324, "others": "1" }, "geometry": { "type": "Point", "coordinates": [ 114.13444, 22.37851 ] } },
{ "type": "Feature", "properties": { "Estate Name EN": "Lei Muk Shue Estate", "Estate Name SC": "梨木树邨", "ENAME": "Lei Muk Shue East", "CNAME": "梨木樹東", "Estate Map Latitude": 22.37906, "Estate Map Longitude": 114.13627, "transactions": null, "Year of Intake 1": "2005", "Num of Type": 1, "Type(s) of Block(s) 1": 1, "Type(s) of Block(s) 2": null, "Type(s) of Block(s) 3": null, "Type(s) of Block(s) 4": null, "Type(s) of Block(s) 5": null, "No. of Blocks": 5, "No. of Rental Flats": 3900, "Flat Size (m2)": "17.4 - 39.7", "Min Size": 17.4, "Max Size": 39.7, "Avr Size": 28.55, "Region Name EN": "NewTerritories", "Region Name SC": "新界", "Coordinate": "114.13627,22.37906", "Type of Estate EN 1": "Public Rental Housing", "Type of Estate SC": "租住屋邨", "CACODE": "K19", "Shape_Leng": 5852.414321, "Shape_Area": 680855.5134000001, "18_districts": "荃灣區 ", "hk_islands": "106", "kowloon": 237, "new_towns": 615, "others": "30" }, "geometry": { "type": "Point", "coordinates": [ 114.13627, 22.37906 ] } },
{ "type": "Feature", "properties": { "Estate Name EN": "Ka Fuk Estate", "Estate Name SC": "嘉福邨", "ENAME": "Shing Fuk", "CNAME": "盛福", "Estate Map Latitude": 22.49267, "Estate Map Longitude": 114.13489, "transactions": null, "Year of Intake 1": "1995", "Num of Type": 1, "Type(s) of Block(s) 1": 1, "Type(s) of Block(s) 2": null, "Type(s) of Block(s) 3": null, "Type(s) of Block(s) 4": null, "Type(s) of Block(s) 5": null, "No. of Blocks": 3, "No. of Rental Flats": 2000, "Flat Size (m2)": "13.0 - 49.3", "Min Size": 13.0, "Max Size": 49.3, "Avr Size": 31.15, "Region Name EN": "NewTerritories", "Region Name SC": "新界", "Coordinate": "114.13489,22.49267", "Type of Estate EN 1": "Public Rental Housing", "Type of Estate SC": "租住屋邨", "CACODE": "N08", "Shape_Leng": 1738.895356, "Shape_Area": 142999.6928, "18_districts": "北區 ", "hk_islands": "35", "kowloon": 108, "new_towns": 193, "others": "92" }, "geometry": { "type": "Point", "coordinates": [ 114.13489, 22.49267 ] } },
{ "type": "Feature", "properties": { "Estate Name EN": "Upper Ngau Tau Kok Estate", "Estate Name SC": "牛头角上邨", "ENAME": "Upper Ngau Tau Kok Estate", "CNAME": "牛頭角上?", "Estate Map Latitude": 22.31868, "Estate Map Longitude": 114.21725, "transactions": null, "Year of Intake 1": "2002", "Num of Type": 3, "Type(s) of Block(s) 1": 1, "Type(s) of Block(s) 2": 5, "Type(s) of Block(s) 3": 0, "Type(s) of Block(s) 4": null, "Type(s) of Block(s) 5": null, "No. of Blocks": 9, "No. of Rental Flats": 6700, "Flat Size (m2)": "16.3 - 48.8", "Min Size": 16.3, "Max Size": 48.8, "Avr Size": 32.55, "Region Name EN": "Kowloon", "Region Name SC": "九龙", "Coordinate": "114.21725,22.31868", "Type of Estate EN 1": "Public Rental Housing", "Type of Estate SC": "租住屋邨", "CACODE": "J38", "Shape_Leng": 1197.049441, "Shape_Area": 79428.02058, "18_districts": "觀塘區 ", "hk_islands": "99", "kowloon": 354, "new_towns": 143, "others": "12" }, "geometry": { "type": "Point", "coordinates": [ 114.21725, 22.31868 ] } },
{ "type": "Feature", "properties": { "Estate Name EN": "Yue Wan Estate", "Estate Name SC": "渔湾邨", "ENAME": "Yue Wan", "CNAME": "漁灣", "Estate Map Latitude": 22.26582, "Estate Map Longitude": 114.242, "transactions": null, "Year of Intake 1": "1977", "Num of Type": 2, "Type(s) of Block(s) 1": 2, "Type(s) of Block(s) 2": 0, "Type(s) of Block(s) 3": null, "Type(s) of Block(s) 4": null, "Type(s) of Block(s) 5": null, "No. of Blocks": 5, "No. of Rental Flats": 3000, "Flat Size (m2)": "14.01 - 56.2", "Min Size": 14.01, "Max Size": 56.2, "Avr Size": 35.105, "Region Name EN": "HongKongIsland", "Region Name SC": "香港岛", "Coordinate": "114.242,22.26582", "Type of Estate EN 1": "Public Rental Housing", "Type of Estate SC": "租住屋邨", "CACODE": "C34", "Shape_Leng": 2648.563801, "Shape_Area": 243563.0565, "18_districts": "東區 ", "hk_islands": "468", "kowloon": 679, "new_towns": 273, "others": "87" }, "geometry": { "type": "Point", "coordinates": [ 114.242, 22.26582 ] } },
{ "type": "Feature", "properties": { "Estate Name EN": "Fu Tung Estate", "Estate Name SC": "富东邨", "ENAME": "Tung Chung South", "CNAME": "東涌南", "Estate Map Latitude": 22.28692, "Estate Map Longitude": 113.94148, "transactions": null, "Year of Intake 1": "1997", "Num of Type": 1, "Type(s) of Block(s) 1": 1, "Type(s) of Block(s) 2": null, "Type(s) of Block(s) 3": null, "Type(s) of Block(s) 4": null, "Type(s) of Block(s) 5": null, "No. of Blocks": 3, "No. of Rental Flats": 1700, "Flat Size (m2)": "16.3 - 52.2", "Min Size": 16.3, "Max Size": 52.2, "Avr Size": 34.25, "Region Name EN": "NewTerritories", "Region Name SC": "新界", "Coordinate": "113.94148,22.28692", "Type of Estate EN 1": "Public Rental Housing", "Type of Estate SC": "租住屋邨", "CACODE": "T04", "Shape_Leng": 3627.487098, "Shape_Area": 499458.315, "18_districts": "離島區 ", "hk_islands": "469", "kowloon": 562, "new_towns": 651, "others": "94" }, "geometry": { "type": "Point", "coordinates": [ 113.94148, 22.28692 ] } },
{ "type": "Feature", "properties": { "Estate Name EN": "Nga Ning Court", "Estate Name SC": "雅宁苑", "ENAME": "Cheung Chau", "CNAME": "長洲", "Estate Map Latitude": 22.20359, "Estate Map Longitude": 114.02734, "transactions": null, "Year of Intake 1": "2001", "Num of Type": 1, "Type(s) of Block(s) 1": 7, "Type(s) of Block(s) 2": null, "Type(s) of Block(s) 3": null, "Type(s) of Block(s) 4": null, "Type(s) of Block(s) 5": null, "No. of Blocks": 3, "No. of Rental Flats": 400, "Flat Size (m2)": "17.1 - 42.7", "Min Size": 17.1, "Max Size": 42.7, "Avr Size": 29.9, "Region Name EN": "NewTerritories", "Region Name SC": "新界", "Coordinate": "114.02734,22.20359", "Type of Estate EN 1": "Public Rental Housing", "Type of Estate SC": "租住屋邨", "CACODE": "T10", "Shape_Leng": 15949.32496, "Shape_Area": 15844979.21, "18_districts": "離島區 ", "hk_islands": "303", "kowloon": 424, "new_towns": 426, "others": "83" }, "geometry": { "type": "Point", "coordinates": [ 114.02734, 22.20359 ] } },
{ "type": "Feature", "properties": { "Estate Name EN": "Kam Peng Estate", "Estate Name SC": "金坪邨", "ENAME": "Peng Chau & Hei Ling Chau", "CNAME": "坪洲及喜靈洲", "Estate Map Latitude": 22.28714, "Estate Map Longitude": 114.03718, "transactions": null, "Year of Intake 1": "1996", "Num of Type": 1, "Type(s) of Block(s) 1": 7, "Type(s) of Block(s) 2": null, "Type(s) of Block(s) 3": null, "Type(s) of Block(s) 4": null, "Type(s) of Block(s) 5": null, "No. of Blocks": 1, "No. of Rental Flats": 300, "Flat Size (m2)": "17.1 - 52.6", "Min Size": 17.1, "Max Size": 52.6, "Avr Size": 34.85, "Region Name EN": "NewTerritories", "Region Name SC": "新界", "Coordinate": "114.03718,22.28714", "Type of Estate EN 1": "Public Rental Housing", "Type of Estate SC": "租住屋邨", "CACODE": "T08", "Shape_Leng": 37540.08788, "Shape_Area": 45457070.79, "18_districts": "離島區 ", "hk_islands": "294", "kowloon": 272, "new_towns": 529, "others": "64" }, "geometry": { "type": "Point", "coordinates": [ 114.03718, 22.28714 ] } },
{ "type": "Feature", "properties": { "Estate Name EN": "Yat Tung (1) Estate", "Estate Name SC": "逸东一邨", "ENAME": "Mun Yat", "CNAME": "滿逸", "Estate Map Latitude": 22.28055, "Estate Map Longitude": 113.93639, "transactions": null, "Year of Intake 1": "2001", "Num of Type": 2, "Type(s) of Block(s) 1": 8, "Type(s) of Block(s) 2": null, "Type(s) of Block(s) 3": 1, "Type(s) of Block(s) 4": null, "Type(s) of Block(s) 5": null, "No. of Blocks": 13, "No. of Rental Flats": 5600, "Flat Size (m2)": "16.3 - 51.8", "Min Size": 16.3, "Max Size": 51.8, "Avr Size": 34.05, "Region Name EN": "NewTerritories", "Region Name SC": "新界", "Coordinate": "113.93639,22.28055", "Type of Estate EN 1": "Public Rental Housing", "Type of Estate SC": "租住屋邨", "CACODE": "T02", "Shape_Leng": 3517.805606, "Shape_Area": 297139.8425, "18_districts": "離島區 ", "hk_islands": "976", "kowloon": 2765, "new_towns": 5588, "others": "1015" }, "geometry": { "type": "Point", "coordinates": [ 113.93639, 22.28055 ] } },
{ "type": "Feature", "properties": { "Estate Name EN": "Yat Tung (2) Estate", "Estate Name SC": "逸东二邨", "ENAME": "Yat Tung Estate North", "CNAME": "逸東?北", "Estate Map Latitude": 22.28247, "Estate Map Longitude": 113.93458, "transactions": null, "Year of Intake 1": "2004", "Num of Type": 2, "Type(s) of Block(s) 1": 9, "Type(s) of Block(s) 2": 1, "Type(s) of Block(s) 3": null, "Type(s) of Block(s) 4": null, "Type(s) of Block(s) 5": null, "No. of Blocks": 12, "No. of Rental Flats": 6400, "Flat Size (m2)": "17.4 - 53.6", "Min Size": 17.4, "Max Size": 53.6, "Avr Size": 35.5, "Region Name EN": "NewTerritories", "Region Name SC": "新界", "Coordinate": "113.93458,22.28247", "Type of Estate EN 1": "Public Rental Housing", "Type of Estate SC": "租住屋邨", "CACODE": "T03", "Shape_Leng": 1610.001844, "Shape_Area": 96385.42573, "18_districts": "離島區 ", "hk_islands": "10", "kowloon": 287, "new_towns": 698, "others": "140" }, "geometry": { "type": "Point", "coordinates": [ 113.93458, 22.28247 ] } },
{ "type": "Feature", "properties": { "Estate Name EN": "Cheung Fat Estate", "Estate Name SC": "长发邨", "ENAME": "Ching Fat", "CNAME": "青發", "Estate Map Latitude": 22.36314, "Estate Map Longitude": 114.10348, "transactions": null, "Year of Intake 1": "1989", "Num of Type": 2, "Type(s) of Block(s) 1": 2, "Type(s) of Block(s) 2": 11, "Type(s) of Block(s) 3": null, "Type(s) of Block(s) 4": null, "Type(s) of Block(s) 5": null, "No. of Blocks": 4, "No. of Rental Flats": 600, "Flat Size (m2)": "9.4 - 40.1", "Min Size": 9.4, "Max Size": 40.1, "Avr Size": 24.75, "Region Name EN": "NewTerritories", "Region Name SC": "新界", "Coordinate": "114.10348,22.36314", "Type of Estate EN 1": "Tenants Purchase Scheme", "Type of Estate SC": "租者置其屋计划", "CACODE": "S30", "Shape_Leng": 4617.522807, "Shape_Area": 751822.6402, "18_districts": "葵青區 ", "hk_islands": "6", "kowloon": 224, "new_towns": 361, "others": "1" }, "geometry": { "type": "Point", "coordinates": [ 114.10348, 22.36314 ] } },
{ "type": "Feature", "properties": { "Estate Name EN": "Lower Ngau Tau Kok Estate", "Estate Name SC": "牛头角下邨", "ENAME": "Lower Ngau Tau Kok Estate", "CNAME": "牛頭角下?", "Estate Map Latitude": 22.321114, "Estate Map Longitude": 114.21527, "transactions": null, "Year of Intake 1": "2012", "Num of Type": 1, "Type(s) of Block(s) 1": 0, "Type(s) of Block(s) 2": null, "Type(s) of Block(s) 3": null, "Type(s) of Block(s) 4": null, "Type(s) of Block(s) 5": null, "No. of Blocks": 6, "No. of Rental Flats": 4800, "Flat Size (m2)": "14.1 - 38.1", "Min Size": 14.1, "Max Size": 38.1, "Avr Size": 26.1, "Region Name EN": "Kowloon", "Region Name SC": "九龙", "Coordinate": "114.21527,22.321114", "Type of Estate EN 1": "Public Rental Housing", "Type of Estate SC": "租住屋邨", "CACODE": "J39", "Shape_Leng": 3183.811952, "Shape_Area": 220200.8413, "18_districts": "觀塘區 ", "hk_islands": "201", "kowloon": 283, "new_towns": 222, "others": "128" }, "geometry": { "type": "Point", "coordinates": [ 114.21527, 22.321114 ] } },
{ "type": "Feature", "properties": { "Estate Name EN": "Wang Tau Hom Estate", "Estate Name SC": "横头磡邨", "ENAME": "Wang Tau Hom", "CNAME": "橫頭磡", "Estate Map Latitude": 22.3409, "Estate Map Longitude": 114.18601, "transactions": null, "Year of Intake 1": "1982", "Num of Type": 3, "Type(s) of Block(s) 1": 12, "Type(s) of Block(s) 2": 1, "Type(s) of Block(s) 3": 4, "Type(s) of Block(s) 4": null, "Type(s) of Block(s) 5": null, "No. of Blocks": 18, "No. of Rental Flats": 5900, "Flat Size (m2)": "12.2 - 52.3", "Min Size": 12.2, "Max Size": 52.3, "Avr Size": 32.25, "Region Name EN": "Kowloon", "Region Name SC": "九龙", "Coordinate": "114.18601,22.3409", "Type of Estate EN 1": "Public Rental Housing", "Type of Estate SC": "租住屋邨", "CACODE": "H11", "Shape_Leng": 1589.677794, "Shape_Area": 133385.3552, "18_districts": "黃大仙區 ", "hk_islands": "25", "kowloon": 398, "new_towns": 374, "others": "8" }, "geometry": { "type": "Point", "coordinates": [ 114.18601, 22.3409 ] } },
{ "type": "Feature", "properties": { "Estate Name EN": "Cheung Hang Estate", "Estate Name SC": "长亨邨", "ENAME": "Cheung Hang", "CNAME": "長亨", "Estate Map Latitude": 22.35723, "Estate Map Longitude": 114.0983, "transactions": null, "Year of Intake 1": "1990", "Num of Type": 2, "Type(s) of Block(s) 1": 1, "Type(s) of Block(s) 2": 11, "Type(s) of Block(s) 3": null, "Type(s) of Block(s) 4": null, "Type(s) of Block(s) 5": null, "No. of Blocks": 6, "No. of Rental Flats": 4400, "Flat Size (m2)": "9.4 - 52.2", "Min Size": 9.4, "Max Size": 52.2, "Avr Size": 30.8, "Region Name EN": "NewTerritories", "Region Name SC": "新界", "Coordinate": "114.0983,22.35723", "Type of Estate EN 1": "Public Rental Housing", "Type of Estate SC": "租住屋邨", "CACODE": "S29", "Shape_Leng": 10864.65281, "Shape_Area": 2687525.406, "18_districts": "葵青區 ", "hk_islands": "15", "kowloon": 101, "new_towns": 386, "others": "134" }, "geometry": { "type": "Point", "coordinates": [ 114.0983, 22.35723 ] } },
{ "type": "Feature", "properties": { "Estate Name EN": "Cheung On Estate", "Estate Name SC": "长安邨", "ENAME": "On Ho", "CNAME": "安灝", "Estate Map Latitude": 22.35992, "Estate Map Longitude": 114.10435, "transactions": 6711, "Year of Intake 1": "1988", "Num of Type": 3, "Type(s) of Block(s) 1": 4, "Type(s) of Block(s) 2": 2, "Type(s) of Block(s) 3": 11, "Type(s) of Block(s) 4": null, "Type(s) of Block(s) 5": null, "No. of Blocks": 10, "No. of Rental Flats": 700, "Flat Size (m2)": "15.1 - 74.5", "Min Size": 15.1, "Max Size": 74.5, "Avr Size": 44.8, "Region Name EN": "NewTerritories", "Region Name SC": "新界", "Coordinate": "114.10435,22.35992", "Type of Estate EN 1": "Tenants Purchase Scheme", "Type of Estate SC": "租者置其屋计划", "CACODE": "S21", "Shape_Leng": 2581.618221, "Shape_Area": 340183.5839, "18_districts": "葵青區 ", "hk_islands": "85", "kowloon": 378, "new_towns": 528, "others": "123" }, "geometry": { "type": "Point", "coordinates": [ 114.10435, 22.35992 ] } },
{ "type": "Feature", "properties": { "Estate Name EN": "Yau Lai Estate", "Estate Name SC": "油丽邨", "ENAME": "Yau Lai", "CNAME": "油麗", "Estate Map Latitude": 22.30194, "Estate Map Longitude": 114.23627, "transactions": null, "Year of Intake 1": "2004", "Num of Type": 2, "Type(s) of Block(s) 1": 9, "Type(s) of Block(s) 2": 0, "Type(s) of Block(s) 3": null, "Type(s) of Block(s) 4": null, "Type(s) of Block(s) 5": null, "No. of Blocks": 14, "No. of Rental Flats": 9000, "Flat Size (m2)": "14.05 - 53.6", "Min Size": 14.05, "Max Size": 53.6, "Avr Size": 33.825, "Region Name EN": "Kowloon", "Region Name SC": "九龙", "Coordinate": "114.23627,22.30194", "Type of Estate EN 1": "Public Rental Housing", "Type of Estate SC": "租住屋邨", "CACODE": "J25", "Shape_Leng": 1680.783226, "Shape_Area": 82408.9656, "18_districts": "觀塘區 ", "hk_islands": "207", "kowloon": 437, "new_towns": 82, "others": "34" }, "geometry": { "type": "Point", "coordinates": [ 114.23627, 22.30194 ] } },
{ "type": "Feature", "properties": { "Estate Name EN": "Ap Lei Chau Estate", "Estate Name SC": "鸭脷洲邨", "ENAME": "Ap Lei Chau Estate", "CNAME": "鴨?洲?", "Estate Map Latitude": 22.24443, "Estate Map Longitude": 114.15216, "transactions": null, "Year of Intake 1": "1980", "Num of Type": 3, "Type(s) of Block(s) 1": 12, "Type(s) of Block(s) 2": 2, "Type(s) of Block(s) 3": 11, "Type(s) of Block(s) 4": null, "Type(s) of Block(s) 5": null, "No. of Blocks": 8, "No. of Rental Flats": 4500, "Flat Size (m2)": "23.13 - 67.91", "Min Size": 23.13, "Max Size": 67.91, "Avr Size": 45.52, "Region Name EN": "HongKongIsland", "Region Name SC": "香港岛", "Coordinate": "114.15216,22.24443", "Type of Estate EN 1": "Public Rental Housing", "Type of Estate SC": "租住屋邨", "CACODE": "D02", "Shape_Leng": 1445.596321, "Shape_Area": 91728.24801, "18_districts": "南區 ", "hk_islands": "123", "kowloon": 51, "new_towns": 93, "others": "1" }, "geometry": { "type": "Point", "coordinates": [ 114.15216, 22.24443 ] } },
{ "type": "Feature", "properties": { "Estate Name EN": "Lei Tung Estate", "Estate Name SC": "利东邨", "ENAME": "Lei Tung II", "CNAME": "利東二", "Estate Map Latitude": 22.24077, "Estate Map Longitude": 114.15697, "transactions": 6093, "Year of Intake 1": "1987", "Num of Type": 1, "Type(s) of Block(s) 1": 11, "Type(s) of Block(s) 2": null, "Type(s) of Block(s) 3": null, "Type(s) of Block(s) 4": null, "Type(s) of Block(s) 5": null, "No. of Blocks": 8, "No. of Rental Flats": 1200, "Flat Size (m2)": "38.4 - 63.4", "Min Size": 38.4, "Max Size": 63.4, "Avr Size": 50.9, "Region Name EN": "HongKongIsland", "Region Name SC": "香港岛", "Coordinate": "114.15697,22.24077", "Type of Estate EN 1": "Tenants Purchase Scheme", "Type of Estate SC": "租者置其屋计划", "CACODE": "D05", "Shape_Leng": 1568.461063, "Shape_Area": 109730.6004, "18_districts": "南區 ", "hk_islands": "86", "kowloon": 36, "new_towns": 119, "others": "78" }, "geometry": { "type": "Point", "coordinates": [ 114.15697, 22.24077 ] } },
{ "type": "Feature", "properties": { "Estate Name EN": "Fuk Loi Estate", "Estate Name SC": "福来邨", "ENAME": "Fuk Loi", "CNAME": "福來", "Estate Map Latitude": 22.37442, "Estate Map Longitude": 114.11204, "transactions": null, "Year of Intake 1": "1963", "Num of Type": 1, "Type(s) of Block(s) 1": 2, "Type(s) of Block(s) 2": null, "Type(s) of Block(s) 3": null, "Type(s) of Block(s) 4": null, "Type(s) of Block(s) 5": null, "No. of Blocks": 9, "No. of Rental Flats": 3100, "Flat Size (m2)": "24.0 - 45.4", "Min Size": 24.0, "Max Size": 45.4, "Avr Size": 34.7, "Region Name EN": "NewTerritories", "Region Name SC": "新界", "Coordinate": "114.11204,22.37442", "Type of Estate EN 1": "Public Rental Housing", "Type of Estate SC": "租住屋邨", "CACODE": "K09", "Shape_Leng": 2001.38189, "Shape_Area": 162077.0356, "18_districts": "荃灣區 ", "hk_islands": "40", "kowloon": 258, "new_towns": 306, "others": "23" }, "geometry": { "type": "Point", "coordinates": [ 114.11204, 22.37442 ] } },
{ "type": "Feature", "properties": { "Estate Name EN": "Wu King Estate", "Estate Name SC": "湖景邨", "ENAME": "Wu King", "CNAME": "湖景", "Estate Map Latitude": 22.37652, "Estate Map Longitude": 113.96507, "transactions": null, "Year of Intake 1": "1982", "Num of Type": 1, "Type(s) of Block(s) 1": 15, "Type(s) of Block(s) 2": null, "Type(s) of Block(s) 3": null, "Type(s) of Block(s) 4": null, "Type(s) of Block(s) 5": null, "No. of Blocks": 6, "No. of Rental Flats": 4400, "Flat Size (m2)": "33.2 - 40.0", "Min Size": 33.2, "Max Size": 40.0, "Avr Size": 36.6, "Region Name EN": "NewTerritories", "Region Name SC": "新界", "Coordinate": "113.96507,22.37652", "Type of Estate EN 1": "Public Rental Housing", "Type of Estate SC": "租住屋邨", "CACODE": "L17", "Shape_Leng": 1370.854384, "Shape_Area": 80518.55886, "18_districts": "屯門區 ", "hk_islands": "--", "kowloon": 67, "new_towns": 157, "others": "141" }, "geometry": { "type": "Point", "coordinates": [ 113.96507, 22.37652 ] } },
{ "type": "Feature", "properties": { "Estate Name EN": "Lam Tin Estate", "Estate Name SC": "蓝田邨", "ENAME": "Lam Tin", "CNAME": "藍田", "Estate Map Latitude": 22.31041, "Estate Map Longitude": 114.23588, "transactions": null, "Year of Intake 1": "2009", "Num of Type": 1, "Type(s) of Block(s) 1": 0, "Type(s) of Block(s) 2": null, "Type(s) of Block(s) 3": null, "Type(s) of Block(s) 4": null, "Type(s) of Block(s) 5": null, "No. of Blocks": 4, "No. of Rental Flats": 3000, "Flat Size (m2)": "17.97 - 38.05", "Min Size": 17.97, "Max Size": 38.05, "Avr Size": 28.01, "Region Name EN": "Kowloon", "Region Name SC": "九龙", "Coordinate": "114.23588,22.31041", "Type of Estate EN 1": "Public Rental Housing", "Type of Estate SC": "租住屋邨", "CACODE": "J19", "Shape_Leng": 1688.166636, "Shape_Area": 144175.7643, "18_districts": "觀塘區 ", "hk_islands": "192", "kowloon": 234, "new_towns": 143, "others": "11" }, "geometry": { "type": "Point", "coordinates": [ 114.23588, 22.31041 ] } },
{ "type": "Feature", "properties": { "Estate Name EN": "Mei Tung Estate", "Estate Name SC": "美东邨", "ENAME": "Tung Mei", "CNAME": "東美", "Estate Map Latitude": 22.33314, "Estate Map Longitude": 114.19014, "transactions": null, "Year of Intake 1": "2010", "Num of Type": 1, "Type(s) of Block(s) 1": 0, "Type(s) of Block(s) 2": null, "Type(s) of Block(s) 3": null, "Type(s) of Block(s) 4": null, "Type(s) of Block(s) 5": null, "No. of Blocks": 2, "No. of Rental Flats": 1800, "Flat Size (m2)": "14.4 - 39.7", "Min Size": 14.4, "Max Size": 39.7, "Avr Size": 27.05, "Region Name EN": "Kowloon", "Region Name SC": "九龙", "Coordinate": "114.19014,22.33314", "Type of Estate EN 1": "Public Rental Housing", "Type of Estate SC": "租住屋邨", "CACODE": "H09", "Shape_Leng": 3098.13473, "Shape_Area": 243872.8299, "18_districts": "黃大仙區 ", "hk_islands": "74", "kowloon": 252, "new_towns": 360, "others": "4" }, "geometry": { "type": "Point", "coordinates": [ 114.19014, 22.33314 ] } },
{ "type": "Feature", "properties": { "Estate Name EN": "Hing Wah (1) Estate", "Estate Name SC": "兴华一邨", "ENAME": "Hing Man", "CNAME": "興民", "Estate Map Latitude": 22.26217, "Estate Map Longitude": 114.23554, "transactions": null, "Year of Intake 1": "1999", "Num of Type": 1, "Type(s) of Block(s) 1": 1, "Type(s) of Block(s) 2": null, "Type(s) of Block(s) 3": null, "Type(s) of Block(s) 4": null, "Type(s) of Block(s) 5": null, "No. of Blocks": 3, "No. of Rental Flats": 2300, "Flat Size (m2)": "16.3 - 49.0", "Min Size": 16.3, "Max Size": 49.0, "Avr Size": 32.65, "Region Name EN": "HongKongIsland", "Region Name SC": "香港岛", "Coordinate": "114.23554,22.26217", "Type of Estate EN 1": "Public Rental Housing", "Type of Estate SC": "租住屋邨", "CACODE": "C31", "Shape_Leng": 5546.867196, "Shape_Area": 862525.0166, "18_districts": "東區 ", "hk_islands": "147", "kowloon": 155, "new_towns": 212, "others": "48" }, "geometry": { "type": "Point", "coordinates": [ 114.23554, 22.26217 ] } },
{ "type": "Feature", "properties": { "Estate Name EN": "Cheung Kwai Estate", "Estate Name SC": "长贵邨", "ENAME": "Cheung Chau", "CNAME": "長洲", "Estate Map Latitude": 22.21394, "Estate Map Longitude": 114.02526, "transactions": null, "Year of Intake 1": "1984", "Num of Type": 1, "Type(s) of Block(s) 1": 0, "Type(s) of Block(s) 2": null, "Type(s) of Block(s) 3": null, "Type(s) of Block(s) 4": null, "Type(s) of Block(s) 5": null, "No. of Blocks": 18, "No. of Rental Flats": 500, "Flat Size (m2)": "23.4 - 42.5", "Min Size": 23.4, "Max Size": 42.5, "Avr Size": 32.95, "Region Name EN": "NewTerritories", "Region Name SC": "新界", "Coordinate": "114.02526,22.21394", "Type of Estate EN 1": "Public Rental Housing", "Type of Estate SC": "租住屋邨", "CACODE": "T10", "Shape_Leng": 15949.32496, "Shape_Area": 15844979.21, "18_districts": "離島區 ", "hk_islands": "303", "kowloon": 424, "new_towns": 426, "others": "83" }, "geometry": { "type": "Point", "coordinates": [ 114.02526, 22.21394 ] } },
{ "type": "Feature", "properties": { "Estate Name EN": "Hing Wah (2) Estate", "Estate Name SC": "兴华二邨", "ENAME": "Fei Tsui", "CNAME": "翡翠", "Estate Map Latitude": 22.26236, "Estate Map Longitude": 114.23359, "transactions": null, "Year of Intake 1": "1976", "Num of Type": 1, "Type(s) of Block(s) 1": 2, "Type(s) of Block(s) 2": null, "Type(s) of Block(s) 3": null, "Type(s) of Block(s) 4": null, "Type(s) of Block(s) 5": null, "No. of Blocks": 7, "No. of Rental Flats": 3600, "Flat Size (m2)": "22.7 - 42.2", "Min Size": 22.7, "Max Size": 42.2, "Avr Size": 32.45, "Region Name EN": "HongKongIsland", "Region Name SC": "香港岛", "Coordinate": "114.23359,22.26236", "Type of Estate EN 1": "Public Rental Housing", "Type of Estate SC": "租住屋邨", "CACODE": "C14", "Shape_Leng": 6917.980105, "Shape_Area": 1990901.76, "18_districts": "東區 ", "hk_islands": "356", "kowloon": 284, "new_towns": 197, "others": "120" }, "geometry": { "type": "Point", "coordinates": [ 114.23359, 22.26236 ] } },
{ "type": "Feature", "properties": { "Estate Name EN": "Hong Tung Estate", "Estate Name SC": "康东邨", "ENAME": "Lei King Wan", "CNAME": "鯉景灣", "Estate Map Latitude": 22.28436, "Estate Map Longitude": 114.22232, "transactions": null, "Year of Intake 1": "1998", "Num of Type": 1, "Type(s) of Block(s) 1": 13, "Type(s) of Block(s) 2": null, "Type(s) of Block(s) 3": null, "Type(s) of Block(s) 4": null, "Type(s) of Block(s) 5": null, "No. of Blocks": 1, "No. of Rental Flats": 500, "Flat Size (m2)": "17.6 - 49.8", "Min Size": 17.6, "Max Size": 49.8, "Avr Size": 33.7, "Region Name EN": "HongKongIsland", "Region Name SC": "香港岛", "Coordinate": "114.22232,22.28436", "Type of Estate EN 1": "Public Rental Housing", "Type of Estate SC": "租住屋邨", "CACODE": "C03", "Shape_Leng": 3058.060672, "Shape_Area": 470109.1732, "18_districts": "東區 ", "hk_islands": "682", "kowloon": 357, "new_towns": 557, "others": "64" }, "geometry": { "type": "Point", "coordinates": [ 114.22232, 22.28436 ] } },
{ "type": "Feature", "properties": { "Estate Name EN": "Model Housing Estate", "Estate Name SC": "模范邨", "ENAME": "Healthy Village", "CNAME": "健康村", "Estate Map Latitude": 22.29103, "Estate Map Longitude": 114.20824, "transactions": null, "Year of Intake 1": "1954", "Num of Type": 2, "Type(s) of Block(s) 1": 0, "Type(s) of Block(s) 2": 2, "Type(s) of Block(s) 3": null, "Type(s) of Block(s) 4": null, "Type(s) of Block(s) 5": null, "No. of Blocks": 6, "No. of Rental Flats": 700, "Flat Size (m2)": "13.8 - 62.4", "Min Size": 13.8, "Max Size": 62.4, "Avr Size": 38.1, "Region Name EN": "HongKongIsland", "Region Name SC": "香港岛", "Coordinate": "114.20824,22.29103", "Type of Estate EN 1": "Public Rental Housing", "Type of Estate SC": "租住屋邨", "CACODE": "C23", "Shape_Leng": 6004.316122, "Shape_Area": 1224218.58, "18_districts": "東區 ", "hk_islands": "621", "kowloon": 225, "new_towns": 426, "others": "37" }, "geometry": { "type": "Point", "coordinates": [ 114.20824, 22.29103 ] } },
{ "type": "Feature", "properties": { "Estate Name EN": "Oi Tung Estate", "Estate Name SC": "爱东邨", "ENAME": "Aldrich Bay", "CNAME": "愛秩序灣", "Estate Map Latitude": 22.28173, "Estate Map Longitude": 114.22737, "transactions": null, "Year of Intake 1": "2001", "Num of Type": 3, "Type(s) of Block(s) 1": 1, "Type(s) of Block(s) 2": 13, "Type(s) of Block(s) 3": 0, "Type(s) of Block(s) 4": null, "Type(s) of Block(s) 5": null, "No. of Blocks": 6, "No. of Rental Flats": 3900, "Flat Size (m2)": "16.3 - 43.3", "Min Size": 16.3, "Max Size": 43.3, "Avr Size": 29.8, "Region Name EN": "HongKongIsland", "Region Name SC": "香港岛", "Coordinate": "114.22737,22.28173", "Type of Estate EN 1": "Public Rental Housing", "Type of Estate SC": "租住屋邨", "CACODE": "C05", "Shape_Leng": 1339.913882, "Shape_Area": 101249.0982, "18_districts": "東區 ", "hk_islands": "128", "kowloon": 280, "new_towns": 139, "others": "6" }, "geometry": { "type": "Point", "coordinates": [ 114.22737, 22.28173 ] } },
{ "type": "Feature", "properties": { "Estate Name EN": "Siu Sai Wan Estate", "Estate Name SC": "小西湾邨", "ENAME": "Kai Hiu", "CNAME": "佳曉", "Estate Map Latitude": 22.26133, "Estate Map Longitude": 114.24849, "transactions": null, "Year of Intake 1": "1990", "Num of Type": 3, "Type(s) of Block(s) 1": 1, "Type(s) of Block(s) 2": 4, "Type(s) of Block(s) 3": 11, "Type(s) of Block(s) 4": null, "Type(s) of Block(s) 5": null, "No. of Blocks": 12, "No. of Rental Flats": 6100, "Flat Size (m2)": "11.3 - 50.5", "Min Size": 11.3, "Max Size": 50.5, "Avr Size": 30.9, "Region Name EN": "HongKongIsland", "Region Name SC": "香港岛", "Coordinate": "114.24849,22.26133", "Type of Estate EN 1": "Public Rental Housing", "Type of Estate SC": "租住屋邨", "CACODE": "C35", "Shape_Leng": 2271.512507, "Shape_Area": 154989.8562, "18_districts": "東區 ", "hk_islands": "106", "kowloon": 169, "new_towns": 96, "others": "--" }, "geometry": { "type": "Point", "coordinates": [ 114.24849, 22.26133 ] } },
{ "type": "Feature", "properties": { "Estate Name EN": "Tsui Lok Estate", "Estate Name SC": "翠乐邨", "ENAME": "Tsui Wan", "CNAME": "翠灣", "Estate Map Latitude": 22.26748, "Estate Map Longitude": 114.24037, "transactions": null, "Year of Intake 1": "1999", "Num of Type": 1, "Type(s) of Block(s) 1": 13, "Type(s) of Block(s) 2": null, "Type(s) of Block(s) 3": null, "Type(s) of Block(s) 4": null, "Type(s) of Block(s) 5": null, "No. of Blocks": 1, "No. of Rental Flats": 300, "Flat Size (m2)": "22.9 - 60.1", "Min Size": 22.9, "Max Size": 60.1, "Avr Size": 41.5, "Region Name EN": "HongKongIsland", "Region Name SC": "香港岛", "Coordinate": "114.24037,22.26748", "Type of Estate EN 1": "Public Rental Housing", "Type of Estate SC": "租住屋邨", "CACODE": "C09", "Shape_Leng": 6169.392896, "Shape_Area": 1407173.21, "18_districts": "東區 ", "hk_islands": "386", "kowloon": 95, "new_towns": 110, "others": "3" }, "geometry": { "type": "Point", "coordinates": [ 114.24037, 22.26748 ] } },
{ "type": "Feature", "properties": { "Estate Name EN": "Tsui Wan Estate", "Estate Name SC": "翠湾邨", "ENAME": "Tsui Wan", "CNAME": "翠灣", "Estate Map Latitude": 22.26825, "Estate Map Longitude": 114.24061, "transactions": 2031, "Year of Intake 1": "1988", "Num of Type": 1, "Type(s) of Block(s) 1": 11, "Type(s) of Block(s) 2": null, "Type(s) of Block(s) 3": null, "Type(s) of Block(s) 4": null, "Type(s) of Block(s) 5": null, "No. of Blocks": 4, "No. of Rental Flats": 300, "Flat Size (m2)": "25.3 - 72.9", "Min Size": 25.3, "Max Size": 72.9, "Avr Size": 49.1, "Region Name EN": "HongKongIsland", "Region Name SC": "香港岛", "Coordinate": "114.24061,22.26825", "Type of Estate EN 1": "Tenants Purchase Scheme", "Type of Estate SC": "租者置其屋计划", "CACODE": "C09", "Shape_Leng": 6169.392896, "Shape_Area": 1407173.21, "18_districts": "東區 ", "hk_islands": "386", "kowloon": 95, "new_towns": 110, "others": "3" }, "geometry": { "type": "Point", "coordinates": [ 114.24061, 22.26825 ] } },
{ "type": "Feature", "properties": { "Estate Name EN": "Wan Tsui Estate", "Estate Name SC": "环翠邨", "ENAME": "Wan Tsui", "CNAME": "環翠", "Estate Map Latitude": 22.26278, "Estate Map Longitude": 114.2392, "transactions": null, "Year of Intake 1": "1979", "Num of Type": 3, "Type(s) of Block(s) 1": 12, "Type(s) of Block(s) 2": 2, "Type(s) of Block(s) 3": 13, "Type(s) of Block(s) 4": null, "Type(s) of Block(s) 5": null, "No. of Blocks": 11, "No. of Rental Flats": 3700, "Flat Size (m2)": "22.5 - 58.1", "Min Size": 22.5, "Max Size": 58.1, "Avr Size": 40.3, "Region Name EN": "HongKongIsland", "Region Name SC": "香港岛", "Coordinate": "114.2392,22.26278", "Type of Estate EN 1": "Public Rental Housing", "Type of Estate SC": "租住屋邨", "CACODE": "C13", "Shape_Leng": 10071.20411, "Shape_Area": 2917307.394, "18_districts": "東區 ", "hk_islands": "343", "kowloon": 196, "new_towns": 221, "others": "121" }, "geometry": { "type": "Point", "coordinates": [ 114.2392, 22.26278 ] } },
{ "type": "Feature", "properties": { "Estate Name EN": "Yiu Tung Estate", "Estate Name SC": "耀东邨", "ENAME": "Lower Yiu Tung", "CNAME": "下耀東", "Estate Map Latitude": 22.27812, "Estate Map Longitude": 114.2252, "transactions": null, "Year of Intake 1": "1994", "Num of Type": 1, "Type(s) of Block(s) 1": 1, "Type(s) of Block(s) 2": null, "Type(s) of Block(s) 3": null, "Type(s) of Block(s) 4": null, "Type(s) of Block(s) 5": null, "No. of Blocks": 11, "No. of Rental Flats": 5200, "Flat Size (m2)": "11.8 - 52.3", "Min Size": 11.8, "Max Size": 52.3, "Avr Size": 32.05, "Region Name EN": "HongKongIsland", "Region Name SC": "香港岛", "Coordinate": "114.2252,22.27812", "Type of Estate EN 1": "Public Rental Housing", "Type of Estate SC": "租住屋邨", "CACODE": "C29", "Shape_Leng": 2275.412916, "Shape_Area": 184956.2025, "18_districts": "東區 ", "hk_islands": "189", "kowloon": 363, "new_towns": 398, "others": "62" }, "geometry": { "type": "Point", "coordinates": [ 114.2252, 22.27812 ] } },
{ "type": "Feature", "properties": { "Estate Name EN": "Sun Chui Estate", "Estate Name SC": "新翠邨", "ENAME": "Chui Tin", "CNAME": "翠田", "Estate Map Latitude": 22.36916, "Estate Map Longitude": 114.18233, "transactions": null, "Year of Intake 1": "1983", "Num of Type": 3, "Type(s) of Block(s) 1": 12, "Type(s) of Block(s) 2": 2, "Type(s) of Block(s) 3": 3, "Type(s) of Block(s) 4": null, "Type(s) of Block(s) 5": null, "No. of Blocks": 8, "No. of Rental Flats": 6600, "Flat Size (m2)": "10.9 - 62.5", "Min Size": 10.9, "Max Size": 62.5, "Avr Size": 36.7, "Region Name EN": "NewTerritories", "Region Name SC": "新界", "Coordinate": "114.18233,22.36916", "Type of Estate EN 1": "Public Rental Housing", "Type of Estate SC": "租住屋邨", "CACODE": "R13", "Shape_Leng": 8106.358669, "Shape_Area": 1374272.87, "18_districts": "沙田區 ", "hk_islands": "134", "kowloon": 372, "new_towns": 262, "others": "80" }, "geometry": { "type": "Point", "coordinates": [ 114.18233, 22.36916 ] } },
{ "type": "Feature", "properties": { "Estate Name EN": "Sun Tin Wai Estate", "Estate Name SC": "新田围邨", "ENAME": "Sun Tin Wai", "CNAME": "新田圍", "Estate Map Latitude": 22.37049, "Estate Map Longitude": 114.18734, "transactions": null, "Year of Intake 1": "1981", "Num of Type": 3, "Type(s) of Block(s) 1": 14, "Type(s) of Block(s) 2": 2, "Type(s) of Block(s) 3": 12, "Type(s) of Block(s) 4": null, "Type(s) of Block(s) 5": null, "No. of Blocks": 8, "No. of Rental Flats": 3400, "Flat Size (m2)": "10.3 - 45.5", "Min Size": 10.3, "Max Size": 45.5, "Avr Size": 27.9, "Region Name EN": "NewTerritories", "Region Name SC": "新界", "Coordinate": "114.18734,22.37049", "Type of Estate EN 1": "Public Rental Housing", "Type of Estate SC": "租住屋邨", "CACODE": "R12", "Shape_Leng": 10883.57431, "Shape_Area": 2194313.817, "18_districts": "沙田區 ", "hk_islands": "98", "kowloon": 233, "new_towns": 429, "others": "50" }, "geometry": { "type": "Point", "coordinates": [ 114.18734, 22.37049 ] } },
{ "type": "Feature", "properties": { "Estate Name EN": "Po Tin Estate", "Estate Name SC": "宝田邨", "ENAME": "Po Tin", "CNAME": "寶田", "Estate Map Latitude": 22.41024, "Estate Map Longitude": 113.96667, "transactions": null, "Year of Intake 1": "2000", "Num of Type": 1, "Type(s) of Block(s) 1": 19, "Type(s) of Block(s) 2": null, "Type(s) of Block(s) 3": null, "Type(s) of Block(s) 4": null, "Type(s) of Block(s) 5": null, "No. of Blocks": 9, "No. of Rental Flats": 4100, "Flat Size (m2)": "8.2 - 28.3", "Min Size": 8.2, "Max Size": 28.3, "Avr Size": 18.25, "Region Name EN": "NewTerritories", "Region Name SC": "新界", "Coordinate": "113.96667,22.41024", "Type of Estate EN 1": "Public Rental Housing ", "Type of Estate SC": "租住屋邨/中转房屋", "CACODE": "L25", "Shape_Leng": 18293.17291, "Shape_Area": 9043555.597, "18_districts": "屯門區 ", "hk_islands": "78", "kowloon": 569, "new_towns": 804, "others": "53" }, "geometry": { "type": "Point", "coordinates": [ 113.96667, 22.41024 ] } },
{ "type": "Feature", "properties": { "Estate Name EN": "Wo Che Estate", "Estate Name SC": "禾輋邨", "ENAME": "Wo Che Estate", "CNAME": "禾輋?", "Estate Map Latitude": 22.388493, "Estate Map Longitude": 114.19636, "transactions": null, "Year of Intake 1": "1977", "Num of Type": 3, "Type(s) of Block(s) 1": 12, "Type(s) of Block(s) 2": 2, "Type(s) of Block(s) 3": 9, "Type(s) of Block(s) 4": null, "Type(s) of Block(s) 5": null, "No. of Blocks": 13, "No. of Rental Flats": 6300, "Flat Size (m2)": "27.1 - 58.2", "Min Size": 27.1, "Max Size": 58.2, "Avr Size": 42.65, "Region Name EN": "NewTerritories", "Region Name SC": "新界", "Coordinate": "114.19636,22.388493", "Type of Estate EN 1": "Public Rental Housing", "Type of Estate SC": "租住屋邨", "CACODE": "R03", "Shape_Leng": 2451.468614, "Shape_Area": 300919.9563, "18_districts": "沙田區 ", "hk_islands": "30", "kowloon": 637, "new_towns": 472, "others": "14" }, "geometry": { "type": "Point", "coordinates": [ 114.19636, 22.388493 ] } },
{ "type": "Feature", "properties": { "Estate Name EN": "Sam Shing Estate", "Estate Name SC": "三圣邨", "ENAME": "Sam Shing", "CNAME": "三聖", "Estate Map Latitude": 22.38107, "Estate Map Longitude": 113.97811, "transactions": null, "Year of Intake 1": "1980", "Num of Type": 2, "Type(s) of Block(s) 1": 12, "Type(s) of Block(s) 2": 2, "Type(s) of Block(s) 3": null, "Type(s) of Block(s) 4": null, "Type(s) of Block(s) 5": null, "No. of Blocks": 3, "No. of Rental Flats": 1800, "Flat Size (m2)": "28.6 - 54.8", "Min Size": 28.6, "Max Size": 54.8, "Avr Size": 41.7, "Region Name EN": "NewTerritories", "Region Name SC": "新界", "Coordinate": "113.97811,22.38107", "Type of Estate EN 1": "Public Rental Housing", "Type of Estate SC": "租住屋邨", "CACODE": "L13", "Shape_Leng": 48576.37702, "Shape_Area": 36872846.98, "18_districts": "屯門區 ", "hk_islands": "110", "kowloon": 537, "new_towns": 576, "others": "168" }, "geometry": { "type": "Point", "coordinates": [ 113.97811, 22.38107 ] } },
{ "type": "Feature", "properties": { "Estate Name EN": "Yiu On Estate", "Estate Name SC": "耀安邨", "ENAME": "Yiu On", "CNAME": "耀安", "Estate Map Latitude": 22.41887, "Estate Map Longitude": 114.23029, "transactions": 4314, "Year of Intake 1": "1988", "Num of Type": 2, "Type(s) of Block(s) 1": 2, "Type(s) of Block(s) 2": 11, "Type(s) of Block(s) 3": null, "Type(s) of Block(s) 4": null, "Type(s) of Block(s) 5": null, "No. of Blocks": 7, "No. of Rental Flats": 500, "Flat Size (m2)": "15.9 - 72.3", "Min Size": 15.9, "Max Size": 72.3, "Avr Size": 44.1, "Region Name EN": "NewTerritories", "Region Name SC": "新界", "Coordinate": "114.23029,22.41887", "Type of Estate EN 1": "Tenants Purchase Scheme", "Type of Estate SC": "租者置其屋计划", "CACODE": "R33", "Shape_Leng": 1312.57063, "Shape_Area": 110530.2722, "18_districts": "沙田區 ", "hk_islands": "28", "kowloon": 227, "new_towns": 226, "others": "1" }, "geometry": { "type": "Point", "coordinates": [ 114.23029, 22.41887 ] } },
{ "type": "Feature", "properties": { "Estate Name EN": "Wing Cheong Estate", "Estate Name SC": "荣昌邨", "ENAME": "Fu Cheong", "CNAME": "富昌", "Estate Map Latitude": 22.32916, "Estate Map Longitude": 114.15537, "transactions": null, "Year of Intake 1": "2013", "Num of Type": 1, "Type(s) of Block(s) 1": 0, "Type(s) of Block(s) 2": null, "Type(s) of Block(s) 3": null, "Type(s) of Block(s) 4": null, "Type(s) of Block(s) 5": null, "No. of Blocks": 2, "No. of Rental Flats": 1500, "Flat Size (m2)": "14.5-41.63", "Min Size": 14.5, "Max Size": 41.63, "Avr Size": 28.065, "Region Name EN": "Kowloon", "Region Name SC": "九龙", "Coordinate": "114.15537,22.32916", "Type of Estate EN 1": "Public Rental Housing", "Type of Estate SC": "租住屋邨", "CACODE": "F09", "Shape_Leng": 2526.778144, "Shape_Area": 278934.6168, "18_districts": "深水埗區 ", "hk_islands": "309", "kowloon": 561, "new_towns": 1208, "others": "98" }, "geometry": { "type": "Point", "coordinates": [ 114.15537, 22.32916 ] } },
{ "type": "Feature", "properties": { "Estate Name EN": "Choi Yuen Estate", "Estate Name SC": "彩园邨", "ENAME": "Choi Yuen", "CNAME": "彩園", "Estate Map Latitude": 22.50167, "Estate Map Longitude": 114.12579, "transactions": null, "Year of Intake 1": "1982", "Num of Type": 2, "Type(s) of Block(s) 1": 2, "Type(s) of Block(s) 2": 11, "Type(s) of Block(s) 3": null, "Type(s) of Block(s) 4": null, "Type(s) of Block(s) 5": null, "No. of Blocks": 6, "No. of Rental Flats": 5100, "Flat Size (m2)": "23.1 - 67.5", "Min Size": 23.1, "Max Size": 67.5, "Avr Size": 45.3, "Region Name EN": "NewTerritories", "Region Name SC": "新界", "Coordinate": "114.12579,22.50167", "Type of Estate EN 1": "Public Rental Housing", "Type of Estate SC": "租住屋邨", "CACODE": "N12", "Shape_Leng": 1612.577855, "Shape_Area": 126477.6063, "18_districts": "北區 ", "hk_islands": "2", "kowloon": 39, "new_towns": 252, "others": "305" }, "geometry": { "type": "Point", "coordinates": [ 114.12579, 22.50167 ] } },
{ "type": "Feature", "properties": { "Estate Name EN": "Tai Ping Estate", "Estate Name SC": "太平邨", "ENAME": "Yu Tai", "CNAME": "御太", "Estate Map Latitude": 22.49797, "Estate Map Longitude": 114.12668, "transactions": 1365, "Year of Intake 1": "1989", "Num of Type": 1, "Type(s) of Block(s) 1": 4, "Type(s) of Block(s) 2": null, "Type(s) of Block(s) 3": null, "Type(s) of Block(s) 4": null, "Type(s) of Block(s) 5": null, "No. of Blocks": 4, "No. of Rental Flats": 100, "Flat Size (m2)": "46.1 - 73.7", "Min Size": 46.1, "Max Size": 73.7, "Avr Size": 59.9, "Region Name EN": "NewTerritories", "Region Name SC": "新界", "Coordinate": "114.12668,22.49797", "Type of Estate EN 1": "Tenants Purchase Scheme", "Type of Estate SC": "租者置其屋计划", "CACODE": "N10", "Shape_Leng": 14447.46547, "Shape_Area": 5627420.364, "18_districts": "北區 ", "hk_islands": "121", "kowloon": 356, "new_towns": 819, "others": "427" }, "geometry": { "type": "Point", "coordinates": [ 114.12668, 22.49797 ] } },
{ "type": "Feature", "properties": { "Estate Name EN": "Tin Ping Estate", "Estate Name SC": "天平邨", "ENAME": "Tin Ping West", "CNAME": "天平西", "Estate Map Latitude": 22.50348, "Estate Map Longitude": 114.13229, "transactions": 5224, "Year of Intake 1": "1986", "Num of Type": 2, "Type(s) of Block(s) 1": 2, "Type(s) of Block(s) 2": 11, "Type(s) of Block(s) 3": null, "Type(s) of Block(s) 4": null, "Type(s) of Block(s) 5": null, "No. of Blocks": 7, "No. of Rental Flats": 500, "Flat Size (m2)": "24.9 - 86.5", "Min Size": 24.9, "Max Size": 86.5, "Avr Size": 55.7, "Region Name EN": "NewTerritories", "Region Name SC": "新界", "Coordinate": "114.13229,22.50348", "Type of Estate EN 1": "Tenants Purchase Scheme", "Type of Estate SC": "租者置其屋计划", "CACODE": "N14", "Shape_Leng": 2791.278461, "Shape_Area": 212714.6338, "18_districts": "北區 ", "hk_islands": "43", "kowloon": 53, "new_towns": 106, "others": "62" }, "geometry": { "type": "Point", "coordinates": [ 114.13229, 22.50348 ] } },
{ "type": "Feature", "properties": { "Estate Name EN": "Wah Ming Estate", "Estate Name SC": "华明邨", "ENAME": "Wah Ming", "CNAME": "華明", "Estate Map Latitude": 22.48455, "Estate Map Longitude": 114.14015, "transactions": 4678, "Year of Intake 1": "1990", "Num of Type": 1, "Type(s) of Block(s) 1": 11, "Type(s) of Block(s) 2": null, "Type(s) of Block(s) 3": null, "Type(s) of Block(s) 4": null, "Type(s) of Block(s) 5": null, "No. of Blocks": 7, "No. of Rental Flats": 800, "Flat Size (m2)": "17.7 - 68.4", "Min Size": 17.7, "Max Size": 68.4, "Avr Size": 43.05, "Region Name EN": "NewTerritories", "Region Name SC": "新界", "Coordinate": "114.14015,22.48455", "Type of Estate EN 1": "Tenants Purchase Scheme", "Type of Estate SC": "租者置其屋计划", "CACODE": "N05", "Shape_Leng": 1334.07034, "Shape_Area": 98465.51726, "18_districts": "北區 ", "hk_islands": "11", "kowloon": 75, "new_towns": 89, "others": "40" }, "geometry": { "type": "Point", "coordinates": [ 114.14015, 22.48455 ] } },
{ "type": "Feature", "properties": { "Estate Name EN": "Wah Sum Estate", "Estate Name SC": "华心邨", "ENAME": "Wah Do", "CNAME": "華都", "Estate Map Latitude": 22.48584, "Estate Map Longitude": 114.14325, "transactions": null, "Year of Intake 1": "1995", "Num of Type": 1, "Type(s) of Block(s) 1": 1, "Type(s) of Block(s) 2": null, "Type(s) of Block(s) 3": null, "Type(s) of Block(s) 4": null, "Type(s) of Block(s) 5": null, "No. of Blocks": 2, "No. of Rental Flats": 1500, "Flat Size (m2)": "16.9 - 49.1", "Min Size": 16.9, "Max Size": 49.1, "Avr Size": 33.0, "Region Name EN": "NewTerritories", "Region Name SC": "新界", "Coordinate": "114.14325,22.48584", "Type of Estate EN 1": "Public Rental Housing", "Type of Estate SC": "租住屋邨", "CACODE": "N04", "Shape_Leng": 1578.097621, "Shape_Area": 131819.3128, "18_districts": "北區 ", "hk_islands": "16", "kowloon": 129, "new_towns": 480, "others": "127" }, "geometry": { "type": "Point", "coordinates": [ 114.14325, 22.48584 ] } },
{ "type": "Feature", "properties": { "Estate Name EN": "Yung Shing Court", "Estate Name SC": "雍盛苑", "ENAME": "Yan Shing", "CNAME": "欣盛", "Estate Map Latitude": 22.48264, "Estate Map Longitude": 114.13775, "transactions": null, "Year of Intake 1": "2000", "Num of Type": 2, "Type(s) of Block(s) 1": 1, "Type(s) of Block(s) 2": 0, "Type(s) of Block(s) 3": null, "Type(s) of Block(s) 4": null, "Type(s) of Block(s) 5": null, "No. of Blocks": 3, "No. of Rental Flats": 1700, "Flat Size (m2)": "16.4 - 52.1", "Min Size": 16.4, "Max Size": 52.1, "Avr Size": 34.25, "Region Name EN": "NewTerritories", "Region Name SC": "新界", "Coordinate": "114.13775,22.48264", "Type of Estate EN 1": "Public Rental Housing ", "Type of Estate SC": "租住屋邨/可租可买计划", "CACODE": "N06", "Shape_Leng": 10207.42813, "Shape_Area": 3071977.57, "18_districts": "北區 ", "hk_islands": "56", "kowloon": 178, "new_towns": 1130, "others": "324" }, "geometry": { "type": "Point", "coordinates": [ 114.13775, 22.48264 ] } },
{ "type": "Feature", "properties": { "Estate Name EN": "Ma Hang Estate", "Estate Name SC": "马坑邨", "ENAME": "Stanley & Shek O", "CNAME": "赤柱及石澳", "Estate Map Latitude": 22.22169, "Estate Map Longitude": 114.20701, "transactions": null, "Year of Intake 1": "1993", "Num of Type": 1, "Type(s) of Block(s) 1": 7, "Type(s) of Block(s) 2": null, "Type(s) of Block(s) 3": null, "Type(s) of Block(s) 4": null, "Type(s) of Block(s) 5": null, "No. of Blocks": 5, "No. of Rental Flats": 900, "Flat Size (m2)": "17.0 - 52.5", "Min Size": 17.0, "Max Size": 52.5, "Avr Size": 34.75, "Region Name EN": "HongKongIsland", "Region Name SC": "香港岛", "Coordinate": "114.20701,22.22169", "Type of Estate EN 1": "Public Rental Housing", "Type of Estate SC": "租住屋邨", "CACODE": "D17", "Shape_Leng": 36907.06881, "Shape_Area": 53472038.62, "18_districts": "南區 ", "hk_islands": "1942", "kowloon": 546, "new_towns": 448, "others": "139" }, "geometry": { "type": "Point", "coordinates": [ 114.20701, 22.22169 ] } },
{ "type": "Feature", "properties": { "Estate Name EN": "Shek Pai Wan Estate", "Estate Name SC": "石排湾邨", "ENAME": "Shek Yue", "CNAME": "石漁", "Estate Map Latitude": 22.24933, "Estate Map Longitude": 114.15726, "transactions": null, "Year of Intake 1": "2006", "Num of Type": 2, "Type(s) of Block(s) 1": 1, "Type(s) of Block(s) 2": 13, "Type(s) of Block(s) 3": null, "Type(s) of Block(s) 4": null, "Type(s) of Block(s) 5": null, "No. of Blocks": 8, "No. of Rental Flats": 5300, "Flat Size (m2)": "17.8 - 53.7", "Min Size": 17.8, "Max Size": 53.7, "Avr Size": 35.75, "Region Name EN": "HongKongIsland", "Region Name SC": "香港岛", "Coordinate": "114.15726,22.24933", "Type of Estate EN 1": "Public Rental Housing", "Type of Estate SC": "租住屋邨", "CACODE": "D14", "Shape_Leng": 1237.211883, "Shape_Area": 74689.86648, "18_districts": "南區 ", "hk_islands": "163", "kowloon": 86, "new_towns": 117, "others": "68" }, "geometry": { "type": "Point", "coordinates": [ 114.15726, 22.24933 ] } },
{ "type": "Feature", "properties": { "Estate Name EN": "Wah Fu (I) Estate", "Estate Name SC": "华富一邨", "ENAME": "Wah Fu South", "CNAME": "華富南", "Estate Map Latitude": 22.25017, "Estate Map Longitude": 114.13744, "transactions": null, "Year of Intake 1": "1967", "Num of Type": 1, "Type(s) of Block(s) 1": 2, "Type(s) of Block(s) 2": null, "Type(s) of Block(s) 3": null, "Type(s) of Block(s) 4": null, "Type(s) of Block(s) 5": null, "No. of Blocks": 12, "No. of Rental Flats": 4800, "Flat Size (m2)": "28.3 - 36.5", "Min Size": 28.3, "Max Size": 36.5, "Avr Size": 32.4, "Region Name EN": "HongKongIsland", "Region Name SC": "香港岛", "Coordinate": "114.13744,22.25017", "Type of Estate EN 1": "Public Rental Housing", "Type of Estate SC": "租住屋邨", "CACODE": "D09", "Shape_Leng": 3503.488086, "Shape_Area": 492250.0273, "18_districts": "南區 ", "hk_islands": "91", "kowloon": 136, "new_towns": 75, "others": "132" }, "geometry": { "type": "Point", "coordinates": [ 114.13744, 22.25017 ] } },
{ "type": "Feature", "properties": { "Estate Name EN": "Wah Fu (II) Estate", "Estate Name SC": "华富二邨", "ENAME": "Wah Fu North", "CNAME": "華富北", "Estate Map Latitude": 22.25139, "Estate Map Longitude": 114.13718, "transactions": null, "Year of Intake 1": "1970", "Num of Type": 1, "Type(s) of Block(s) 1": 15, "Type(s) of Block(s) 2": null, "Type(s) of Block(s) 3": null, "Type(s) of Block(s) 4": null, "Type(s) of Block(s) 5": null, "No. of Blocks": 6, "No. of Rental Flats": 4300, "Flat Size (m2)": "33.1 - 39.9", "Min Size": 33.1, "Max Size": 39.9, "Avr Size": 36.5, "Region Name EN": "HongKongIsland", "Region Name SC": "香港岛", "Coordinate": "114.13718,22.25139", "Type of Estate EN 1": "Public Rental Housing", "Type of Estate SC": "租住屋邨", "CACODE": "D10", "Shape_Leng": 2330.001161, "Shape_Area": 202953.2122, "18_districts": "南區 ", "hk_islands": "359", "kowloon": 148, "new_towns": 89, "others": "10" }, "geometry": { "type": "Point", "coordinates": [ 114.13718, 22.25139 ] } },
{ "type": "Feature", "properties": { "Estate Name EN": "Wah Kwai Estate", "Estate Name SC": "华贵邨", "ENAME": "Wah Kwai", "CNAME": "華貴", "Estate Map Latitude": 22.25011, "Estate Map Longitude": 114.14024, "transactions": 2955, "Year of Intake 1": "1990", "Num of Type": 2, "Type(s) of Block(s) 1": 13, "Type(s) of Block(s) 2": 11, "Type(s) of Block(s) 3": null, "Type(s) of Block(s) 4": null, "Type(s) of Block(s) 5": null, "No. of Blocks": 6, "No. of Rental Flats": 800, "Flat Size (m2)": "24.9 - 71.8", "Min Size": 24.9, "Max Size": 71.8, "Avr Size": 48.35, "Region Name EN": "HongKongIsland", "Region Name SC": "香港岛", "Coordinate": "114.14024,22.25011", "Type of Estate EN 1": "Tenants Purchase Scheme", "Type of Estate SC": "租者置其屋计划", "CACODE": "D08", "Shape_Leng": 4492.263095, "Shape_Area": 1007115.769, "18_districts": "南區 ", "hk_islands": "104", "kowloon": 26, "new_towns": 143, "others": "2" }, "geometry": { "type": "Point", "coordinates": [ 114.14024, 22.25011 ] } },
{ "type": "Feature", "properties": { "Estate Name EN": "Oi Man Estate", "Estate Name SC": "爱民邨", "ENAME": "Oi Chun", "CNAME": "愛俊", "Estate Map Latitude": 22.31313, "Estate Map Longitude": 114.17884, "transactions": null, "Year of Intake 1": "1974", "Num of Type": 1, "Type(s) of Block(s) 1": 2, "Type(s) of Block(s) 2": 3, "Type(s) of Block(s) 3": null, "Type(s) of Block(s) 4": null, "Type(s) of Block(s) 5": null, "No. of Blocks": 12, "No. of Rental Flats": 6300, "Flat Size (m2)": "33.2 - 54.9", "Min Size": 33.2, "Max Size": 54.9, "Avr Size": 44.05, "Region Name EN": "Kowloon", "Region Name SC": "九龙", "Coordinate": "114.17884,22.31313", "Type of Estate EN 1": "Public Rental Housing", "Type of Estate SC": "租住屋邨", "CACODE": "G25", "Shape_Leng": 1462.893913, "Shape_Area": 92207.25662, "18_districts": "九龍城區 ", "hk_islands": "97", "kowloon": 300, "new_towns": 233, "others": "33" }, "geometry": { "type": "Point", "coordinates": [ 114.17884, 22.31313 ] } },
{ "type": "Feature", "properties": { "Estate Name EN": "Hoi Fu Court", "Estate Name SC": "海富苑", "ENAME": "Fu Pak", "CNAME": "富柏", "Estate Map Latitude": 22.31686, "Estate Map Longitude": 114.16454, "transactions": null, "Year of Intake 1": "1999", "Num of Type": 3, "Type(s) of Block(s) 1": 1, "Type(s) of Block(s) 2": 17, "Type(s) of Block(s) 3": 13, "Type(s) of Block(s) 4": null, "Type(s) of Block(s) 5": null, "No. of Blocks": 5, "No. of Rental Flats": 2800, "Flat Size (m2)": "9.7 - 57.5", "Min Size": 9.7, "Max Size": 57.5, "Avr Size": 33.6, "Region Name EN": "Kowloon", "Region Name SC": "九龙", "Coordinate": "114.16454,22.31686", "Type of Estate EN 1": "Public Rental Housing ", "Type of Estate SC": "租住屋邨/可租可买计划", "CACODE": "E07", "Shape_Leng": 2273.354088, "Shape_Area": 222997.517, "18_districts": "油尖旺區 ", "hk_islands": "379", "kowloon": 319, "new_towns": 467, "others": "16" }, "geometry": { "type": "Point", "coordinates": [ 114.16454, 22.31686 ] } },
{ "type": "Feature", "properties": { "Estate Name EN": "Chai Wan Estate", "Estate Name SC": "柴湾邨", "ENAME": "Yue Wan", "CNAME": "漁灣", "Estate Map Latitude": 22.26364, "Estate Map Longitude": 114.24197, "transactions": null, "Year of Intake 1": "2010", "Num of Type": 1, "Type(s) of Block(s) 1": 0, "Type(s) of Block(s) 2": null, "Type(s) of Block(s) 3": null, "Type(s) of Block(s) 4": null, "Type(s) of Block(s) 5": null, "No. of Blocks": 2, "No. of Rental Flats": 1600, "Flat Size (m2)": "17.91 - 40.58", "Min Size": 17.91, "Max Size": 40.58, "Avr Size": 29.245, "Region Name EN": "HongKongIsland", "Region Name SC": "香港岛", "Coordinate": "114.24197,22.26364", "Type of Estate EN 1": "Public Rental Housing", "Type of Estate SC": "租住屋邨", "CACODE": "C34", "Shape_Leng": 2648.563801, "Shape_Area": 243563.0565, "18_districts": "東區 ", "hk_islands": "468", "kowloon": 679, "new_towns": 273, "others": "87" }, "geometry": { "type": "Point", "coordinates": [ 114.24197, 22.26364 ] } },
{ "type": "Feature", "properties": { "Estate Name EN": "Fung Wah Estate", "Estate Name SC": "峰华邨", "ENAME": "Fei Tsui", "CNAME": "翡翠", "Estate Map Latitude": 22.2611, "Estate Map Longitude": 114.23152, "transactions": 1022, "Year of Intake 1": "1991", "Num of Type": 1, "Type(s) of Block(s) 1": 11, "Type(s) of Block(s) 2": null, "Type(s) of Block(s) 3": null, "Type(s) of Block(s) 4": null, "Type(s) of Block(s) 5": null, "No. of Blocks": 2, "No. of Rental Flats": 300, "Flat Size (m2)": "45.8 - 87.9", "Min Size": 45.8, "Max Size": 87.9, "Avr Size": 66.85, "Region Name EN": "HongKongIsland", "Region Name SC": "香港岛", "Coordinate": "114.23152,22.2611", "Type of Estate EN 1": "Tenants Purchase Scheme", "Type of Estate SC": "租者置其屋计划", "CACODE": "C14", "Shape_Leng": 6917.980105, "Shape_Area": 1990901.76, "18_districts": "東區 ", "hk_islands": "356", "kowloon": 284, "new_towns": 197, "others": "120" }, "geometry": { "type": "Point", "coordinates": [ 114.23152, 22.2611 ] } },
{ "type": "Feature", "properties": { "Estate Name EN": "Hing Man Estate", "Estate Name SC": "兴民邨", "ENAME": "Hing Man", "CNAME": "興民", "Estate Map Latitude": 22.26646, "Estate Map Longitude": 114.23257, "transactions": null, "Year of Intake 1": "1982", "Num of Type": 1, "Type(s) of Block(s) 1": 14, "Type(s) of Block(s) 2": null, "Type(s) of Block(s) 3": null, "Type(s) of Block(s) 4": null, "Type(s) of Block(s) 5": null, "No. of Blocks": 3, "No. of Rental Flats": 2000, "Flat Size (m2)": "24.7 - 51.4", "Min Size": 24.7, "Max Size": 51.4, "Avr Size": 38.05, "Region Name EN": "HongKongIsland", "Region Name SC": "香港岛", "Coordinate": "114.23257,22.26646", "Type of Estate EN 1": "Public Rental Housing", "Type of Estate SC": "租住屋邨", "CACODE": "C31", "Shape_Leng": 5546.867196, "Shape_Area": 862525.0166, "18_districts": "東區 ", "hk_islands": "147", "kowloon": 155, "new_towns": 212, "others": "48" }, "geometry": { "type": "Point", "coordinates": [ 114.23257, 22.26646 ] } },
{ "type": "Feature", "properties": { "Estate Name EN": "Cheung Wah Estate", "Estate Name SC": "祥华邨", "ENAME": "Cheung Wah", "CNAME": "祥華", "Estate Map Latitude": 22.49219, "Estate Map Longitude": 114.1419, "transactions": 4188, "Year of Intake 1": "1984", "Num of Type": 3, "Type(s) of Block(s) 1": 12, "Type(s) of Block(s) 2": 2, "Type(s) of Block(s) 3": 11, "Type(s) of Block(s) 4": null, "Type(s) of Block(s) 5": null, "No. of Blocks": 10, "No. of Rental Flats": 900, "Flat Size (m2)": "18.2 - 58.0", "Min Size": 18.2, "Max Size": 58.0, "Avr Size": 38.1, "Region Name EN": "NewTerritories", "Region Name SC": "新界", "Coordinate": "114.1419,22.49219", "Type of Estate EN 1": "Tenants Purchase Scheme", "Type of Estate SC": "租者置其屋计划", "CACODE": "N03", "Shape_Leng": 2025.985939, "Shape_Area": 181161.9705, "18_districts": "北區 ", "hk_islands": "41", "kowloon": 308, "new_towns": 243, "others": "44" }, "geometry": { "type": "Point", "coordinates": [ 114.1419, 22.49219 ] } },
{ "type": "Feature", "properties": { "Estate Name EN": "Tai Wo Estate", "Estate Name SC": "太和邨", "ENAME": "Tai Wo", "CNAME": "太和", "Estate Map Latitude": 22.45201, "Estate Map Longitude": 114.16259, "transactions": 5988, "Year of Intake 1": "1989", "Num of Type": 2, "Type(s) of Block(s) 1": 2, "Type(s) of Block(s) 2": 11, "Type(s) of Block(s) 3": null, "Type(s) of Block(s) 4": null, "Type(s) of Block(s) 5": null, "No. of Blocks": 9, "No. of Rental Flats": 1000, "Flat Size (m2)": "14.6 - 63.7", "Min Size": 14.6, "Max Size": 63.7, "Avr Size": 39.15, "Region Name EN": "NewTerritories", "Region Name SC": "新界", "Coordinate": "114.16259,22.45201", "Type of Estate EN 1": "Tenants Purchase Scheme", "Type of Estate SC": "租者置其屋计划", "CACODE": "P15", "Shape_Leng": 1603.909473, "Shape_Area": 123207.4852, "18_districts": "大埔區 ", "hk_islands": "5", "kowloon": 83, "new_towns": 118, "others": "14" }, "geometry": { "type": "Point", "coordinates": [ 114.16259, 22.45201 ] } },
{ "type": "Feature", "properties": { "Estate Name EN": "Choi Ming Court", "Estate Name SC": "彩明苑", "ENAME": "Choi Kin", "CNAME": "彩健", "Estate Map Latitude": 22.30682, "Estate Map Longitude": 114.25311, "transactions": null, "Year of Intake 1": "2001", "Num of Type": 2, "Type(s) of Block(s) 1": 1, "Type(s) of Block(s) 2": 13, "Type(s) of Block(s) 3": null, "Type(s) of Block(s) 4": null, "Type(s) of Block(s) 5": null, "No. of Blocks": 4, "No. of Rental Flats": 2800, "Flat Size (m2)": "16.3 - 49.0", "Min Size": 16.3, "Max Size": 49.0, "Avr Size": 32.65, "Region Name EN": "NewTerritories", "Region Name SC": "新界", "Coordinate": "114.25311,22.30682", "Type of Estate EN 1": "Public Rental Housing ", "Type of Estate SC": "租住屋邨/可租可买计划", "CACODE": "Q06", "Shape_Leng": 1950.224369, "Shape_Area": 157711.8618, "18_districts": "西貢區 ", "hk_islands": "54", "kowloon": 239, "new_towns": 85, "others": "51" }, "geometry": { "type": "Point", "coordinates": [ 114.25311, 22.30682 ] } },
{ "type": "Feature", "properties": { "Estate Name EN": "Wan Tau Tong Estate", "Estate Name SC": "运头塘邨", "ENAME": "Wan Tau Tong", "CNAME": "運頭塘", "Estate Map Latitude": 22.44275, "Estate Map Longitude": 114.16876, "transactions": 2357, "Year of Intake 1": "1991", "Num of Type": 1, "Type(s) of Block(s) 1": 11, "Type(s) of Block(s) 2": null, "Type(s) of Block(s) 3": null, "Type(s) of Block(s) 4": null, "Type(s) of Block(s) 5": null, "No. of Blocks": 3, "No. of Rental Flats": 400, "Flat Size (m2)": "18.0 - 64.5", "Min Size": 18.0, "Max Size": 64.5, "Avr Size": 41.25, "Region Name EN": "NewTerritories", "Region Name SC": "新界", "Coordinate": "114.16876,22.44275", "Type of Estate EN 1": "Tenants Purchase Scheme", "Type of Estate SC": "租者置其屋计划", "CACODE": "P11", "Shape_Leng": 1737.092474, "Shape_Area": 123267.3115, "18_districts": "大埔區 ", "hk_islands": "57", "kowloon": 67, "new_towns": 208, "others": "--" }, "geometry": { "type": "Point", "coordinates": [ 114.16876, 22.44275 ] } },
{ "type": "Feature", "properties": { "Estate Name EN": "Choi Wan (I) Estate", "Estate Name SC": "彩云一邨", "ENAME": "Choi Wan South", "CNAME": "彩雲南", "Estate Map Latitude": 22.33301, "Estate Map Longitude": 114.21512, "transactions": null, "Year of Intake 1": "1979", "Num of Type": 3, "Type(s) of Block(s) 1": 12, "Type(s) of Block(s) 2": 2, "Type(s) of Block(s) 3": 12, "Type(s) of Block(s) 4": null, "Type(s) of Block(s) 5": null, "No. of Blocks": 16, "No. of Rental Flats": 5900, "Flat Size (m2)": "28.6 - 67.9", "Min Size": 28.6, "Max Size": 67.9, "Avr Size": 48.25, "Region Name EN": "Kowloon", "Region Name SC": "九龙", "Coordinate": "114.21512,22.33301", "Type of Estate EN 1": "Public Rental Housing", "Type of Estate SC": "租住屋邨", "CACODE": "H22", "Shape_Leng": 1398.049908, "Shape_Area": 80770.97229000001, "18_districts": "黃大仙區 ", "hk_islands": "36", "kowloon": 721, "new_towns": 234, "others": "45" }, "geometry": { "type": "Point", "coordinates": [ 114.21512, 22.33301 ] } },
{ "type": "Feature", "properties": { "Estate Name EN": "Chuk Yuen (North) Estate", "Estate Name SC": "竹园北邨", "ENAME": "Chuk Yuen North", "CNAME": "竹園北", "Estate Map Latitude": 22.34581, "Estate Map Longitude": 114.19293, "transactions": 6034, "Year of Intake 1": "1987", "Num of Type": 1, "Type(s) of Block(s) 1": 11, "Type(s) of Block(s) 2": null, "Type(s) of Block(s) 3": null, "Type(s) of Block(s) 4": null, "Type(s) of Block(s) 5": null, "No. of Blocks": 8, "No. of Rental Flats": 800, "Flat Size (m2)": "17.7 - 63.6", "Min Size": 17.7, "Max Size": 63.6, "Avr Size": 40.65, "Region Name EN": "Kowloon", "Region Name SC": "九龙", "Coordinate": "114.19293,22.34581", "Type of Estate EN 1": "Tenants Purchase Scheme", "Type of Estate SC": "租者置其屋计划", "CACODE": "H15", "Shape_Leng": 2426.399275, "Shape_Area": 261514.8288, "18_districts": "黃大仙區 ", "hk_islands": "45", "kowloon": 87, "new_towns": 110, "others": "25" }, "geometry": { "type": "Point", "coordinates": [ 114.19293, 22.34581 ] } },
{ "type": "Feature", "properties": { "Estate Name EN": "Chuk Yuen South Estate", "Estate Name SC": "竹园南邨", "ENAME": "Chuk Yuen South", "CNAME": "竹園南", "Estate Map Latitude": 22.34463, "Estate Map Longitude": 114.19064, "transactions": null, "Year of Intake 1": "1984", "Num of Type": 3, "Type(s) of Block(s) 1": 12, "Type(s) of Block(s) 2": 2, "Type(s) of Block(s) 3": 3, "Type(s) of Block(s) 4": null, "Type(s) of Block(s) 5": null, "No. of Blocks": 8, "No. of Rental Flats": 6200, "Flat Size (m2)": "11.5 - 64.0", "Min Size": 11.5, "Max Size": 64.0, "Avr Size": 37.75, "Region Name EN": "Kowloon", "Region Name SC": "九龙", "Coordinate": "114.19064,22.34463", "Type of Estate EN 1": "Public Rental Housing", "Type of Estate SC": "租住屋邨", "CACODE": "H14", "Shape_Leng": 2203.993379, "Shape_Area": 134684.609, "18_districts": "黃大仙區 ", "hk_islands": "34", "kowloon": 541, "new_towns": 230, "others": "23" }, "geometry": { "type": "Point", "coordinates": [ 114.19064, 22.34463 ] } },
{ "type": "Feature", "properties": { "Estate Name EN": "Lower Wong Tai Sin (2) Estate", "Estate Name SC": "黄大仙下二邨", "ENAME": "Lung Sheung", "CNAME": "龍上", "Estate Map Latitude": 22.33989, "Estate Map Longitude": 114.19119, "transactions": null, "Year of Intake 1": "1982", "Num of Type": 3, "Type(s) of Block(s) 1": 12, "Type(s) of Block(s) 2": 1, "Type(s) of Block(s) 3": 2, "Type(s) of Block(s) 4": null, "Type(s) of Block(s) 5": null, "No. of Blocks": 15, "No. of Rental Flats": 6700, "Flat Size (m2)": "13.5 - 59.4", "Min Size": 13.5, "Max Size": 59.4, "Avr Size": 36.45, "Region Name EN": "Kowloon", "Region Name SC": "九龙", "Coordinate": "114.19119,22.33989", "Type of Estate EN 1": "Public Rental Housing", "Type of Estate SC": "租住屋邨", "CACODE": "H03", "Shape_Leng": 3415.960957, "Shape_Area": 321483.6935, "18_districts": "黃大仙區 ", "hk_islands": "38", "kowloon": 437, "new_towns": 229, "others": "48" }, "geometry": { "type": "Point", "coordinates": [ 114.19119, 22.33989 ] } },
{ "type": "Feature", "properties": { "Estate Name EN": "Kin Ming Estate", "Estate Name SC": "健明邨", "ENAME": "Kin Ming", "CNAME": "健明", "Estate Map Latitude": 22.30644, "Estate Map Longitude": 114.25094, "transactions": null, "Year of Intake 1": "2003", "Num of Type": 1, "Type(s) of Block(s) 1": 1, "Type(s) of Block(s) 2": null, "Type(s) of Block(s) 3": null, "Type(s) of Block(s) 4": null, "Type(s) of Block(s) 5": null, "No. of Blocks": 10, "No. of Rental Flats": 7000, "Flat Size (m2)": "17.4 - 49.1", "Min Size": 17.4, "Max Size": 49.1, "Avr Size": 33.25, "Region Name EN": "NewTerritories", "Region Name SC": "新界", "Coordinate": "114.25094,22.30644", "Type of Estate EN 1": "Public Rental Housing", "Type of Estate SC": "租住屋邨", "CACODE": "Q07", "Shape_Leng": 1556.131052, "Shape_Area": 102928.8422, "18_districts": "西貢區 ", "hk_islands": "188", "kowloon": 181, "new_towns": 362, "others": "49" }, "geometry": { "type": "Point", "coordinates": [ 114.25094, 22.30644 ] } },
{ "type": "Feature", "properties": { "Estate Name EN": "Fung Tak Estate", "Estate Name SC": "凤德邨", "ENAME": "Fung Tak", "CNAME": "鳳德", "Estate Map Latitude": 22.34489, "Estate Map Longitude": 114.20121, "transactions": 4566, "Year of Intake 1": "1991", "Num of Type": 2, "Type(s) of Block(s) 1": 2, "Type(s) of Block(s) 2": 11, "Type(s) of Block(s) 3": null, "Type(s) of Block(s) 4": null, "Type(s) of Block(s) 5": null, "No. of Blocks": 7, "No. of Rental Flats": 800, "Flat Size (m2)": "15.3 - 71.8", "Min Size": 15.3, "Max Size": 71.8, "Avr Size": 43.55, "Region Name EN": "Kowloon", "Region Name SC": "九龙", "Coordinate": "114.20121,22.34489", "Type of Estate EN 1": "Tenants Purchase Scheme", "Type of Estate SC": "租者置其屋计划", "CACODE": "H05", "Shape_Leng": 1420.566822, "Shape_Area": 111076.9728, "18_districts": "黃大仙區 ", "hk_islands": "76", "kowloon": 169, "new_towns": 86, "others": "--" }, "geometry": { "type": "Point", "coordinates": [ 114.20121, 22.34489 ] } },
{ "type": "Feature", "properties": { "Estate Name EN": "King Lam Estate", "Estate Name SC": "景林邨", "ENAME": "King Lam", "CNAME": "景林", "Estate Map Latitude": 22.31986, "Estate Map Longitude": 114.26158, "transactions": 4274, "Year of Intake 1": "1990", "Num of Type": 2, "Type(s) of Block(s) 1": 2, "Type(s) of Block(s) 2": 11, "Type(s) of Block(s) 3": null, "Type(s) of Block(s) 4": null, "Type(s) of Block(s) 5": null, "No. of Blocks": 7, "No. of Rental Flats": 1000, "Flat Size (m2)": "18.3 - 65.2", "Min Size": 18.3, "Max Size": 65.2, "Avr Size": 41.75, "Region Name EN": "NewTerritories", "Region Name SC": "新界", "Coordinate": "114.26158,22.31986", "Type of Estate EN 1": "Tenants Purchase Scheme", "Type of Estate SC": "租者置其屋计划", "CACODE": "Q22", "Shape_Leng": 1503.7351, "Shape_Area": 134893.4421, "18_districts": "西貢區 ", "hk_islands": "34", "kowloon": 141, "new_towns": 219, "others": "40" }, "geometry": { "type": "Point", "coordinates": [ 114.26158, 22.31986 ] } },
{ "type": "Feature", "properties": { "Estate Name EN": "Lok Fu Estate", "Estate Name SC": "乐富邨", "ENAME": "Lok Fu", "CNAME": "樂富", "Estate Map Latitude": 22.33818, "Estate Map Longitude": 114.18666, "transactions": null, "Year of Intake 1": "1984", "Num of Type": 3, "Type(s) of Block(s) 1": 1, "Type(s) of Block(s) 2": 4, "Type(s) of Block(s) 3": 2, "Type(s) of Block(s) 4": null, "Type(s) of Block(s) 5": null, "No. of Blocks": 11, "No. of Rental Flats": 3700, "Flat Size (m2)": "12.2 - 57.7", "Min Size": 12.2, "Max Size": 57.7, "Avr Size": 34.95, "Region Name EN": "Kowloon", "Region Name SC": "九龙", "Coordinate": "114.18666,22.33818", "Type of Estate EN 1": "Public Rental Housing", "Type of Estate SC": "租住屋邨", "CACODE": "H10", "Shape_Leng": 2008.749958, "Shape_Area": 175553.4982, "18_districts": "黃大仙區 ", "hk_islands": "22", "kowloon": 717, "new_towns": 223, "others": "101" }, "geometry": { "type": "Point", "coordinates": [ 114.18666, 22.33818 ] } },
{ "type": "Feature", "properties": { "Estate Name EN": "Yau Oi Estate", "Estate Name SC": "友爱邨", "ENAME": "Yau Oi South", "CNAME": "友愛南", "Estate Map Latitude": 22.38828, "Estate Map Longitude": 113.97354, "transactions": null, "Year of Intake 1": "1980", "Num of Type": 4, "Type(s) of Block(s) 1": 12, "Type(s) of Block(s) 2": 2, "Type(s) of Block(s) 3": 11, "Type(s) of Block(s) 4": 3, "Type(s) of Block(s) 5": null, "No. of Blocks": 11, "No. of Rental Flats": 9200, "Flat Size (m2)": "23.2 - 67.9", "Min Size": 23.2, "Max Size": 67.9, "Avr Size": 45.55, "Region Name EN": "NewTerritories", "Region Name SC": "新界", "Coordinate": "113.97354,22.38828", "Type of Estate EN 1": "Public Rental Housing", "Type of Estate SC": "租住屋邨", "CACODE": "L05", "Shape_Leng": 1255.140065, "Shape_Area": 86292.06908, "18_districts": "屯門區 ", "hk_islands": "10", "kowloon": 22, "new_towns": 303, "others": "218" }, "geometry": { "type": "Point", "coordinates": [ 113.97354, 22.38828 ] } },
{ "type": "Feature", "properties": { "Estate Name EN": "Shin Ming Estate", "Estate Name SC": "善明邨", "ENAME": "Do Shin", "CNAME": "都善", "Estate Map Latitude": 22.30371, "Estate Map Longitude": 114.24983, "transactions": null, "Year of Intake 1": "2011", "Num of Type": 1, "Type(s) of Block(s) 1": 0, "Type(s) of Block(s) 2": null, "Type(s) of Block(s) 3": null, "Type(s) of Block(s) 4": null, "Type(s) of Block(s) 5": null, "No. of Blocks": 2, "No. of Rental Flats": 2000, "Flat Size (m2)": "14.05 - 39.10", "Min Size": 14.05, "Max Size": 39.1, "Avr Size": 26.575, "Region Name EN": "NewTerritories", "Region Name SC": "新界", "Coordinate": "114.24983,22.30371", "Type of Estate EN 1": "Public Rental Housing", "Type of Estate SC": "租住屋邨", "CACODE": "Q08", "Shape_Leng": 1272.263772, "Shape_Area": 82003.75021, "18_districts": "西貢區 ", "hk_islands": "587", "kowloon": 1036, "new_towns": 324, "others": "55" }, "geometry": { "type": "Point", "coordinates": [ 114.24983, 22.30371 ] } },
{ "type": "Feature", "properties": { "Estate Name EN": "Tin King Estate", "Estate Name SC": "田景邨", "ENAME": "Tin King", "CNAME": "田景", "Estate Map Latitude": 22.40587, "Estate Map Longitude": 113.96399, "transactions": 2841, "Year of Intake 1": "1989", "Num of Type": 2, "Type(s) of Block(s) 1": 2, "Type(s) of Block(s) 2": 11, "Type(s) of Block(s) 3": null, "Type(s) of Block(s) 4": null, "Type(s) of Block(s) 5": null, "No. of Blocks": 4, "No. of Rental Flats": 400, "Flat Size (m2)": "40.8 - 68.2", "Min Size": 40.8, "Max Size": 68.2, "Avr Size": 54.5, "Region Name EN": "NewTerritories", "Region Name SC": "新界", "Coordinate": "113.96399,22.40587", "Type of Estate EN 1": "Tenants Purchase Scheme", "Type of Estate SC": "租者置其屋计划", "CACODE": "L24", "Shape_Leng": 1393.049373, "Shape_Area": 86606.21532, "18_districts": "屯門區 ", "hk_islands": "29", "kowloon": 10, "new_towns": 139, "others": "47" }, "geometry": { "type": "Point", "coordinates": [ 113.96399, 22.40587 ] } },
{ "type": "Feature", "properties": { "Estate Name EN": "Tai Wo Hau Estate", "Estate Name SC": "大窝口邨", "ENAME": "Lower Tai Wo Hau", "CNAME": "下大窩口", "Estate Map Latitude": 22.36743, "Estate Map Longitude": 114.12551, "transactions": null, "Year of Intake 1": "1979", "Num of Type": 3, "Type(s) of Block(s) 1": 12, "Type(s) of Block(s) 2": 1, "Type(s) of Block(s) 3": 4, "Type(s) of Block(s) 4": null, "Type(s) of Block(s) 5": null, "No. of Blocks": 17, "No. of Rental Flats": 7900, "Flat Size (m2)": "16.4 - 68.4", "Min Size": 16.4, "Max Size": 68.4, "Avr Size": 42.4, "Region Name EN": "NewTerritories", "Region Name SC": "新界", "Coordinate": "114.12551,22.36743", "Type of Estate EN 1": "Public Rental Housing", "Type of Estate SC": "租住屋邨", "CACODE": "S05", "Shape_Leng": 1584.453998, "Shape_Area": 89649.9994, "18_districts": "葵青區 ", "hk_islands": "261", "kowloon": 238, "new_towns": 368, "others": "56" }, "geometry": { "type": "Point", "coordinates": [ 114.12551, 22.36743 ] } },
{ "type": "Feature", "properties": { "Estate Name EN": "Lung Hang Estate", "Estate Name SC": "隆亨邨", "ENAME": "Tin Sum", "CNAME": "田心", "Estate Map Latitude": 22.36524, "Estate Map Longitude": 114.17843, "transactions": null, "Year of Intake 1": "1983", "Num of Type": 3, "Type(s) of Block(s) 1": 12, "Type(s) of Block(s) 2": 2, "Type(s) of Block(s) 3": 3, "Type(s) of Block(s) 4": null, "Type(s) of Block(s) 5": null, "No. of Blocks": 6, "No. of Rental Flats": 4400, "Flat Size (m2)": "11.0 - 60.8", "Min Size": 11.0, "Max Size": 60.8, "Avr Size": 35.9, "Region Name EN": "NewTerritories", "Region Name SC": "新界", "Coordinate": "114.17843,22.36524", "Type of Estate EN 1": "Public Rental Housing", "Type of Estate SC": "租住屋邨", "CACODE": "R18", "Shape_Leng": 2508.084553, "Shape_Area": 185344.5764, "18_districts": "沙田區 ", "hk_islands": "30", "kowloon": 220, "new_towns": 331, "others": "15" }, "geometry": { "type": "Point", "coordinates": [ 114.17843, 22.36524 ] } },
{ "type": "Feature", "properties": { "Estate Name EN": "Wah Lai Estate", "Estate Name SC": "华荔邨", "ENAME": "Lai Wah", "CNAME": "荔華", "Estate Map Latitude": 22.34257, "Estate Map Longitude": 114.13754, "transactions": null, "Year of Intake 1": "2001", "Num of Type": 1, "Type(s) of Block(s) 1": 1, "Type(s) of Block(s) 2": null, "Type(s) of Block(s) 3": null, "Type(s) of Block(s) 4": null, "Type(s) of Block(s) 5": null, "No. of Blocks": 2, "No. of Rental Flats": 1400, "Flat Size (m2)": "13.5 - 43.3", "Min Size": 13.5, "Max Size": 43.3, "Avr Size": 28.4, "Region Name EN": "NewTerritories", "Region Name SC": "新界", "Coordinate": "114.13754,22.34257", "Type of Estate EN 1": "Public Rental Housing", "Type of Estate SC": "租住屋邨", "CACODE": "S17", "Shape_Leng": 8495.322885, "Shape_Area": 1463492.128, "18_districts": "葵青區 ", "hk_islands": "41", "kowloon": 760, "new_towns": 512, "others": "16" }, "geometry": { "type": "Point", "coordinates": [ 114.13754, 22.34257 ] } },
{ "type": "Feature", "properties": { "Estate Name EN": "Tsing Yi Estate", "Estate Name SC": "青衣邨", "ENAME": "Tsing Yi Estate", "CNAME": "青衣?", "Estate Map Latitude": 22.35465, "Estate Map Longitude": 114.1028, "transactions": 2866, "Year of Intake 1": "1986", "Num of Type": 1, "Type(s) of Block(s) 1": 11, "Type(s) of Block(s) 2": null, "Type(s) of Block(s) 3": null, "Type(s) of Block(s) 4": null, "Type(s) of Block(s) 5": null, "No. of Blocks": 4, "No. of Rental Flats": 400, "Flat Size (m2)": "18.3 - 68.2", "Min Size": 18.3, "Max Size": 68.2, "Avr Size": 43.25, "Region Name EN": "NewTerritories", "Region Name SC": "新界", "Coordinate": "114.1028,22.35465", "Type of Estate EN 1": "Tenants Purchase Scheme", "Type of Estate SC": "租者置其屋计划", "CACODE": "S23", "Shape_Leng": 2196.032731, "Shape_Area": 143690.991, "18_districts": "葵青區 ", "hk_islands": "50", "kowloon": 279, "new_towns": 263, "others": "1" }, "geometry": { "type": "Point", "coordinates": [ 114.1028, 22.35465 ] } },
{ "type": "Feature", "properties": { "Estate Name EN": "Kwai Hing Estate", "Estate Name SC": "葵兴邨", "ENAME": "Kwai Hing", "CNAME": "葵興", "Estate Map Latitude": 22.36625, "Estate Map Longitude": 114.13261, "transactions": 1341, "Year of Intake 1": "1991", "Num of Type": 1, "Type(s) of Block(s) 1": 4, "Type(s) of Block(s) 2": null, "Type(s) of Block(s) 3": null, "Type(s) of Block(s) 4": null, "Type(s) of Block(s) 5": null, "No. of Blocks": 4, "No. of Rental Flats": 200, "Flat Size (m2)": "18.9 - 74.3", "Min Size": 18.9, "Max Size": 74.3, "Avr Size": 46.6, "Region Name EN": "NewTerritories", "Region Name SC": "新界", "Coordinate": "114.13261,22.36625", "Type of Estate EN 1": "Tenants Purchase Scheme", "Type of Estate SC": "租者置其屋计划", "CACODE": "S01", "Shape_Leng": 1511.047489, "Shape_Area": 88556.35057, "18_districts": "葵青區 ", "hk_islands": "240", "kowloon": 265, "new_towns": 245, "others": "17" }, "geometry": { "type": "Point", "coordinates": [ 114.13261, 22.36625 ] } },
{ "type": "Feature", "properties": { "Estate Name EN": "Mei Lam Estate", "Estate Name SC": "美林邨", "ENAME": "Tai Wai", "CNAME": "大圍", "Estate Map Latitude": 22.37777, "Estate Map Longitude": 114.17732, "transactions": null, "Year of Intake 1": "1981", "Num of Type": 3, "Type(s) of Block(s) 1": 16, "Type(s) of Block(s) 2": 2, "Type(s) of Block(s) 3": 11, "Type(s) of Block(s) 4": null, "Type(s) of Block(s) 5": null, "No. of Blocks": 4, "No. of Rental Flats": 4100, "Flat Size (m2)": "10.8 - 64.7", "Min Size": 10.8, "Max Size": 64.7, "Avr Size": 37.75, "Region Name EN": "NewTerritories", "Region Name SC": "新界", "Coordinate": "114.17732,22.37777", "Type of Estate EN 1": "Public Rental Housing", "Type of Estate SC": "租住屋邨", "CACODE": "R20", "Shape_Leng": 2252.360219, "Shape_Area": 275314.1814, "18_districts": "沙田區 ", "hk_islands": "133", "kowloon": 449, "new_towns": 837, "others": "89" }, "geometry": { "type": "Point", "coordinates": [ 114.17732, 22.37777 ] } },
{ "type": "Feature", "properties": { "Estate Name EN": "Shek Lei (II) Estate", "Estate Name SC": "石篱二邨", "ENAME": "Tai Pak Tin East", "CNAME": "大白田東", "Estate Map Latitude": 22.36752, "Estate Map Longitude": 114.1408, "transactions": null, "Year of Intake 1": "1994", "Num of Type": 3, "Type(s) of Block(s) 1": 1, "Type(s) of Block(s) 2": 1, "Type(s) of Block(s) 3": 13, "Type(s) of Block(s) 4": null, "Type(s) of Block(s) 5": null, "No. of Blocks": 12, "No. of Rental Flats": 8400, "Flat Size (m2)": "14.16 - 49.3", "Min Size": 14.16, "Max Size": 49.3, "Avr Size": 31.73, "Region Name EN": "NewTerritories", "Region Name SC": "新界", "Coordinate": "114.1408,22.36752", "Type of Estate EN 1": "Public Rental Housing ", "Type of Estate SC": "租住屋邨/中转房屋", "CACODE": "S10", "Shape_Leng": 1622.234705, "Shape_Area": 85429.23811000001, "18_districts": "葵青區 ", "hk_islands": "160", "kowloon": 398, "new_towns": 605, "others": "60" }, "geometry": { "type": "Point", "coordinates": [ 114.1408, 22.36752 ] } },
{ "type": "Feature", "properties": { "Estate Name EN": "Fu Tai Estate", "Estate Name SC": "富泰邨", "ENAME": "Fu Tai", "CNAME": "富泰", "Estate Map Latitude": 22.41336, "Estate Map Longitude": 113.98469, "transactions": null, "Year of Intake 1": "2000", "Num of Type": 3, "Type(s) of Block(s) 1": 8, "Type(s) of Block(s) 2": 1, "Type(s) of Block(s) 3": 5, "Type(s) of Block(s) 4": null, "Type(s) of Block(s) 5": null, "No. of Blocks": 12, "No. of Rental Flats": 5100, "Flat Size (m2)": "16.3 - 53.1", "Min Size": 16.3, "Max Size": 53.1, "Avr Size": 34.7, "Region Name EN": "NewTerritories", "Region Name SC": "新界", "Coordinate": "113.98469,22.41336", "Type of Estate EN 1": "Public Rental Housing", "Type of Estate SC": "租住屋邨", "CACODE": "L30", "Shape_Leng": 7286.086426, "Shape_Area": 944842.8353, "18_districts": "屯門區 ", "hk_islands": "83", "kowloon": 124, "new_towns": 387, "others": "109" }, "geometry": { "type": "Point", "coordinates": [ 113.98469, 22.41336 ] } },
{ "type": "Feature", "properties": { "Estate Name EN": "Kin Sang Estate", "Estate Name SC": "建生邨", "ENAME": "Kin Sang", "CNAME": "建生", "Estate Map Latitude": 22.40605, "Estate Map Longitude": 113.96994, "transactions": 2382, "Year of Intake 1": "1989", "Num of Type": 1, "Type(s) of Block(s) 1": 11, "Type(s) of Block(s) 2": null, "Type(s) of Block(s) 3": null, "Type(s) of Block(s) 4": null, "Type(s) of Block(s) 5": null, "No. of Blocks": 4, "No. of Rental Flats": 300, "Flat Size (m2)": "25.0 - 71.9", "Min Size": 25.0, "Max Size": 71.9, "Avr Size": 48.45, "Region Name EN": "NewTerritories", "Region Name SC": "新界", "Coordinate": "113.96994,22.40605", "Type of Estate EN 1": "Tenants Purchase Scheme", "Type of Estate SC": "租者置其屋计划", "CACODE": "L26", "Shape_Leng": 1901.153542, "Shape_Area": 175599.9843, "18_districts": "屯門區 ", "hk_islands": "166", "kowloon": 185, "new_towns": 555, "others": "87" }, "geometry": { "type": "Point", "coordinates": [ 113.96994, 22.40605 ] } },
{ "type": "Feature", "properties": { "Estate Name EN": "Leung King Estate", "Estate Name SC": "良景邨", "ENAME": "Leung King", "CNAME": "良景", "Estate Map Latitude": 22.40756, "Estate Map Longitude": 113.96332, "transactions": 5382, "Year of Intake 1": "1988", "Num of Type": 2, "Type(s) of Block(s) 1": 2, "Type(s) of Block(s) 2": 11, "Type(s) of Block(s) 3": null, "Type(s) of Block(s) 4": null, "Type(s) of Block(s) 5": null, "No. of Blocks": 8, "No. of Rental Flats": 1500, "Flat Size (m2)": "18.5 - 87.1", "Min Size": 18.5, "Max Size": 87.1, "Avr Size": 52.8, "Region Name EN": "NewTerritories", "Region Name SC": "新界", "Coordinate": "113.96332,22.40756", "Type of Estate EN 1": "Tenants Purchase Scheme", "Type of Estate SC": "租者置其屋计划", "CACODE": "L23", "Shape_Leng": 1742.29139, "Shape_Area": 118660.7555, "18_districts": "屯門區 ", "hk_islands": "6", "kowloon": 121, "new_towns": 115, "others": "1" }, "geometry": { "type": "Point", "coordinates": [ 113.96332, 22.40756 ] } },
{ "type": "Feature", "properties": { "Estate Name EN": "Sha Kok Estate", "Estate Name SC": "沙角邨", "ENAME": "Sha Kok", "CNAME": "沙角", "Estate Map Latitude": 22.3778, "Estate Map Longitude": 114.19328, "transactions": null, "Year of Intake 1": "1980", "Num of Type": 2, "Type(s) of Block(s) 1": 2, "Type(s) of Block(s) 2": 11, "Type(s) of Block(s) 3": null, "Type(s) of Block(s) 4": null, "Type(s) of Block(s) 5": null, "No. of Blocks": 7, "No. of Rental Flats": 6400, "Flat Size (m2)": "11.0 - 67.9", "Min Size": 11.0, "Max Size": 67.9, "Avr Size": 39.45, "Region Name EN": "NewTerritories", "Region Name SC": "新界", "Coordinate": "114.19328,22.3778", "Type of Estate EN 1": "Public Rental Housing", "Type of Estate SC": "租住屋邨", "CACODE": "R07", "Shape_Leng": 1407.248249, "Shape_Area": 124531.8502, "18_districts": "沙田區 ", "hk_islands": "19", "kowloon": 564, "new_towns": 361, "others": "46" }, "geometry": { "type": "Point", "coordinates": [ 114.19328, 22.3778 ] } },
{ "type": "Feature", "properties": { "Estate Name EN": "Shek Mun Estate", "Estate Name SC": "硕门邨", "ENAME": "Bik Woo", "CNAME": "碧湖", "Estate Map Latitude": 22.38669, "Estate Map Longitude": 114.20929, "transactions": null, "Year of Intake 1": "2009", "Num of Type": 1, "Type(s) of Block(s) 1": 1, "Type(s) of Block(s) 2": null, "Type(s) of Block(s) 3": null, "Type(s) of Block(s) 4": null, "Type(s) of Block(s) 5": null, "No. of Blocks": 6, "No. of Rental Flats": 5000, "Flat Size (m2)": "14.05-39.6", "Min Size": 14.05, "Max Size": 39.6, "Avr Size": 26.825, "Region Name EN": "NewTerritories", "Region Name SC": "新界", "Coordinate": "114.20929,22.38669", "Type of Estate EN 1": "Public Rental Housing", "Type of Estate SC": "租住屋邨", "CACODE": "R39", "Shape_Leng": 3687.949359, "Shape_Area": 565590.6535, "18_districts": "沙田區 ", "hk_islands": "352", "kowloon": 368, "new_towns": 250, "others": "47" }, "geometry": { "type": "Point", "coordinates": [ 114.20929, 22.38669 ] } },
{ "type": "Feature", "properties": { "Estate Name EN": "Yau Tong Estate", "Estate Name SC": "油塘邨", "ENAME": "Yau Tong West", "CNAME": "油塘西", "Estate Map Latitude": 22.29744, "Estate Map Longitude": 114.23853, "transactions": null, "Year of Intake 1": "2000", "Num of Type": 2, "Type(s) of Block(s) 1": 1, "Type(s) of Block(s) 2": 9, "Type(s) of Block(s) 3": null, "Type(s) of Block(s) 4": null, "Type(s) of Block(s) 5": null, "No. of Blocks": 5, "No. of Rental Flats": 3600, "Flat Size (m2)": "16.3 - 53.7", "Min Size": 16.3, "Max Size": 53.7, "Avr Size": 35.0, "Region Name EN": "Kowloon", "Region Name SC": "九龙", "Coordinate": "114.23853,22.29744", "Type of Estate EN 1": "Public Rental Housing", "Type of Estate SC": "租住屋邨", "CACODE": "J26", "Shape_Leng": 9843.430964, "Shape_Area": 2807175.767, "18_districts": "觀塘區 ", "hk_islands": "531", "kowloon": 707, "new_towns": 760, "others": "13" }, "geometry": { "type": "Point", "coordinates": [ 114.23853, 22.29744 ] } },
{ "type": "Feature", "properties": { "Estate Name EN": "Ngan Wan Estate", "Estate Name SC": "银湾邨", "ENAME": "Lantau", "CNAME": "大嶼山", "Estate Map Latitude": 22.26514, "Estate Map Longitude": 113.99676, "transactions": null, "Year of Intake 1": "1988", "Num of Type": 1, "Type(s) of Block(s) 1": 0, "Type(s) of Block(s) 2": null, "Type(s) of Block(s) 3": null, "Type(s) of Block(s) 4": null, "Type(s) of Block(s) 5": null, "No. of Blocks": 4, "No. of Rental Flats": 400, "Flat Size (m2)": "10.5 - 48.0", "Min Size": 10.5, "Max Size": 48.0, "Avr Size": 29.25, "Region Name EN": "NewTerritories", "Region Name SC": "新界", "Coordinate": "113.99676,22.26514", "Type of Estate EN 1": "Public Rental Housing", "Type of Estate SC": "租住屋邨", "CACODE": "T01", "Shape_Leng": 85509.23661000001, "Shape_Area": 313503384.4, "18_districts": "離島區 ", "hk_islands": "1118", "kowloon": 1932, "new_towns": 3209, "others": "537" }, "geometry": { "type": "Point", "coordinates": [ 113.99676, 22.26514 ] } },
{ "type": "Feature", "properties": { "Estate Name EN": "Hau Tak Estate", "Estate Name SC": "厚德邨", "ENAME": "Hau Tak", "CNAME": "厚德", "Estate Map Latitude": 22.31876, "Estate Map Longitude": 114.26372, "transactions": null, "Year of Intake 1": "1993", "Num of Type": 1, "Type(s) of Block(s) 1": 1, "Type(s) of Block(s) 2": null, "Type(s) of Block(s) 3": null, "Type(s) of Block(s) 4": null, "Type(s) of Block(s) 5": null, "No. of Blocks": 6, "No. of Rental Flats": 4200, "Flat Size (m2)": "14.1 - 43.6", "Min Size": 14.1, "Max Size": 43.6, "Avr Size": 28.85, "Region Name EN": "NewTerritories", "Region Name SC": "新界", "Coordinate": "114.26372,22.31876", "Type of Estate EN 1": "Public Rental Housing", "Type of Estate SC": "租住屋邨", "CACODE": "Q23", "Shape_Leng": 1854.654547, "Shape_Area": 115044.8521, "18_districts": "西貢區 ", "hk_islands": "56", "kowloon": 178, "new_towns": 157, "others": "35" }, "geometry": { "type": "Point", "coordinates": [ 114.26372, 22.31876 ] } },
{ "type": "Feature", "properties": { "Estate Name EN": "Lung Tin Estate", "Estate Name SC": "龙田邨", "ENAME": "Lantau", "CNAME": "大嶼山", "Estate Map Latitude": 22.25282, "Estate Map Longitude": 113.86577, "transactions": null, "Year of Intake 1": "1980", "Num of Type": 1, "Type(s) of Block(s) 1": 0, "Type(s) of Block(s) 2": null, "Type(s) of Block(s) 3": null, "Type(s) of Block(s) 4": null, "Type(s) of Block(s) 5": null, "No. of Blocks": 8, "No. of Rental Flats": 500, "Flat Size (m2)": "16.3 - 53.9", "Min Size": 16.3, "Max Size": 53.9, "Avr Size": 35.1, "Region Name EN": "NewTerritories", "Region Name SC": "新界", "Coordinate": "113.86577,22.25282", "Type of Estate EN 1": "Public Rental Housing", "Type of Estate SC": "租住屋邨", "CACODE": "T01", "Shape_Leng": 85509.23661000001, "Shape_Area": 313503384.4, "18_districts": "離島區 ", "hk_islands": "1118", "kowloon": 1932, "new_towns": 3209, "others": "537" }, "geometry": { "type": "Point", "coordinates": [ 113.86577, 22.25282 ] } },
{ "type": "Feature", "properties": { "Estate Name EN": "Hung Hom Estate", "Estate Name SC": "红磡邨", "ENAME": "Ka Wai", "CNAME": "家維", "Estate Map Latitude": 22.30736, "Estate Map Longitude": 114.18906, "transactions": null, "Year of Intake 1": "1999", "Num of Type": 3, "Type(s) of Block(s) 1": 1, "Type(s) of Block(s) 2": 13, "Type(s) of Block(s) 3": 0, "Type(s) of Block(s) 4": null, "Type(s) of Block(s) 5": null, "No. of Blocks": 5, "No. of Rental Flats": 2800, "Flat Size (m2)": "14.05 - 52.2", "Min Size": 14.05, "Max Size": 52.2, "Avr Size": 33.125, "Region Name EN": "Kowloon", "Region Name SC": "九龙", "Coordinate": "114.18906,22.30736", "Type of Estate EN 1": "Public Rental Housing", "Type of Estate SC": "租住屋邨", "CACODE": "G23", "Shape_Leng": 2868.457785, "Shape_Area": 195666.3041, "18_districts": "九龍城區 ", "hk_islands": "158", "kowloon": 609, "new_towns": 519, "others": "79" }, "geometry": { "type": "Point", "coordinates": [ 114.18906, 22.30736 ] } },
{ "type": "Feature", "properties": { "Estate Name EN": "Shatin Pass Estate", "Estate Name SC": "沙田坳邨", "ENAME": "Ching Oi", "CNAME": "正愛", "Estate Map Latitude": 22.34964, "Estate Map Longitude": 114.19499, "transactions": null, "Year of Intake 1": "2011", "Num of Type": 1, "Type(s) of Block(s) 1": 0, "Type(s) of Block(s) 2": null, "Type(s) of Block(s) 3": null, "Type(s) of Block(s) 4": null, "Type(s) of Block(s) 5": null, "No. of Blocks": 2, "No. of Rental Flats": 1300, "Flat Size (m2)": "17.42 - 39.88", "Min Size": 17.42, "Max Size": 39.88, "Avr Size": 28.65, "Region Name EN": "Kowloon", "Region Name SC": "九龙", "Coordinate": "114.19499,22.34964", "Type of Estate EN 1": "Public Rental Housing", "Type of Estate SC": "租住屋邨", "CACODE": "H17", "Shape_Leng": 4097.975148, "Shape_Area": 467828.4197, "18_districts": "黃大仙區 ", "hk_islands": "92", "kowloon": 357, "new_towns": 189, "others": "--" }, "geometry": { "type": "Point", "coordinates": [ 114.19499, 22.34964 ] } },
{ "type": "Feature", "properties": { "Estate Name EN": "Choi Ying Estate", "Estate Name SC": "彩盈邨", "ENAME": "Jordan Valley", "CNAME": "佐敦谷", "Estate Map Latitude": 22.32756, "Estate Map Longitude": 114.21542, "transactions": null, "Year of Intake 1": "2008", "Num of Type": 1, "Type(s) of Block(s) 1": 1, "Type(s) of Block(s) 2": null, "Type(s) of Block(s) 3": null, "Type(s) of Block(s) 4": null, "Type(s) of Block(s) 5": null, "No. of Blocks": 5, "No. of Rental Flats": 4000, "Flat Size (m2)": "17.99 to 39.59", "Min Size": 17.99, "Max Size": 39.59, "Avr Size": 28.79, "Region Name EN": "Kowloon", "Region Name SC": "九龙", "Coordinate": "114.21542,22.32756", "Type of Estate EN 1": "Public Rental Housing", "Type of Estate SC": "租住屋邨", "CACODE": "J07", "Shape_Leng": 2283.465836, "Shape_Area": 203265.7049, "18_districts": "觀塘區 ", "hk_islands": "301", "kowloon": 1210, "new_towns": 457, "others": "6" }, "geometry": { "type": "Point", "coordinates": [ 114.21542, 22.32756 ] } },
{ "type": "Feature", "properties": { "Estate Name EN": "Ping Shek Estate", "Estate Name SC": "坪石邨", "ENAME": "Ping Shek", "CNAME": "坪石", "Estate Map Latitude": 22.33356, "Estate Map Longitude": 114.2096, "transactions": null, "Year of Intake 1": "1970", "Num of Type": 2, "Type(s) of Block(s) 1": 2, "Type(s) of Block(s) 2": 18, "Type(s) of Block(s) 3": null, "Type(s) of Block(s) 4": null, "Type(s) of Block(s) 5": null, "No. of Blocks": 7, "No. of Rental Flats": 4600, "Flat Size (m2)": "30.6 - 38.8", "Min Size": 30.6, "Max Size": 38.8, "Avr Size": 34.7, "Region Name EN": "Kowloon", "Region Name SC": "九龙", "Coordinate": "114.2096,22.33356", "Type of Estate EN 1": "Public Rental Housing", "Type of Estate SC": "租住屋邨", "CACODE": "J05", "Shape_Leng": 2200.416461, "Shape_Area": 222056.6734, "18_districts": "觀塘區 ", "hk_islands": "245", "kowloon": 1552, "new_towns": 924, "others": "22" }, "geometry": { "type": "Point", "coordinates": [ 114.2096, 22.33356 ] } },
{ "type": "Feature", "properties": { "Estate Name EN": "Fu Shin Estate", "Estate Name SC": "富善邨", "ENAME": "Fu Ming Sun", "CNAME": "富明新", "Estate Map Latitude": 22.453, "Estate Map Longitude": 114.17556, "transactions": 4290, "Year of Intake 1": "1985", "Num of Type": 1, "Type(s) of Block(s) 1": 11, "Type(s) of Block(s) 2": null, "Type(s) of Block(s) 3": null, "Type(s) of Block(s) 4": null, "Type(s) of Block(s) 5": null, "No. of Blocks": 6, "No. of Rental Flats": 1200, "Flat Size (m2)": "10.8 - 49.7", "Min Size": 10.8, "Max Size": 49.7, "Avr Size": 30.25, "Region Name EN": "NewTerritories", "Region Name SC": "新界", "Coordinate": "114.17556,22.453", "Type of Estate EN 1": "Tenants Purchase Scheme", "Type of Estate SC": "租者置其屋计划", "CACODE": "P07", "Shape_Leng": 1963.929913, "Shape_Area": 153068.5258, "18_districts": "大埔區 ", "hk_islands": "17", "kowloon": 88, "new_towns": 272, "others": "76" }, "geometry": { "type": "Point", "coordinates": [ 114.17556, 22.453 ] } },
{ "type": "Feature", "properties": { "Estate Name EN": "Nam Cheong Estate", "Estate Name SC": "南昌邨", "ENAME": "Nam Cheong West", "CNAME": "南昌西", "Estate Map Latitude": 22.32642, "Estate Map Longitude": 114.15827, "transactions": 1536, "Year of Intake 1": "1989", "Num of Type": 1, "Type(s) of Block(s) 1": 4, "Type(s) of Block(s) 2": null, "Type(s) of Block(s) 3": null, "Type(s) of Block(s) 4": null, "Type(s) of Block(s) 5": null, "No. of Blocks": 7, "No. of Rental Flats": 400, "Flat Size (m2)": "19.3 - 70.8", "Min Size": 19.3, "Max Size": 70.8, "Avr Size": 45.05, "Region Name EN": "Kowloon", "Region Name SC": "九龙", "Coordinate": "114.15827,22.32642", "Type of Estate EN 1": "Tenants Purchase Scheme", "Type of Estate SC": "租者置其屋计划", "CACODE": "F08", "Shape_Leng": 3544.388998, "Shape_Area": 329369.6338, "18_districts": "深水埗區 ", "hk_islands": "164", "kowloon": 1146, "new_towns": 799, "others": "110" }, "geometry": { "type": "Point", "coordinates": [ 114.15827, 22.32642 ] } },
{ "type": "Feature", "properties": { "Estate Name EN": "Fu Cheong Estate", "Estate Name SC": "富昌邨", "ENAME": "Fu Cheong", "CNAME": "富昌", "Estate Map Latitude": 22.32861, "Estate Map Longitude": 114.15465, "transactions": null, "Year of Intake 1": "2001", "Num of Type": 3, "Type(s) of Block(s) 1": 1, "Type(s) of Block(s) 2": 17, "Type(s) of Block(s) 3": 5, "Type(s) of Block(s) 4": null, "Type(s) of Block(s) 5": null, "No. of Blocks": 10, "No. of Rental Flats": 6000, "Flat Size (m2)": "9.6 - 52.1", "Min Size": 9.6, "Max Size": 52.1, "Avr Size": 30.85, "Region Name EN": "Kowloon", "Region Name SC": "九龙", "Coordinate": "114.15465,22.32861", "Type of Estate EN 1": "Public Rental Housing", "Type of Estate SC": "租住屋邨", "CACODE": "F09", "Shape_Leng": 2526.778144, "Shape_Area": 278934.6168, "18_districts": "深水埗區 ", "hk_islands": "309", "kowloon": 561, "new_towns": 1208, "others": "98" }, "geometry": { "type": "Point", "coordinates": [ 114.15465, 22.32861 ] } },
{ "type": "Feature", "properties": { "Estate Name EN": "Lai Kok Estate", "Estate Name SC": "丽阁邨", "ENAME": "Lai Kok", "CNAME": "麗閣", "Estate Map Latitude": 22.33224, "Estate Map Longitude": 114.15681, "transactions": null, "Year of Intake 1": "1981", "Num of Type": 2, "Type(s) of Block(s) 1": 2, "Type(s) of Block(s) 2": 11, "Type(s) of Block(s) 3": null, "Type(s) of Block(s) 4": null, "Type(s) of Block(s) 5": null, "No. of Blocks": 8, "No. of Rental Flats": 3000, "Flat Size (m2)": "11.2 - 39.4", "Min Size": 11.2, "Max Size": 39.4, "Avr Size": 25.3, "Region Name EN": "Kowloon", "Region Name SC": "九龙", "Coordinate": "114.15681,22.33224", "Type of Estate EN 1": "Public Rental Housing", "Type of Estate SC": "租住屋邨", "CACODE": "F10", "Shape_Leng": 1570.598723, "Shape_Area": 145847.3695, "18_districts": "深水埗區 ", "hk_islands": "21", "kowloon": 308, "new_towns": 434, "others": "85" }, "geometry": { "type": "Point", "coordinates": [ 114.15681, 22.33224 ] } },
{ "type": "Feature", "properties": { "Estate Name EN": "Lai On Estate", "Estate Name SC": "丽安邨", "ENAME": "Lai Kok", "CNAME": "麗閣", "Estate Map Latitude": 22.33077, "Estate Map Longitude": 114.15847, "transactions": null, "Year of Intake 1": "1993", "Num of Type": 1, "Type(s) of Block(s) 1": 1, "Type(s) of Block(s) 2": null, "Type(s) of Block(s) 3": null, "Type(s) of Block(s) 4": null, "Type(s) of Block(s) 5": null, "No. of Blocks": 5, "No. of Rental Flats": 1400, "Flat Size (m2)": "13.1 - 43.6", "Min Size": 13.1, "Max Size": 43.6, "Avr Size": 28.35, "Region Name EN": "Kowloon", "Region Name SC": "九龙", "Coordinate": "114.15847,22.33077", "Type of Estate EN 1": "Public Rental Housing", "Type of Estate SC": "租住屋邨", "CACODE": "F10", "Shape_Leng": 1570.598723, "Shape_Area": 145847.3695, "18_districts": "深水埗區 ", "hk_islands": "21", "kowloon": 308, "new_towns": 434, "others": "85" }, "geometry": { "type": "Point", "coordinates": [ 114.15847, 22.33077 ] } },
{ "type": "Feature", "properties": { "Estate Name EN": "Lei Cheng Uk Estate", "Estate Name SC": "李郑屋邨", "ENAME": "Lei Cheng Uk", "CNAME": "李鄭屋", "Estate Map Latitude": 22.33921, "Estate Map Longitude": 114.16013, "transactions": 4091, "Year of Intake 1": "1984", "Num of Type": 4, "Type(s) of Block(s) 1": 12, "Type(s) of Block(s) 2": 4, "Type(s) of Block(s) 3": 2, "Type(s) of Block(s) 4": 11, "Type(s) of Block(s) 5": null, "No. of Blocks": 10, "No. of Rental Flats": 700, "Flat Size (m2)": "27.8 - 84.3", "Min Size": 27.8, "Max Size": 84.3, "Avr Size": 56.05, "Region Name EN": "Kowloon", "Region Name SC": "九龙", "Coordinate": "114.16013,22.33921", "Type of Estate EN 1": "Tenants Purchase Scheme", "Type of Estate SC": "租者置其屋计划", "CACODE": "F21", "Shape_Leng": 2040.865771, "Shape_Area": 215124.196, "18_districts": "深水埗區 ", "hk_islands": "84", "kowloon": 175, "new_towns": 206, "others": "78" }, "geometry": { "type": "Point", "coordinates": [ 114.16013, 22.33921 ] } },
{ "type": "Feature", "properties": { "Estate Name EN": "Ko Cheung Court", "Estate Name SC": "高翔苑", "ENAME": "Chun Cheung", "CNAME": "俊翔", "Estate Map Latitude": 22.29693, "Estate Map Longitude": 114.24012, "transactions": null, "Year of Intake 1": "2004", "Num of Type": 1, "Type(s) of Block(s) 1": 9, "Type(s) of Block(s) 2": null, "Type(s) of Block(s) 3": null, "Type(s) of Block(s) 4": null, "Type(s) of Block(s) 5": null, "No. of Blocks": 5, "No. of Rental Flats": 1800, "Flat Size (m2)": "31.5 - 53.6", "Min Size": 31.5, "Max Size": 53.6, "Avr Size": 42.55, "Region Name EN": "Kowloon", "Region Name SC": "九龙", "Coordinate": "114.24012,22.29693", "Type of Estate EN 1": "Public Rental Housing", "Type of Estate SC": "租住屋邨", "CACODE": "J22", "Shape_Leng": 2950.867267, "Shape_Area": 253969.9398, "18_districts": "觀塘區 ", "hk_islands": "39", "kowloon": 365, "new_towns": 237, "others": "12" }, "geometry": { "type": "Point", "coordinates": [ 114.24012, 22.29693 ] } },
{ "type": "Feature", "properties": { "Estate Name EN": "Kwai Chung Estate", "Estate Name SC": "葵涌邨", "ENAME": "Kwai Chung Estate North", "CNAME": "葵涌?北", "Estate Map Latitude": 22.36959, "Estate Map Longitude": 114.1271, "transactions": null, "Year of Intake 1": "1997", "Num of Type": 2, "Type(s) of Block(s) 1": 1, "Type(s) of Block(s) 2": 11, "Type(s) of Block(s) 3": null, "Type(s) of Block(s) 4": null, "Type(s) of Block(s) 5": null, "No. of Blocks": 16, "No. of Rental Flats": 13700, "Flat Size (m2)": "12.8 - 52.2", "Min Size": 12.8, "Max Size": 52.2, "Avr Size": 32.5, "Region Name EN": "NewTerritories", "Region Name SC": "新界", "Coordinate": "114.1271,22.36959", "Type of Estate EN 1": "Public Rental Housing", "Type of Estate SC": "租住屋邨", "CACODE": "S07", "Shape_Leng": 2138.685574, "Shape_Area": 201106.8353, "18_districts": "葵青區 ", "hk_islands": "46", "kowloon": 70, "new_towns": 152, "others": "12" }, "geometry": { "type": "Point", "coordinates": [ 114.1271, 22.36959 ] } },
{ "type": "Feature", "properties": { "Estate Name EN": "Kwai Shing West Estate", "Estate Name SC": "葵盛西邨", "ENAME": "Kwai Shing West Estate", "CNAME": "葵盛西?", "Estate Map Latitude": 22.3628, "Estate Map Longitude": 114.12368, "transactions": null, "Year of Intake 1": "1975", "Num of Type": 1, "Type(s) of Block(s) 1": 2, "Type(s) of Block(s) 2": null, "Type(s) of Block(s) 3": null, "Type(s) of Block(s) 4": null, "Type(s) of Block(s) 5": null, "No. of Blocks": 10, "No. of Rental Flats": 5300, "Flat Size (m2)": "22.7 - 54.9", "Min Size": 22.7, "Max Size": 54.9, "Avr Size": 38.8, "Region Name EN": "NewTerritories", "Region Name SC": "新界", "Coordinate": "114.12368,22.3628", "Type of Estate EN 1": "Public Rental Housing", "Type of Estate SC": "租住屋邨", "CACODE": "S20", "Shape_Leng": 6858.26196, "Shape_Area": 1846700.574, "18_districts": "葵青區 ", "hk_islands": "64", "kowloon": 161, "new_towns": 486, "others": "--" }, "geometry": { "type": "Point", "coordinates": [ 114.12368, 22.3628 ] } },
{ "type": "Feature", "properties": { "Estate Name EN": "Lai King Estate", "Estate Name SC": "荔景邨", "ENAME": "Lai King", "CNAME": "荔景", "Estate Map Latitude": 22.35045, "Estate Map Longitude": 114.12619, "transactions": null, "Year of Intake 1": "1975", "Num of Type": 1, "Type(s) of Block(s) 1": 2, "Type(s) of Block(s) 2": null, "Type(s) of Block(s) 3": null, "Type(s) of Block(s) 4": null, "Type(s) of Block(s) 5": null, "No. of Blocks": 8, "No. of Rental Flats": 4800, "Flat Size (m2)": "21.6 - 50.3", "Min Size": 21.6, "Max Size": 50.3, "Avr Size": 35.95, "Region Name EN": "NewTerritories", "Region Name SC": "新界", "Coordinate": "114.12619,22.35045", "Type of Estate EN 1": "Public Rental Housing", "Type of Estate SC": "租住屋邨", "CACODE": "S19", "Shape_Leng": 12472.11755, "Shape_Area": 5413845.491, "18_districts": "葵青區 ", "hk_islands": "65", "kowloon": 265, "new_towns": 279, "others": "9" }, "geometry": { "type": "Point", "coordinates": [ 114.12619, 22.35045 ] } },
{ "type": "Feature", "properties": { "Estate Name EN": "Lai Yiu Estate", "Estate Name SC": "丽瑶邨", "ENAME": "Wah Lai", "CNAME": "華麗", "Estate Map Latitude": 22.35314, "Estate Map Longitude": 114.13151, "transactions": null, "Year of Intake 1": "1976", "Num of Type": 3, "Type(s) of Block(s) 1": 2, "Type(s) of Block(s) 2": 13, "Type(s) of Block(s) 3": 3, "Type(s) of Block(s) 4": null, "Type(s) of Block(s) 5": null, "No. of Blocks": 6, "No. of Rental Flats": 3700, "Flat Size (m2)": "14.1 - 54.9", "Min Size": 14.1, "Max Size": 54.9, "Avr Size": 34.5, "Region Name EN": "NewTerritories", "Region Name SC": "新界", "Coordinate": "114.13151,22.35314", "Type of Estate EN 1": "Public Rental Housing", "Type of Estate SC": "租住屋邨", "CACODE": "S16", "Shape_Leng": 6512.949609, "Shape_Area": 844677.0237, "18_districts": "葵青區 ", "hk_islands": "126", "kowloon": 657, "new_towns": 378, "others": "123" }, "geometry": { "type": "Point", "coordinates": [ 114.13151, 22.35314 ] } },
{ "type": "Feature", "properties": { "Estate Name EN": "Hoi Lai Estate", "Estate Name SC": "海丽邨", "ENAME": "Lai Chi Kok South", "CNAME": "荔枝角南", "Estate Map Latitude": 22.33224, "Estate Map Longitude": 114.14635, "transactions": null, "Year of Intake 1": "2004", "Num of Type": 2, "Type(s) of Block(s) 1": 9, "Type(s) of Block(s) 2": 0, "Type(s) of Block(s) 3": null, "Type(s) of Block(s) 4": null, "Type(s) of Block(s) 5": null, "No. of Blocks": 12, "No. of Rental Flats": 4900, "Flat Size (m2)": "17.4 - 53.6", "Min Size": 17.4, "Max Size": 53.6, "Avr Size": 35.5, "Region Name EN": "Kowloon", "Region Name SC": "九龙", "Coordinate": "114.14635,22.33224", "Type of Estate EN 1": "Public Rental Housing", "Type of Estate SC": "租住屋邨", "CACODE": "F14", "Shape_Leng": 8776.325251, "Shape_Area": 2896270.439, "18_districts": "深水埗區 ", "hk_islands": "33", "kowloon": 260, "new_towns": 300, "others": "10" }, "geometry": { "type": "Point", "coordinates": [ 114.14635, 22.33224 ] } },
{ "type": "Feature", "properties": { "Estate Name EN": "Ho Man Tin Estate", "Estate Name SC": "何文田邨", "ENAME": "Sheung Lok", "CNAME": "常樂", "Estate Map Latitude": 22.31826, "Estate Map Longitude": 114.18113, "transactions": null, "Year of Intake 1": "1998", "Num of Type": 3, "Type(s) of Block(s) 1": 1, "Type(s) of Block(s) 2": null, "Type(s) of Block(s) 3": 13, "Type(s) of Block(s) 4": null, "Type(s) of Block(s) 5": null, "No. of Blocks": 9, "No. of Rental Flats": 4700, "Flat Size (m2)": "16.3 - 52.2", "Min Size": 16.3, "Max Size": 52.2, "Avr Size": 34.25, "Region Name EN": "Kowloon", "Region Name SC": "九龙", "Coordinate": "114.18113,22.31826", "Type of Estate EN 1": "Public Rental Housing", "Type of Estate SC": "租住屋邨", "CACODE": "G06", "Shape_Leng": 2892.329817, "Shape_Area": 378819.902, "18_districts": "九龍城區 ", "hk_islands": "624", "kowloon": 2478, "new_towns": 1069, "others": "152" }, "geometry": { "type": "Point", "coordinates": [ 114.18113, 22.31826 ] } },
{ "type": "Feature", "properties": { "Estate Name EN": "Shun Tin Estate", "Estate Name SC": "顺天邨", "ENAME": "Shun Tin", "CNAME": "順天", "Estate Map Latitude": 22.32656, "Estate Map Longitude": 114.2259, "transactions": null, "Year of Intake 1": "1981", "Num of Type": 4, "Type(s) of Block(s) 1": 16, "Type(s) of Block(s) 2": 4, "Type(s) of Block(s) 3": 2, "Type(s) of Block(s) 4": 3, "Type(s) of Block(s) 5": null, "No. of Blocks": 11, "No. of Rental Flats": 7000, "Flat Size (m2)": "23.1 - 49.1", "Min Size": 23.1, "Max Size": 49.1, "Avr Size": 36.1, "Region Name EN": "Kowloon", "Region Name SC": "九龙", "Coordinate": "114.2259,22.32656", "Type of Estate EN 1": "Public Rental Housing", "Type of Estate SC": "租住屋邨", "CACODE": "J08", "Shape_Leng": 4417.475558, "Shape_Area": 661007.6116, "18_districts": "觀塘區 ", "hk_islands": "93", "kowloon": 301, "new_towns": 361, "others": "23" }, "geometry": { "type": "Point", "coordinates": [ 114.2259, 22.32656 ] } },
{ "type": "Feature", "properties": { "Estate Name EN": "Chung On Estate", "Estate Name SC": "颂安邨", "ENAME": "Chung On", "CNAME": "頌安", "Estate Map Latitude": 22.4223, "Estate Map Longitude": 114.22616, "transactions": null, "Year of Intake 1": "1996", "Num of Type": 3, "Type(s) of Block(s) 1": 1, "Type(s) of Block(s) 2": 5, "Type(s) of Block(s) 3": 13, "Type(s) of Block(s) 4": null, "Type(s) of Block(s) 5": null, "No. of Blocks": 5, "No. of Rental Flats": 2700, "Flat Size (m2)": "10.6 - 52.3", "Min Size": 10.6, "Max Size": 52.3, "Avr Size": 31.45, "Region Name EN": "NewTerritories", "Region Name SC": "新界", "Coordinate": "114.22616,22.4223", "Type of Estate EN 1": "Public Rental Housing", "Type of Estate SC": "租住屋邨", "CACODE": "R26", "Shape_Leng": 3415.007145, "Shape_Area": 303353.7753, "18_districts": "沙田區 ", "hk_islands": "244", "kowloon": 425, "new_towns": 726, "others": "43" }, "geometry": { "type": "Point", "coordinates": [ 114.22616, 22.4223 ] } },
{ "type": "Feature", "properties": { "Estate Name EN": "Cheung Hong Estate", "Estate Name SC": "长康邨", "ENAME": "Cheung Hong", "CNAME": "長康", "Estate Map Latitude": 22.35003, "Estate Map Longitude": 114.10561, "transactions": null, "Year of Intake 1": "1979", "Num of Type": 3, "Type(s) of Block(s) 1": 12, "Type(s) of Block(s) 2": 2, "Type(s) of Block(s) 3": null, "Type(s) of Block(s) 4": 11, "Type(s) of Block(s) 5": null, "No. of Blocks": 13, "No. of Rental Flats": 8400, "Flat Size (m2)": "10.1 - 59.6", "Min Size": 10.1, "Max Size": 59.6, "Avr Size": 34.85, "Region Name EN": "NewTerritories", "Region Name SC": "新界", "Coordinate": "114.10561,22.35003", "Type of Estate EN 1": "Public Rental Housing", "Type of Estate SC": "租住屋邨", "CACODE": "S26", "Shape_Leng": 2785.576396, "Shape_Area": 166664.6599, "18_districts": "葵青區 ", "hk_islands": "85", "kowloon": 154, "new_towns": 394, "others": "1" }, "geometry": { "type": "Point", "coordinates": [ 114.10561, 22.35003 ] } },
{ "type": "Feature", "properties": { "Estate Name EN": "Un Chau Estate", "Estate Name SC": "元州邨", "ENAME": "Un Chau", "CNAME": "元州", "Estate Map Latitude": 22.33665, "Estate Map Longitude": 114.15599, "transactions": null, "Year of Intake 1": "1998", "Num of Type": 3, "Type(s) of Block(s) 1": 1, "Type(s) of Block(s) 2": 17, "Type(s) of Block(s) 3": 11, "Type(s) of Block(s) 4": null, "Type(s) of Block(s) 5": null, "No. of Blocks": 14, "No. of Rental Flats": 7800, "Flat Size (m2)": "9.7 - 49.0", "Min Size": 9.7, "Max Size": 49.0, "Avr Size": 29.35, "Region Name EN": "Kowloon", "Region Name SC": "九龙", "Coordinate": "114.15599,22.33665", "Type of Estate EN 1": "Public Rental Housing", "Type of Estate SC": "租住屋邨", "CACODE": "F19", "Shape_Leng": 1519.038309, "Shape_Area": 99787.24222, "18_districts": "深水埗區 ", "hk_islands": "60", "kowloon": 510, "new_towns": 470, "others": "27" }, "geometry": { "type": "Point", "coordinates": [ 114.15599, 22.33665 ] } },
{ "type": "Feature", "properties": { "Estate Name EN": "Tai Yuen Estate", "Estate Name SC": "大元邨", "ENAME": "Tai Yuen", "CNAME": "大元", "Estate Map Latitude": 22.45496, "Estate Map Longitude": 114.16897, "transactions": null, "Year of Intake 1": "1980", "Num of Type": 3, "Type(s) of Block(s) 1": 12, "Type(s) of Block(s) 2": 2, "Type(s) of Block(s) 3": 11, "Type(s) of Block(s) 4": null, "Type(s) of Block(s) 5": null, "No. of Blocks": 7, "No. of Rental Flats": 4900, "Flat Size (m2)": "13.6 - 67.9", "Min Size": 13.6, "Max Size": 67.9, "Avr Size": 40.75, "Region Name EN": "NewTerritories", "Region Name SC": "新界", "Coordinate": "114.16897,22.45496", "Type of Estate EN 1": "Public Rental Housing", "Type of Estate SC": "租住屋邨", "CACODE": "P04", "Shape_Leng": 1858.556449, "Shape_Area": 138224.7133, "18_districts": "大埔區 ", "hk_islands": "5", "kowloon": 24, "new_towns": 265, "others": "56" }, "geometry": { "type": "Point", "coordinates": [ 114.16897, 22.45496 ] } },
{ "type": "Feature", "properties": { "Estate Name EN": "Lower Wong Tai Sin (1) Estate", "Estate Name SC": "黄大仙下邨(一区)", "ENAME": "Lung Ha", "CNAME": "龍下", "Estate Map Latitude": 22.33921, "Estate Map Longitude": 114.1948, "transactions": 3819, "Year of Intake 1": "1989", "Num of Type": 2, "Type(s) of Block(s) 1": 4, "Type(s) of Block(s) 2": 11, "Type(s) of Block(s) 3": null, "Type(s) of Block(s) 4": null, "Type(s) of Block(s) 5": null, "No. of Blocks": 9, "No. of Rental Flats": 900, "Flat Size (m2)": "19.1 - 75.0", "Min Size": 19.1, "Max Size": 75.0, "Avr Size": 47.05, "Region Name EN": "Kowloon", "Region Name SC": "九龙", "Coordinate": "114.1948,22.33921", "Type of Estate EN 1": "Tenants Purchase Scheme", "Type of Estate SC": "租者置其屋计划", "CACODE": "H02", "Shape_Leng": 2667.00295, "Shape_Area": 145845.536, "18_districts": "黃大仙區 ", "hk_islands": "156", "kowloon": 192, "new_towns": 355, "others": "21" }, "geometry": { "type": "Point", "coordinates": [ 114.1948, 22.33921 ] } },
{ "type": "Feature", "properties": { "Estate Name EN": "Tung Tau (II) Estate", "Estate Name SC": "东头(二)邨", "ENAME": "Tung Tau", "CNAME": "東頭", "Estate Map Latitude": 22.33306, "Estate Map Longitude": 114.19336, "transactions": 5328, "Year of Intake 1": "1982", "Num of Type": 2, "Type(s) of Block(s) 1": 12, "Type(s) of Block(s) 2": 4, "Type(s) of Block(s) 3": null, "Type(s) of Block(s) 4": null, "Type(s) of Block(s) 5": null, "No. of Blocks": 20, "No. of Rental Flats": 1300, "Flat Size (m2)": "18.9 - 84.5", "Min Size": 18.9, "Max Size": 84.5, "Avr Size": 51.7, "Region Name EN": "Kowloon", "Region Name SC": "九龙", "Coordinate": "114.19336,22.33306", "Type of Estate EN 1": "Tenants Purchase Scheme", "Type of Estate SC": "租者置其屋计划", "CACODE": "H08", "Shape_Leng": 2664.073721, "Shape_Area": 245713.4776, "18_districts": "黃大仙區 ", "hk_islands": "429", "kowloon": 2030, "new_towns": 421, "others": "34" }, "geometry": { "type": "Point", "coordinates": [ 114.19336, 22.33306 ] } },
{ "type": "Feature", "properties": { "Estate Name EN": "Upper Wong Tai Sin Estate", "Estate Name SC": "黄大仙上邨", "ENAME": "Lung Sheung", "CNAME": "龍上", "Estate Map Latitude": 22.3427, "Estate Map Longitude": 114.1927, "transactions": null, "Year of Intake 1": "2000", "Num of Type": 2, "Type(s) of Block(s) 1": 1, "Type(s) of Block(s) 2": null, "Type(s) of Block(s) 3": null, "Type(s) of Block(s) 4": 5, "Type(s) of Block(s) 5": null, "No. of Blocks": 8, "No. of Rental Flats": 4900, "Flat Size (m2)": "16.3 - 49.0", "Min Size": 16.3, "Max Size": 49.0, "Avr Size": 32.65, "Region Name EN": "Kowloon", "Region Name SC": "九龙", "Coordinate": "114.1927,22.3427", "Type of Estate EN 1": "Public Rental Housing", "Type of Estate SC": "租住屋邨", "CACODE": "H03", "Shape_Leng": 3415.960957, "Shape_Area": 321483.6935, "18_districts": "黃大仙區 ", "hk_islands": "38", "kowloon": 437, "new_towns": 229, "others": "48" }, "geometry": { "type": "Point", "coordinates": [ 114.1927, 22.3427 ] } },
{ "type": "Feature", "properties": { "Estate Name EN": "Po Lam Estate", "Estate Name SC": "宝林邨", "ENAME": "Po Lam", "CNAME": "寶林", "Estate Map Latitude": 22.32592, "Estate Map Longitude": 114.25309, "transactions": 4324, "Year of Intake 1": "1988", "Num of Type": 3, "Type(s) of Block(s) 1": 2, "Type(s) of Block(s) 2": 13, "Type(s) of Block(s) 3": 11, "Type(s) of Block(s) 4": null, "Type(s) of Block(s) 5": null, "No. of Blocks": 7, "No. of Rental Flats": 1000, "Flat Size (m2)": "22.5 - 61.6", "Min Size": 22.5, "Max Size": 61.6, "Avr Size": 42.05, "Region Name EN": "NewTerritories", "Region Name SC": "新界", "Coordinate": "114.25309,22.32592", "Type of Estate EN 1": "Tenants Purchase Scheme", "Type of Estate SC": "租者置其屋计划", "CACODE": "Q18", "Shape_Leng": 2242.115933, "Shape_Area": 209427.4277, "18_districts": "西貢區 ", "hk_islands": "35", "kowloon": 77, "new_towns": 115, "others": "33" }, "geometry": { "type": "Point", "coordinates": [ 114.25309, 22.32592 ] } },
{ "type": "Feature", "properties": { "Estate Name EN": "Tsz Ching Estate", "Estate Name SC": "慈正邨", "ENAME": "Ching On", "CNAME": "正安", "Estate Map Latitude": 22.34989, "Estate Map Longitude": 114.20263, "transactions": null, "Year of Intake 1": "1993", "Num of Type": 2, "Type(s) of Block(s) 1": 1, "Type(s) of Block(s) 2": 0, "Type(s) of Block(s) 3": null, "Type(s) of Block(s) 4": null, "Type(s) of Block(s) 5": null, "No. of Blocks": 11, "No. of Rental Flats": 8100, "Flat Size (m2)": "13.0 - 52.3", "Min Size": 13.0, "Max Size": 52.3, "Avr Size": 32.65, "Region Name EN": "Kowloon", "Region Name SC": "九龙", "Coordinate": "114.20263,22.34989", "Type of Estate EN 1": "Public Rental Housing", "Type of Estate SC": "租住屋邨", "CACODE": "H18", "Shape_Leng": 7438.908201, "Shape_Area": 1628960.793, "18_districts": "黃大仙區 ", "hk_islands": "12", "kowloon": 667, "new_towns": 341, "others": "1" }, "geometry": { "type": "Point", "coordinates": [ 114.20263, 22.34989 ] } },
{ "type": "Feature", "properties": { "Estate Name EN": "Sheung Tak Estate", "Estate Name SC": "尚德邨", "ENAME": "Sheung Tak", "CNAME": "尚德", "Estate Map Latitude": 22.31064, "Estate Map Longitude": 114.25768, "transactions": null, "Year of Intake 1": "1998", "Num of Type": 2, "Type(s) of Block(s) 1": 1, "Type(s) of Block(s) 2": 0, "Type(s) of Block(s) 3": null, "Type(s) of Block(s) 4": null, "Type(s) of Block(s) 5": null, "No. of Blocks": 9, "No. of Rental Flats": 5600, "Flat Size (m2)": "9.8 - 52.2", "Min Size": 9.8, "Max Size": 52.2, "Avr Size": 31.0, "Region Name EN": "NewTerritories", "Region Name SC": "新界", "Coordinate": "114.25768,22.31064", "Type of Estate EN 1": "Public Rental Housing", "Type of Estate SC": "租住屋邨", "CACODE": "Q14", "Shape_Leng": 1711.388985, "Shape_Area": 85880.88103, "18_districts": "西貢區 ", "hk_islands": "71", "kowloon": 290, "new_towns": 80, "others": "21" }, "geometry": { "type": "Point", "coordinates": [ 114.25768, 22.31064 ] } },
{ "type": "Feature", "properties": { "Estate Name EN": "Tsz Hong Estate", "Estate Name SC": "慈康邨", "ENAME": "Tsz Wan East", "CNAME": "慈雲東", "Estate Map Latitude": 22.34727, "Estate Map Longitude": 114.20305, "transactions": null, "Year of Intake 1": "2002", "Num of Type": 1, "Type(s) of Block(s) 1": 9, "Type(s) of Block(s) 2": null, "Type(s) of Block(s) 3": null, "Type(s) of Block(s) 4": null, "Type(s) of Block(s) 5": null, "No. of Blocks": 5, "No. of Rental Flats": 2000, "Flat Size (m2)": "31.7 - 53.8", "Min Size": 31.7, "Max Size": 53.8, "Avr Size": 42.75, "Region Name EN": "Kowloon", "Region Name SC": "九龙", "Coordinate": "114.20305,22.34727", "Type of Estate EN 1": "Public Rental Housing", "Type of Estate SC": "租住屋邨", "CACODE": "H19", "Shape_Leng": 1762.358467, "Shape_Area": 136605.0483, "18_districts": "黃大仙區 ", "hk_islands": "125", "kowloon": 368, "new_towns": 423, "others": "125" }, "geometry": { "type": "Point", "coordinates": [ 114.20305, 22.34727 ] } },
{ "type": "Feature", "properties": { "Estate Name EN": "Tsz Man Estate", "Estate Name SC": "慈民邨", "ENAME": "Tsz Wan East", "CNAME": "慈雲東", "Estate Map Latitude": 22.34817, "Estate Map Longitude": 114.20383, "transactions": null, "Year of Intake 1": "1994", "Num of Type": 1, "Type(s) of Block(s) 1": 1, "Type(s) of Block(s) 2": null, "Type(s) of Block(s) 3": null, "Type(s) of Block(s) 4": null, "Type(s) of Block(s) 5": null, "No. of Blocks": 3, "No. of Rental Flats": 2000, "Flat Size (m2)": "16.9 - 49.3", "Min Size": 16.9, "Max Size": 49.3, "Avr Size": 33.1, "Region Name EN": "Kowloon", "Region Name SC": "九龙", "Coordinate": "114.20383,22.34817", "Type of Estate EN 1": "Public Rental Housing", "Type of Estate SC": "租住屋邨", "CACODE": "H19", "Shape_Leng": 1762.358467, "Shape_Area": 136605.0483, "18_districts": "黃大仙區 ", "hk_islands": "125", "kowloon": 368, "new_towns": 423, "others": "125" }, "geometry": { "type": "Point", "coordinates": [ 114.20383, 22.34817 ] } },
{ "type": "Feature", "properties": { "Estate Name EN": "Tsui Lam Estate", "Estate Name SC": "翠林邨", "ENAME": "Tsui Lam", "CNAME": "翠林", "Estate Map Latitude": 22.32348, "Estate Map Longitude": 114.24827, "transactions": 4274, "Year of Intake 1": "1988", "Num of Type": 2, "Type(s) of Block(s) 1": 2, "Type(s) of Block(s) 2": 11, "Type(s) of Block(s) 3": null, "Type(s) of Block(s) 4": null, "Type(s) of Block(s) 5": null, "No. of Blocks": 8, "No. of Rental Flats": 700, "Flat Size (m2)": "30.1 - 61.1", "Min Size": 30.1, "Max Size": 61.1, "Avr Size": 45.6, "Region Name EN": "NewTerritories", "Region Name SC": "新界", "Coordinate": "114.24827,22.32348", "Type of Estate EN 1": "Tenants Purchase Scheme", "Type of Estate SC": "租者置其屋计划", "CACODE": "Q17", "Shape_Leng": 3017.176033, "Shape_Area": 333850.1023, "18_districts": "西貢區 ", "hk_islands": "74", "kowloon": 54, "new_towns": 57, "others": "13" }, "geometry": { "type": "Point", "coordinates": [ 114.24827, 22.32348 ] } },
{ "type": "Feature", "properties": { "Estate Name EN": "Ming Tak Estate", "Estate Name SC": "明德邨", "ENAME": "Tak Ming", "CNAME": "德明", "Estate Map Latitude": 22.31611, "Estate Map Longitude": 114.26903, "transactions": null, "Year of Intake 1": "1996", "Num of Type": 1, "Type(s) of Block(s) 1": 1, "Type(s) of Block(s) 2": null, "Type(s) of Block(s) 3": null, "Type(s) of Block(s) 4": null, "Type(s) of Block(s) 5": null, "No. of Blocks": 2, "No. of Rental Flats": 1500, "Flat Size (m2)": "13.7 - 43.6", "Min Size": 13.7, "Max Size": 43.6, "Avr Size": 28.65, "Region Name EN": "NewTerritories", "Region Name SC": "新界", "Coordinate": "114.26903,22.31611", "Type of Estate EN 1": "Public Rental Housing", "Type of Estate SC": "租住屋邨", "CACODE": "Q25", "Shape_Leng": 1582.543915, "Shape_Area": 85089.56174, "18_districts": "西貢區 ", "hk_islands": "166", "kowloon": 145, "new_towns": 187, "others": "83" }, "geometry": { "type": "Point", "coordinates": [ 114.26903, 22.31611 ] } },
{ "type": "Feature", "properties": { "Estate Name EN": "Chun Shek Estate", "Estate Name SC": "秦石邨", "ENAME": "Chun Fung", "CNAME": "秦豐", "Estate Map Latitude": 22.37367, "Estate Map Longitude": 114.18704, "transactions": null, "Year of Intake 1": "1984", "Num of Type": 2, "Type(s) of Block(s) 1": 12, "Type(s) of Block(s) 2": 2, "Type(s) of Block(s) 3": null, "Type(s) of Block(s) 4": null, "Type(s) of Block(s) 5": null, "No. of Blocks": 4, "No. of Rental Flats": 2100, "Flat Size (m2)": "10.7 - 58.0", "Min Size": 10.7, "Max Size": 58.0, "Avr Size": 34.35, "Region Name EN": "NewTerritories", "Region Name SC": "新界", "Coordinate": "114.18704,22.37367", "Type of Estate EN 1": "Public Rental Housing", "Type of Estate SC": "租住屋邨", "CACODE": "R11", "Shape_Leng": 2418.123377, "Shape_Area": 230137.1152, "18_districts": "沙田區 ", "hk_islands": "58", "kowloon": 249, "new_towns": 458, "others": "147" }, "geometry": { "type": "Point", "coordinates": [ 114.18704, 22.37367 ] } },
{ "type": "Feature", "properties": { "Estate Name EN": "Heng On Estate", "Estate Name SC": "恒安邨", "ENAME": "Heng On", "CNAME": "恆安", "Estate Map Latitude": 22.41583, "Estate Map Longitude": 114.22905, "transactions": 5611, "Year of Intake 1": "1987", "Num of Type": 2, "Type(s) of Block(s) 1": 2, "Type(s) of Block(s) 2": 11, "Type(s) of Block(s) 3": null, "Type(s) of Block(s) 4": null, "Type(s) of Block(s) 5": null, "No. of Blocks": 7, "No. of Rental Flats": 400, "Flat Size (m2)": "42.5 - 63.6", "Min Size": 42.5, "Max Size": 63.6, "Avr Size": 53.05, "Region Name EN": "NewTerritories", "Region Name SC": "新界", "Coordinate": "114.22905,22.41583", "Type of Estate EN 1": "Tenants Purchase Scheme", "Type of Estate SC": "租者置其屋计划", "CACODE": "R34", "Shape_Leng": 2028.501963, "Shape_Area": 204184.3963, "18_districts": "沙田區 ", "hk_islands": "66", "kowloon": 261, "new_towns": 131, "others": "15" }, "geometry": { "type": "Point", "coordinates": [ 114.22905, 22.41583 ] } },
{ "type": "Feature", "properties": { "Estate Name EN": "Kwai Shing East Estate", "Estate Name SC": "葵盛东邨", "ENAME": "Kwai Shing East Estate", "CNAME": "葵盛東?", "Estate Map Latitude": 22.36331, "Estate Map Longitude": 114.1287, "transactions": null, "Year of Intake 1": "1989", "Num of Type": 3, "Type(s) of Block(s) 1": 1, "Type(s) of Block(s) 2": 4, "Type(s) of Block(s) 3": 13, "Type(s) of Block(s) 4": null, "Type(s) of Block(s) 5": null, "No. of Blocks": 11, "No. of Rental Flats": 6300, "Flat Size (m2)": "16.3 - 52.3", "Min Size": 16.3, "Max Size": 52.3, "Avr Size": 34.3, "Region Name EN": "NewTerritories", "Region Name SC": "新界", "Coordinate": "114.1287,22.36331", "Type of Estate EN 1": "Public Rental Housing", "Type of Estate SC": "租住屋邨", "CACODE": "S03", "Shape_Leng": 2057.947963, "Shape_Area": 110367.1281, "18_districts": "葵青區 ", "hk_islands": "131", "kowloon": 456, "new_towns": 362, "others": "76" }, "geometry": { "type": "Point", "coordinates": [ 114.1287, 22.36331 ] } },
{ "type": "Feature", "properties": { "Estate Name EN": "Hin Keng Estate", "Estate Name SC": "显径邨", "ENAME": "Keng Hau", "CNAME": "徑口", "Estate Map Latitude": 22.36399, "Estate Map Longitude": 114.17324, "transactions": 5618, "Year of Intake 1": "1986", "Num of Type": 1, "Type(s) of Block(s) 1": 11, "Type(s) of Block(s) 2": null, "Type(s) of Block(s) 3": null, "Type(s) of Block(s) 4": null, "Type(s) of Block(s) 5": null, "No. of Blocks": 8, "No. of Rental Flats": 300, "Flat Size (m2)": "30.32 - 47.86", "Min Size": 30.32, "Max Size": 47.86, "Avr Size": 39.09, "Region Name EN": "NewTerritories", "Region Name SC": "新界", "Coordinate": "114.17324,22.36399", "Type of Estate EN 1": "Tenants Purchase Scheme", "Type of Estate SC": "租者置其屋计划", "CACODE": "R17", "Shape_Leng": 3234.494486, "Shape_Area": 460430.8085, "18_districts": "沙田區 ", "hk_islands": "168", "kowloon": 368, "new_towns": 273, "others": "143" }, "geometry": { "type": "Point", "coordinates": [ 114.17324, 22.36399 ] } },
{ "type": "Feature", "properties": { "Estate Name EN": "On Yam Estate", "Estate Name SC": "安荫邨", "ENAME": "On Yam", "CNAME": "安蔭", "Estate Map Latitude": 22.36947, "Estate Map Longitude": 114.14165, "transactions": null, "Year of Intake 1": "1994", "Num of Type": 1, "Type(s) of Block(s) 1": 1, "Type(s) of Block(s) 2": null, "Type(s) of Block(s) 3": null, "Type(s) of Block(s) 4": null, "Type(s) of Block(s) 5": null, "No. of Blocks": 8, "No. of Rental Flats": 5300, "Flat Size (m2)": "13.7 - 52.7", "Min Size": 13.7, "Max Size": 52.7, "Avr Size": 33.2, "Region Name EN": "NewTerritories", "Region Name SC": "新界", "Coordinate": "114.14165,22.36947", "Type of Estate EN 1": "Public Rental Housing", "Type of Estate SC": "租住屋邨", "CACODE": "S11", "Shape_Leng": 7367.73659, "Shape_Area": 1254775.875, "18_districts": "葵青區 ", "hk_islands": "37", "kowloon": 347, "new_towns": 673, "others": "67" }, "geometry": { "type": "Point", "coordinates": [ 114.14165, 22.36947 ] } },
{ "type": "Feature", "properties": { "Estate Name EN": "Lee On Estate", "Estate Name SC": "利安邨", "ENAME": "Lee On", "CNAME": "利安", "Estate Map Latitude": 22.4252, "Estate Map Longitude": 114.24137, "transactions": null, "Year of Intake 1": "1993", "Num of Type": 1, "Type(s) of Block(s) 1": 1, "Type(s) of Block(s) 2": null, "Type(s) of Block(s) 3": null, "Type(s) of Block(s) 4": null, "Type(s) of Block(s) 5": null, "No. of Blocks": 5, "No. of Rental Flats": 3600, "Flat Size (m2)": "16.4 - 52.2", "Min Size": 16.4, "Max Size": 52.2, "Avr Size": 34.3, "Region Name EN": "NewTerritories", "Region Name SC": "新界", "Coordinate": "114.24137,22.4252", "Type of Estate EN 1": "Public Rental Housing", "Type of Estate SC": "租住屋邨", "CACODE": "R30", "Shape_Leng": 4103.601239, "Shape_Area": 410420.2904, "18_districts": "沙田區 ", "hk_islands": "38", "kowloon": 320, "new_towns": 642, "others": "1" }, "geometry": { "type": "Point", "coordinates": [ 114.24137, 22.4252 ] } },
{ "type": "Feature", "properties": { "Estate Name EN": "Shek Lei (I) Estate", "Estate Name SC": "石篱一邨", "ENAME": "Shek Lei South", "CNAME": "石籬南", "Estate Map Latitude": 22.36252, "Estate Map Longitude": 114.13712, "transactions": null, "Year of Intake 1": "1985", "Num of Type": 4, "Type(s) of Block(s) 1": 12, "Type(s) of Block(s) 2": 1, "Type(s) of Block(s) 3": 4, "Type(s) of Block(s) 4": 2, "Type(s) of Block(s) 5": null, "No. of Blocks": 9, "No. of Rental Flats": 4900, "Flat Size (m2)": "11.5 - 57.6", "Min Size": 11.5, "Max Size": 57.6, "Avr Size": 34.55, "Region Name EN": "NewTerritories", "Region Name SC": "新界", "Coordinate": "114.13712,22.36252", "Type of Estate EN 1": "Public Rental Housing", "Type of Estate SC": "租住屋邨", "CACODE": "S13", "Shape_Leng": 4617.269768, "Shape_Area": 658066.5837, "18_districts": "葵青區 ", "hk_islands": "154", "kowloon": 244, "new_towns": 510, "others": "156" }, "geometry": { "type": "Point", "coordinates": [ 114.13712, 22.36252 ] } },
{ "type": "Feature", "properties": { "Estate Name EN": "Tai Hing Estate", "Estate Name SC": "大兴邨", "ENAME": "Hing Tsak", "CNAME": "興澤", "Estate Map Latitude": 22.40436, "Estate Map Longitude": 113.97221, "transactions": null, "Year of Intake 1": "1997", "Num of Type": 2, "Type(s) of Block(s) 1": 9, "Type(s) of Block(s) 2": 2, "Type(s) of Block(s) 3": null, "Type(s) of Block(s) 4": null, "Type(s) of Block(s) 5": null, "No. of Blocks": 7, "No. of Rental Flats": 8600, "Flat Size (m2)": "22.0 - 47.3", "Min Size": 22.0, "Max Size": 47.3, "Avr Size": 34.65, "Region Name EN": "NewTerritories", "Region Name SC": "新界", "Coordinate": "113.97221,22.40436", "Type of Estate EN 1": "Public Rental Housing", "Type of Estate SC": "租住屋邨", "CACODE": "L10", "Shape_Leng": 1957.853912, "Shape_Area": 170117.536, "18_districts": "屯門區 ", "hk_islands": "101", "kowloon": 145, "new_towns": 419, "others": "242" }, "geometry": { "type": "Point", "coordinates": [ 113.97221, 22.40436 ] } },
{ "type": "Feature", "properties": { "Estate Name EN": "Cheung Wang Estate", "Estate Name SC": "长宏邨", "ENAME": "Tsing Yi South", "CNAME": "青衣南", "Estate Map Latitude": 22.35639, "Estate Map Longitude": 114.09622, "transactions": null, "Year of Intake 1": "2001", "Num of Type": 1, "Type(s) of Block(s) 1": 1, "Type(s) of Block(s) 2": null, "Type(s) of Block(s) 3": null, "Type(s) of Block(s) 4": null, "Type(s) of Block(s) 5": null, "No. of Blocks": 7, "No. of Rental Flats": 4300, "Flat Size (m2)": "16.3 - 43.3", "Min Size": 16.3, "Max Size": 43.3, "Avr Size": 29.8, "Region Name EN": "NewTerritories", "Region Name SC": "新界", "Coordinate": "114.09622,22.35639", "Type of Estate EN 1": "Public Rental Housing", "Type of Estate SC": "租住屋邨", "CACODE": "S28", "Shape_Leng": 31511.48286, "Shape_Area": 28868366.86, "18_districts": "葵青區 ", "hk_islands": "134", "kowloon": 259, "new_towns": 666, "others": "91" }, "geometry": { "type": "Point", "coordinates": [ 114.09622, 22.35639 ] } },
{ "type": "Feature", "properties": { "Estate Name EN": "Easeful Court", "Estate Name SC": "青逸轩", "ENAME": "On Ho", "CNAME": "安灝", "Estate Map Latitude": 22.36007, "Estate Map Longitude": 114.10367, "transactions": null, "Year of Intake 1": "2003", "Num of Type": 1, "Type(s) of Block(s) 1": 0, "Type(s) of Block(s) 2": null, "Type(s) of Block(s) 3": null, "Type(s) of Block(s) 4": null, "Type(s) of Block(s) 5": null, "No. of Blocks": 2, "No. of Rental Flats": 500, "Flat Size (m2)": "34.2 - 49.5", "Min Size": 34.2, "Max Size": 49.5, "Avr Size": 41.85, "Region Name EN": "NewTerritories", "Region Name SC": "新界", "Coordinate": "114.10367,22.36007", "Type of Estate EN 1": "Public Rental Housing", "Type of Estate SC": "租住屋邨", "CACODE": "S21", "Shape_Leng": 2581.618221, "Shape_Area": 340183.5839, "18_districts": "葵青區 ", "hk_islands": "85", "kowloon": 378, "new_towns": 528, "others": "123" }, "geometry": { "type": "Point", "coordinates": [ 114.10367, 22.36007 ] } },
{ "type": "Feature", "properties": { "Estate Name EN": "Kwai Fong Estate", "Estate Name SC": "葵芳邨", "ENAME": "Kwai Fong", "CNAME": "葵芳", "Estate Map Latitude": 22.35904, "Estate Map Longitude": 114.12857, "transactions": null, "Year of Intake 1": "1987", "Num of Type": 3, "Type(s) of Block(s) 1": 1, "Type(s) of Block(s) 2": 4, "Type(s) of Block(s) 3": 9, "Type(s) of Block(s) 4": null, "Type(s) of Block(s) 5": null, "No. of Blocks": 12, "No. of Rental Flats": 6300, "Flat Size (m2)": "10.5 - 60.3", "Min Size": 10.5, "Max Size": 60.3, "Avr Size": 35.4, "Region Name EN": "NewTerritories", "Region Name SC": "新界", "Coordinate": "114.12857,22.35904", "Type of Estate EN 1": "Public Rental Housing", "Type of Estate SC": "租住屋邨", "CACODE": "S14", "Shape_Leng": 3526.243948, "Shape_Area": 461310.1313, "18_districts": "葵青區 ", "hk_islands": "318", "kowloon": 288, "new_towns": 337, "others": "111" }, "geometry": { "type": "Point", "coordinates": [ 114.12857, 22.35904 ] } },
{ "type": "Feature", "properties": { "Estate Name EN": "Shek Wai Kok Estate", "Estate Name SC": "石围角邨", "ENAME": "Cheung Shek", "CNAME": "象石", "Estate Map Latitude": 22.37649, "Estate Map Longitude": 114.12467, "transactions": null, "Year of Intake 1": "1980", "Num of Type": 3, "Type(s) of Block(s) 1": 12, "Type(s) of Block(s) 2": 16, "Type(s) of Block(s) 3": 2, "Type(s) of Block(s) 4": null, "Type(s) of Block(s) 5": null, "No. of Blocks": 8, "No. of Rental Flats": 6500, "Flat Size (m2)": "10.9 - 54.8", "Min Size": 10.9, "Max Size": 54.8, "Avr Size": 32.85, "Region Name EN": "NewTerritories", "Region Name SC": "新界", "Coordinate": "114.12467,22.37649", "Type of Estate EN 1": "Public Rental Housing", "Type of Estate SC": "租住屋邨", "CACODE": "K16", "Shape_Leng": 5618.826251, "Shape_Area": 1001627.874, "18_districts": "荃灣區 ", "hk_islands": "71", "kowloon": 179, "new_towns": 318, "others": "86" }, "geometry": { "type": "Point", "coordinates": [ 114.12467, 22.37649 ] } },
{ "type": "Feature", "properties": { "Estate Name EN": "Fu Heng Estate", "Estate Name SC": "富亨邨", "ENAME": "Fu Heng", "CNAME": "富亨", "Estate Map Latitude": 22.45645, "Estate Map Longitude": 114.17074, "transactions": 4811, "Year of Intake 1": "1990", "Num of Type": 2, "Type(s) of Block(s) 1": 2, "Type(s) of Block(s) 2": 11, "Type(s) of Block(s) 3": null, "Type(s) of Block(s) 4": null, "Type(s) of Block(s) 5": null, "No. of Blocks": 8, "No. of Rental Flats": 1000, "Flat Size (m2)": "18.0 - 65.6", "Min Size": 18.0, "Max Size": 65.6, "Avr Size": 41.8, "Region Name EN": "NewTerritories", "Region Name SC": "新界", "Coordinate": "114.17074,22.45645", "Type of Estate EN 1": "Tenants Purchase Scheme", "Type of Estate SC": "租者置其屋计划", "CACODE": "P05", "Shape_Leng": 2990.426053, "Shape_Area": 400723.7624, "18_districts": "大埔區 ", "hk_islands": "7", "kowloon": 22, "new_towns": 195, "others": "26" }, "geometry": { "type": "Point", "coordinates": [ 114.17074, 22.45645 ] } },
{ "type": "Feature", "properties": { "Estate Name EN": "Choi Fai Estate", "Estate Name SC": "彩辉邨", "ENAME": "Choi Wan East", "CNAME": "彩雲東", "Estate Map Latitude": 22.33539, "Estate Map Longitude": 114.21799, "transactions": null, "Year of Intake 1": "1995", "Num of Type": 1, "Type(s) of Block(s) 1": 1, "Type(s) of Block(s) 2": null, "Type(s) of Block(s) 3": null, "Type(s) of Block(s) 4": null, "Type(s) of Block(s) 5": null, "No. of Blocks": 2, "No. of Rental Flats": 1400, "Flat Size (m2)": "16.1 - 43.2", "Min Size": 16.1, "Max Size": 43.2, "Avr Size": 29.65, "Region Name EN": "Kowloon", "Region Name SC": "九龙", "Coordinate": "114.21799,22.33539", "Type of Estate EN 1": "Public Rental Housing", "Type of Estate SC": "租住屋邨", "CACODE": "H21", "Shape_Leng": 3399.131647, "Shape_Area": 649717.1073, "18_districts": "黃大仙區 ", "hk_islands": "376", "kowloon": 589, "new_towns": 848, "others": "161" }, "geometry": { "type": "Point", "coordinates": [ 114.21799, 22.33539 ] } },
{ "type": "Feature", "properties": { "Estate Name EN": "Kwong Fuk Estate", "Estate Name SC": "广福邨", "ENAME": "Kwong Fuk & Plover Cove", "CNAME": "廣福及寶湖", "Estate Map Latitude": 22.44784, "Estate Map Longitude": 114.17392, "transactions": null, "Year of Intake 1": "1983", "Num of Type": 3, "Type(s) of Block(s) 1": 2, "Type(s) of Block(s) 2": 11, "Type(s) of Block(s) 3": 3, "Type(s) of Block(s) 4": null, "Type(s) of Block(s) 5": null, "No. of Blocks": 8, "No. of Rental Flats": 6200, "Flat Size (m2)": "11.2 - 42.1", "Min Size": 11.2, "Max Size": 42.1, "Avr Size": 26.65, "Region Name EN": "NewTerritories", "Region Name SC": "新界", "Coordinate": "114.17392,22.44784", "Type of Estate EN 1": "Public Rental Housing", "Type of Estate SC": "租住屋邨", "CACODE": "P08", "Shape_Leng": 3189.963268, "Shape_Area": 233455.7285, "18_districts": "大埔區 ", "hk_islands": "12", "kowloon": 39, "new_towns": 353, "others": "98" }, "geometry": { "type": "Point", "coordinates": [ 114.17392, 22.44784 ] } },
{ "type": "Feature", "properties": { "Estate Name EN": "Wan Hon Estate", "Estate Name SC": "云汉邨", "ENAME": "Hip Hong", "CNAME": "協康", "Estate Map Latitude": 22.3179, "Estate Map Longitude": 114.22325, "transactions": null, "Year of Intake 1": "1998", "Num of Type": 1, "Type(s) of Block(s) 1": 13, "Type(s) of Block(s) 2": null, "Type(s) of Block(s) 3": null, "Type(s) of Block(s) 4": null, "Type(s) of Block(s) 5": null, "No. of Blocks": 2, "No. of Rental Flats": 1000, "Flat Size (m2)": "17.3 - 53.8", "Min Size": 17.3, "Max Size": 53.8, "Avr Size": 35.55, "Region Name EN": "Kowloon", "Region Name SC": "九龙", "Coordinate": "114.22325,22.3179", "Type of Estate EN 1": "Public Rental Housing", "Type of Estate SC": "租住屋邨", "CACODE": "J33", "Shape_Leng": 2004.551299, "Shape_Area": 204422.2398, "18_districts": "觀塘區 ", "hk_islands": "217", "kowloon": 331, "new_towns": 570, "others": "160" }, "geometry": { "type": "Point", "coordinates": [ 114.22325, 22.3179 ] } },
{ "type": "Feature", "properties": { "Estate Name EN": "Wo Lok Estate", "Estate Name SC": "和乐邨", "ENAME": "Po Lok", "CNAME": "寶樂", "Estate Map Latitude": 22.31625, "Estate Map Longitude": 114.2275, "transactions": null, "Year of Intake 1": "1962", "Num of Type": 1, "Type(s) of Block(s) 1": 2, "Type(s) of Block(s) 2": null, "Type(s) of Block(s) 3": null, "Type(s) of Block(s) 4": null, "Type(s) of Block(s) 5": null, "No. of Blocks": 11, "No. of Rental Flats": 1900, "Flat Size (m2)": "24.0 - 32.6", "Min Size": 24.0, "Max Size": 32.6, "Avr Size": 28.3, "Region Name EN": "Kowloon", "Region Name SC": "九龙", "Coordinate": "114.2275,22.31625", "Type of Estate EN 1": "Public Rental Housing", "Type of Estate SC": "租住屋邨", "CACODE": "J31", "Shape_Leng": 1239.577313, "Shape_Area": 80566.26475, "18_districts": "觀塘區 ", "hk_islands": "47", "kowloon": 260, "new_towns": 98, "others": "--" }, "geometry": { "type": "Point", "coordinates": [ 114.2275, 22.31625 ] } },
{ "type": "Feature", "properties": { "Estate Name EN": "Choi Wan (2) Estate", "Estate Name SC": "彩云二邨", "ENAME": "Choi Wan South", "CNAME": "彩雲南", "Estate Map Latitude": 22.33373, "Estate Map Longitude": 114.21733, "transactions": null, "Year of Intake 1": "1978", "Num of Type": 2, "Type(s) of Block(s) 1": 12, "Type(s) of Block(s) 2": 3, "Type(s) of Block(s) 3": null, "Type(s) of Block(s) 4": null, "Type(s) of Block(s) 5": null, "No. of Blocks": 5, "No. of Rental Flats": 3000, "Flat Size (m2)": "29.0 - 54.9", "Min Size": 29.0, "Max Size": 54.9, "Avr Size": 41.95, "Region Name EN": "Kowloon", "Region Name SC": "九龙", "Coordinate": "114.21733,22.33373", "Type of Estate EN 1": "Public Rental Housing", "Type of Estate SC": "租住屋邨", "CACODE": "H22", "Shape_Leng": 1398.049908, "Shape_Area": 80770.97229000001, "18_districts": "黃大仙區 ", "hk_islands": "36", "kowloon": 721, "new_towns": 234, "others": "45" }, "geometry": { "type": "Point", "coordinates": [ 114.21733, 22.33373 ] } },
{ "type": "Feature", "properties": { "Estate Name EN": "Grandeur Terrace", "Estate Name SC": "俊宏轩", "ENAME": "Wang Yat", "CNAME": "宏逸", "Estate Map Latitude": 22.46878, "Estate Map Longitude": 114.00239, "transactions": null, "Year of Intake 1": "2003", "Num of Type": 1, "Type(s) of Block(s) 1": 0, "Type(s) of Block(s) 2": null, "Type(s) of Block(s) 3": null, "Type(s) of Block(s) 4": null, "Type(s) of Block(s) 5": null, "No. of Blocks": 11, "No. of Rental Flats": 4100, "Flat Size (m2)": "34.4 - 45.7", "Min Size": 34.4, "Max Size": 45.7, "Avr Size": 40.05, "Region Name EN": "NewTerritories", "Region Name SC": "新界", "Coordinate": "114.00239,22.46878", "Type of Estate EN 1": "Public Rental Housing", "Type of Estate SC": "租住屋邨", "CACODE": "M33", "Shape_Leng": 4931.096146, "Shape_Area": 684999.2666, "18_districts": "元朗區 ", "hk_islands": "65", "kowloon": 173, "new_towns": 730, "others": "325" }, "geometry": { "type": "Point", "coordinates": [ 114.00239, 22.46878 ] } },
{ "type": "Feature", "properties": { "Estate Name EN": "Long Ping Estate", "Estate Name SC": "朗屏邨", "ENAME": "Nam Ping", "CNAME": "南屏", "Estate Map Latitude": 22.44908, "Estate Map Longitude": 114.02275, "transactions": 6983, "Year of Intake 1": "1986", "Num of Type": 3, "Type(s) of Block(s) 1": 12, "Type(s) of Block(s) 2": 2, "Type(s) of Block(s) 3": 11, "Type(s) of Block(s) 4": null, "Type(s) of Block(s) 5": null, "No. of Blocks": 15, "No. of Rental Flats": 1500, "Flat Size (m2)": "29.1 - 64.5", "Min Size": 29.1, "Max Size": 64.5, "Avr Size": 46.8, "Region Name EN": "NewTerritories", "Region Name SC": "新界", "Coordinate": "114.02275,22.44908", "Type of Estate EN 1": "Tenants Purchase Scheme", "Type of Estate SC": "租者置其屋计划", "CACODE": "M07", "Shape_Leng": 1628.262657, "Shape_Area": 165454.1827, "18_districts": "元朗區 ", "hk_islands": "126", "kowloon": 317, "new_towns": 618, "others": "166" }, "geometry": { "type": "Point", "coordinates": [ 114.02275, 22.44908 ] } },
{ "type": "Feature", "properties": { "Estate Name EN": "Shui Pin Wai Estate", "Estate Name SC": "水边围邨", "ENAME": "Shui Pin", "CNAME": "水邊", "Estate Map Latitude": 22.44602, "Estate Map Longitude": 114.02027, "transactions": null, "Year of Intake 1": "1981", "Num of Type": 3, "Type(s) of Block(s) 1": 2, "Type(s) of Block(s) 2": 12, "Type(s) of Block(s) 3": 13, "Type(s) of Block(s) 4": null, "Type(s) of Block(s) 5": null, "No. of Blocks": 7, "No. of Rental Flats": 2400, "Flat Size (m2)": "22.9 - 54.8", "Min Size": 22.9, "Max Size": 54.8, "Avr Size": 38.85, "Region Name EN": "NewTerritories", "Region Name SC": "新界", "Coordinate": "114.02027,22.44602", "Type of Estate EN 1": "Public Rental Housing", "Type of Estate SC": "租住屋邨", "CACODE": "M06", "Shape_Leng": 4342.453114, "Shape_Area": 436050.4499, "18_districts": "元朗區 ", "hk_islands": "76", "kowloon": 425, "new_towns": 806, "others": "407" }, "geometry": { "type": "Point", "coordinates": [ 114.02027, 22.44602 ] } },
{ "type": "Feature", "properties": { "Estate Name EN": "Tin Chak Estate", "Estate Name SC": "天泽邨", "ENAME": "Yat Chak", "CNAME": "逸澤", "Estate Map Latitude": 22.46726, "Estate Map Longitude": 113.99754, "transactions": null, "Year of Intake 1": "2001", "Num of Type": 1, "Type(s) of Block(s) 1": 1, "Type(s) of Block(s) 2": null, "Type(s) of Block(s) 3": null, "Type(s) of Block(s) 4": null, "Type(s) of Block(s) 5": null, "No. of Blocks": 6, "No. of Rental Flats": 4000, "Flat Size (m2)": "16.3 - 43.3", "Min Size": 16.3, "Max Size": 43.3, "Avr Size": 29.8, "Region Name EN": "NewTerritories", "Region Name SC": "新界", "Coordinate": "113.99754,22.46726", "Type of Estate EN 1": "Public Rental Housing", "Type of Estate SC": "租住屋邨", "CACODE": "M31", "Shape_Leng": 1495.226492, "Shape_Area": 132941.9645, "18_districts": "元朗區 ", "hk_islands": "32", "kowloon": 16, "new_towns": 542, "others": "121" }, "geometry": { "type": "Point", "coordinates": [ 113.99754, 22.46726 ] } },
{ "type": "Feature", "properties": { "Estate Name EN": "Tin Shui (1) Estate", "Estate Name SC": "天瑞一邨", "ENAME": "Shui Oi", "CNAME": "瑞愛", "Estate Map Latitude": 22.45565, "Estate Map Longitude": 113.99777, "transactions": null, "Year of Intake 1": "1993", "Num of Type": 1, "Type(s) of Block(s) 1": 1, "Type(s) of Block(s) 2": null, "Type(s) of Block(s) 3": null, "Type(s) of Block(s) 4": null, "Type(s) of Block(s) 5": null, "No. of Blocks": 7, "No. of Rental Flats": 4600, "Flat Size (m2)": "16.9 - 52.2", "Min Size": 16.9, "Max Size": 52.2, "Avr Size": 34.55, "Region Name EN": "NewTerritories", "Region Name SC": "新界", "Coordinate": "113.99777,22.45565", "Type of Estate EN 1": "Public Rental Housing", "Type of Estate SC": "租住屋邨", "CACODE": "M23", "Shape_Leng": 1859.812335, "Shape_Area": 175796.9414, "18_districts": "元朗區 ", "hk_islands": "51", "kowloon": 67, "new_towns": 402, "others": "272" }, "geometry": { "type": "Point", "coordinates": [ 113.99777, 22.45565 ] } },
{ "type": "Feature", "properties": { "Estate Name EN": "Tin Tsz Estate", "Estate Name SC": "天慈邨", "ENAME": "Tsz Yau", "CNAME": "慈祐", "Estate Map Latitude": 22.45261, "Estate Map Longitude": 114.00738, "transactions": null, "Year of Intake 1": "1997", "Num of Type": 1, "Type(s) of Block(s) 1": 1, "Type(s) of Block(s) 2": null, "Type(s) of Block(s) 3": null, "Type(s) of Block(s) 4": null, "Type(s) of Block(s) 5": null, "No. of Blocks": 4, "No. of Rental Flats": 3300, "Flat Size (m2)": "12.8 - 43.3", "Min Size": 12.8, "Max Size": 43.3, "Avr Size": 28.05, "Region Name EN": "NewTerritories", "Region Name SC": "新界", "Coordinate": "114.00738,22.45261", "Type of Estate EN 1": "Public Rental Housing", "Type of Estate SC": "租住屋邨", "CACODE": "M21", "Shape_Leng": 2127.376462, "Shape_Area": 154111.323, "18_districts": "元朗區 ", "hk_islands": "64", "kowloon": 113, "new_towns": 460, "others": "104" }, "geometry": { "type": "Point", "coordinates": [ 114.00738, 22.45261 ] } },
{ "type": "Feature", "properties": { "Estate Name EN": "Tin Yiu (1) Estate", "Estate Name SC": "天耀一邨", "ENAME": "Tin Yiu", "CNAME": "天耀", "Estate Map Latitude": 22.44976, "Estate Map Longitude": 114.00506, "transactions": null, "Year of Intake 1": "1992", "Num of Type": 1, "Type(s) of Block(s) 1": 1, "Type(s) of Block(s) 2": 11, "Type(s) of Block(s) 3": null, "Type(s) of Block(s) 4": null, "Type(s) of Block(s) 5": null, "No. of Blocks": 6, "No. of Rental Flats": 4700, "Flat Size (m2)": "12.1 - 52.2", "Min Size": 12.1, "Max Size": 52.2, "Avr Size": 32.15, "Region Name EN": "NewTerritories", "Region Name SC": "新界", "Coordinate": "114.00506,22.44976", "Type of Estate EN 1": "Public Rental Housing", "Type of Estate SC": "租住屋邨", "CACODE": "M19", "Shape_Leng": 1280.740842, "Shape_Area": 97860.78532, "18_districts": "元朗區 ", "hk_islands": "12", "kowloon": 37, "new_towns": 310, "others": "4" }, "geometry": { "type": "Point", "coordinates": [ 114.00506, 22.44976 ] } },
{ "type": "Feature", "properties": { "Estate Name EN": "Tin Wah Estate", "Estate Name SC": "天华邨", "ENAME": "Chung Wah", "CNAME": "頌華", "Estate Map Latitude": 22.46069, "Estate Map Longitude": 113.99545, "transactions": null, "Year of Intake 1": "1999", "Num of Type": 3, "Type(s) of Block(s) 1": 1, "Type(s) of Block(s) 2": 0, "Type(s) of Block(s) 3": 5, "Type(s) of Block(s) 4": null, "Type(s) of Block(s) 5": null, "No. of Blocks": 7, "No. of Rental Flats": 3700, "Flat Size (m2)": "10.4 - 52.3", "Min Size": 10.4, "Max Size": 52.3, "Avr Size": 31.35, "Region Name EN": "NewTerritories", "Region Name SC": "新界", "Coordinate": "113.99545,22.46069", "Type of Estate EN 1": "Public Rental Housing", "Type of Estate SC": "租住屋邨", "CACODE": "M25", "Shape_Leng": 1933.000666, "Shape_Area": 122890.1728, "18_districts": "元朗區 ", "hk_islands": "--", "kowloon": 155, "new_towns": 449, "others": "83" }, "geometry": { "type": "Point", "coordinates": [ 113.99545, 22.46069 ] } },
{ "type": "Feature", "properties": { "Estate Name EN": "Choi Ha Estate", "Estate Name SC": "彩霞邨", "ENAME": "Jordan Valley", "CNAME": "佐敦谷", "Estate Map Latitude": 22.32603, "Estate Map Longitude": 114.21825, "transactions": 1934, "Year of Intake 1": "1989", "Num of Type": 2, "Type(s) of Block(s) 1": 1, "Type(s) of Block(s) 2": 11, "Type(s) of Block(s) 3": null, "Type(s) of Block(s) 4": null, "Type(s) of Block(s) 5": null, "No. of Blocks": 3, "No. of Rental Flats": 300, "Flat Size (m2)": "17.9 - 71.8", "Min Size": 17.9, "Max Size": 71.8, "Avr Size": 44.85, "Region Name EN": "Kowloon", "Region Name SC": "九龙", "Coordinate": "114.21825,22.32603", "Type of Estate EN 1": "Tenants Purchase Scheme", "Type of Estate SC": "租者置其屋计划", "CACODE": "J07", "Shape_Leng": 2283.465836, "Shape_Area": 203265.7049, "18_districts": "觀塘區 ", "hk_islands": "301", "kowloon": 1210, "new_towns": 457, "others": "6" }, "geometry": { "type": "Point", "coordinates": [ 114.21825, 22.32603 ] } },
{ "type": "Feature", "properties": { "Estate Name EN": "Tin Yan Estate", "Estate Name SC": "天恩邨", "ENAME": "Yuet Yan", "CNAME": "悅恩", "Estate Map Latitude": 22.46436, "Estate Map Longitude": 113.996, "transactions": null, "Year of Intake 1": "2004", "Num of Type": 1, "Type(s) of Block(s) 1": 0, "Type(s) of Block(s) 2": null, "Type(s) of Block(s) 3": null, "Type(s) of Block(s) 4": null, "Type(s) of Block(s) 5": null, "No. of Blocks": 8, "No. of Rental Flats": 5600, "Flat Size (m2)": "8.2 - 35", "Min Size": 8.2, "Max Size": 35.0, "Avr Size": 21.6, "Region Name EN": "NewTerritories", "Region Name SC": "新界", "Coordinate": "113.996,22.46436", "Type of Estate EN 1": "Public Rental Housing", "Type of Estate SC": "租住屋邨", "CACODE": "M28", "Shape_Leng": 2299.041118, "Shape_Area": 167517.9881, "18_districts": "元朗區 ", "hk_islands": "59", "kowloon": 104, "new_towns": 643, "others": "152" }, "geometry": { "type": "Point", "coordinates": [ 113.996, 22.46436 ] } },
{ "type": "Feature", "properties": { "Estate Name EN": "Tin Yat Estate", "Estate Name SC": "天逸邨", "ENAME": "Yat Chak", "CNAME": "逸澤", "Estate Map Latitude": 22.46671, "Estate Map Longitude": 114.00015, "transactions": null, "Year of Intake 1": "2001", "Num of Type": 1, "Type(s) of Block(s) 1": 9, "Type(s) of Block(s) 2": null, "Type(s) of Block(s) 3": null, "Type(s) of Block(s) 4": null, "Type(s) of Block(s) 5": null, "No. of Blocks": 9, "No. of Rental Flats": 3300, "Flat Size (m2)": "32.4 - 54.2", "Min Size": 32.4, "Max Size": 54.2, "Avr Size": 43.3, "Region Name EN": "NewTerritories", "Region Name SC": "新界", "Coordinate": "114.00015,22.46671", "Type of Estate EN 1": "Public Rental Housing", "Type of Estate SC": "租住屋邨", "CACODE": "M31", "Shape_Leng": 1495.226492, "Shape_Area": 132941.9645, "18_districts": "元朗區 ", "hk_islands": "32", "kowloon": 16, "new_towns": 542, "others": "121" }, "geometry": { "type": "Point", "coordinates": [ 114.00015, 22.46671 ] } },
{ "type": "Feature", "properties": { "Estate Name EN": "Yan On Estate", "Estate Name SC": "欣安邨", "ENAME": "Tai Shui Hang", "CNAME": "大水坑", "Estate Map Latitude": 22.41395, "Estate Map Longitude": 114.22533, "transactions": null, "Year of Intake 1": "2011", "Num of Type": 1, "Type(s) of Block(s) 1": 0, "Type(s) of Block(s) 2": null, "Type(s) of Block(s) 3": null, "Type(s) of Block(s) 4": null, "Type(s) of Block(s) 5": null, "No. of Blocks": 3, "No. of Rental Flats": 2600, "Flat Size (m2)": "14.05 - 39.51", "Min Size": 14.05, "Max Size": 39.51, "Avr Size": 26.78, "Region Name EN": "NewTerritories", "Region Name SC": "新界", "Coordinate": "114.22533,22.41395", "Type of Estate EN 1": "Public Rental Housing", "Type of Estate SC": "租住屋邨", "CACODE": "R35", "Shape_Leng": 13889.65343, "Shape_Area": 9290230.463, "18_districts": "沙田區 ", "hk_islands": "115", "kowloon": 134, "new_towns": 405, "others": "40" }, "geometry": { "type": "Point", "coordinates": [ 114.22533, 22.41395 ] } },
{ "type": "Feature", "properties": { "Estate Name EN": "Tin Yiu (2) Estate", "Estate Name SC": "天耀二邨", "ENAME": "Yiu Yau", "CNAME": "耀祐", "Estate Map Latitude": 22.45255, "Estate Map Longitude": 114.00374, "transactions": null, "Year of Intake 1": "1993", "Num of Type": 1, "Type(s) of Block(s) 1": 1, "Type(s) of Block(s) 2": null, "Type(s) of Block(s) 3": null, "Type(s) of Block(s) 4": null, "Type(s) of Block(s) 5": null, "No. of Blocks": 6, "No. of Rental Flats": 3800, "Flat Size (m2)": "34.8 - 52.2", "Min Size": 34.8, "Max Size": 52.2, "Avr Size": 43.5, "Region Name EN": "NewTerritories", "Region Name SC": "新界", "Coordinate": "114.00374,22.45255", "Type of Estate EN 1": "Public Rental Housing", "Type of Estate SC": "租住屋邨", "CACODE": "M20", "Shape_Leng": 1451.209734, "Shape_Area": 87547.00013, "18_districts": "元朗區 ", "hk_islands": "82", "kowloon": 48, "new_towns": 844, "others": "137" }, "geometry": { "type": "Point", "coordinates": [ 114.00374, 22.45255 ] } },
{ "type": "Feature", "properties": { "Estate Name EN": "Sau Mau Ping (South) Estate", "Estate Name SC": "秀茂坪南邨", "ENAME": "Sau Mau Ping North", "CNAME": "秀茂坪北", "Estate Map Latitude": 22.32161, "Estate Map Longitude": 114.22982, "transactions": null, "Year of Intake 1": "2009", "Num of Type": 1, "Type(s) of Block(s) 1": 1, "Type(s) of Block(s) 2": null, "Type(s) of Block(s) 3": null, "Type(s) of Block(s) 4": null, "Type(s) of Block(s) 5": null, "No. of Blocks": 5, "No. of Rental Flats": 4000, "Flat Size (m2)": "17.05 - 39.15", "Min Size": 17.05, "Max Size": 39.15, "Avr Size": 28.1, "Region Name EN": "Kowloon", "Region Name SC": "九龙", "Coordinate": "114.22982,22.32161", "Type of Estate EN 1": "Public Rental Housing", "Type of Estate SC": "租住屋邨", "CACODE": "J12", "Shape_Leng": 3345.436218, "Shape_Area": 240968.1155, "18_districts": "觀塘區 ", "hk_islands": "209", "kowloon": 613, "new_towns": 259, "others": "22" }, "geometry": { "type": "Point", "coordinates": [ 114.22982, 22.32161 ] } },
{ "type": "Feature", "properties": { "Estate Name EN": "Tin Yuet Estate", "Estate Name SC": "天悦邨", "ENAME": "Yuet Yan", "CNAME": "悅恩", "Estate Map Latitude": 22.46274, "Estate Map Longitude": 113.99939, "transactions": null, "Year of Intake 1": "2000", "Num of Type": 1, "Type(s) of Block(s) 1": 1, "Type(s) of Block(s) 2": 0, "Type(s) of Block(s) 3": null, "Type(s) of Block(s) 4": null, "Type(s) of Block(s) 5": null, "No. of Blocks": 6, "No. of Rental Flats": 4200, "Flat Size (m2)": "9.8 - 49.0", "Min Size": 9.8, "Max Size": 49.0, "Avr Size": 29.4, "Region Name EN": "NewTerritories", "Region Name SC": "新界", "Coordinate": "113.99939,22.46274", "Type of Estate EN 1": "Public Rental Housing", "Type of Estate SC": "租住屋邨", "CACODE": "M28", "Shape_Leng": 2299.041118, "Shape_Area": 167517.9881, "18_districts": "元朗區 ", "hk_islands": "59", "kowloon": 104, "new_towns": 643, "others": "152" }, "geometry": { "type": "Point", "coordinates": [ 113.99939, 22.46274 ] } },
{ "type": "Feature", "properties": { "Estate Name EN": "Ko Yee Estate", "Estate Name SC": "高怡邨", "ENAME": "Yau Tong East", "CNAME": "油塘東", "Estate Map Latitude": 22.29749, "Estate Map Longitude": 114.24145, "transactions": null, "Year of Intake 1": "1994", "Num of Type": 2, "Type(s) of Block(s) 1": 1, "Type(s) of Block(s) 2": 13, "Type(s) of Block(s) 3": null, "Type(s) of Block(s) 4": null, "Type(s) of Block(s) 5": null, "No. of Blocks": 4, "No. of Rental Flats": 1200, "Flat Size (m2)": "12.5 - 49.3", "Min Size": 12.5, "Max Size": 49.3, "Avr Size": 30.9, "Region Name EN": "Kowloon", "Region Name SC": "九龙", "Coordinate": "114.24145,22.29749", "Type of Estate EN 1": "Public Rental Housing", "Type of Estate SC": "租住屋邨", "CACODE": "J23", "Shape_Leng": 2745.749086, "Shape_Area": 204173.2826, "18_districts": "觀塘區 ", "hk_islands": "259", "kowloon": 62, "new_towns": 120, "others": "38" }, "geometry": { "type": "Point", "coordinates": [ 114.24145, 22.29749 ] } },
{ "type": "Feature", "properties": { "Estate Name EN": "Hing Tin Estate", "Estate Name SC": "兴田邨", "ENAME": "Hing Tin", "CNAME": "興田", "Estate Map Latitude": 22.31285, "Estate Map Longitude": 114.23877, "transactions": 2272, "Year of Intake 1": "1987", "Num of Type": 1, "Type(s) of Block(s) 1": 11, "Type(s) of Block(s) 2": null, "Type(s) of Block(s) 3": null, "Type(s) of Block(s) 4": null, "Type(s) of Block(s) 5": null, "No. of Blocks": 3, "No. of Rental Flats": 200, "Flat Size (m2)": "45.6 - 64.3", "Min Size": 45.6, "Max Size": 64.3, "Avr Size": 54.95, "Region Name EN": "Kowloon", "Region Name SC": "九龙", "Coordinate": "114.23877,22.31285", "Type of Estate EN 1": "Tenants Purchase Scheme", "Type of Estate SC": "租者置其屋计划", "CACODE": "J18", "Shape_Leng": 2020.248618, "Shape_Area": 102125.1311, "18_districts": "觀塘區 ", "hk_islands": "125", "kowloon": 232, "new_towns": 271, "others": "11" }, "geometry": { "type": "Point", "coordinates": [ 114.23877, 22.31285 ] } },
{ "type": "Feature", "properties": { "Estate Name EN": "Kai Tin Estate", "Estate Name SC": "启田邨", "ENAME": "Lam Tin", "CNAME": "藍田", "Estate Map Latitude": 22.30959, "Estate Map Longitude": 114.23492, "transactions": null, "Year of Intake 1": "1997", "Num of Type": 1, "Type(s) of Block(s) 1": 1, "Type(s) of Block(s) 2": null, "Type(s) of Block(s) 3": null, "Type(s) of Block(s) 4": null, "Type(s) of Block(s) 5": null, "No. of Blocks": 3, "No. of Rental Flats": 2300, "Flat Size (m2)": "12.8 - 49.0", "Min Size": 12.8, "Max Size": 49.0, "Avr Size": 30.9, "Region Name EN": "Kowloon", "Region Name SC": "九龙", "Coordinate": "114.23492,22.30959", "Type of Estate EN 1": "Public Rental Housing", "Type of Estate SC": "租住屋邨", "CACODE": "J19", "Shape_Leng": 1688.166636, "Shape_Area": 144175.7643, "18_districts": "觀塘區 ", "hk_islands": "192", "kowloon": 234, "new_towns": 143, "others": "11" }, "geometry": { "type": "Point", "coordinates": [ 114.23492, 22.30959 ] } },
{ "type": "Feature", "properties": { "Estate Name EN": "Kai Yip Estate", "Estate Name SC": "启业邨", "ENAME": "Kai Yip", "CNAME": "啟業", "Estate Map Latitude": 22.32958, "Estate Map Longitude": 114.20913, "transactions": null, "Year of Intake 1": "1981", "Num of Type": 2, "Type(s) of Block(s) 1": 2, "Type(s) of Block(s) 2": 11, "Type(s) of Block(s) 3": null, "Type(s) of Block(s) 4": null, "Type(s) of Block(s) 5": null, "No. of Blocks": 6, "No. of Rental Flats": 4300, "Flat Size (m2)": "18.2 - 39.6", "Min Size": 18.2, "Max Size": 39.6, "Avr Size": 28.9, "Region Name EN": "Kowloon", "Region Name SC": "九龙", "Coordinate": "114.20913,22.32958", "Type of Estate EN 1": "Public Rental Housing", "Type of Estate SC": "租住屋邨", "CACODE": "J03", "Shape_Leng": 4316.652309, "Shape_Area": 501028.1607, "18_districts": "觀塘區 ", "hk_islands": "170", "kowloon": 1050, "new_towns": 610, "others": "179" }, "geometry": { "type": "Point", "coordinates": [ 114.20913, 22.32958 ] } },
{ "type": "Feature", "properties": { "Estate Name EN": "Shan King Estate", "Estate Name SC": "山景邨", "ENAME": "Shan King", "CNAME": "山景", "Estate Map Latitude": 22.39895, "Estate Map Longitude": 113.9663, "transactions": 4927, "Year of Intake 1": "1983", "Num of Type": 3, "Type(s) of Block(s) 1": 12, "Type(s) of Block(s) 2": 2, "Type(s) of Block(s) 3": 11, "Type(s) of Block(s) 4": null, "Type(s) of Block(s) 5": null, "No. of Blocks": 9, "No. of Rental Flats": 3700, "Flat Size (m2)": "23.3 - 64.4", "Min Size": 23.3, "Max Size": 64.4, "Avr Size": 43.85, "Region Name EN": "NewTerritories", "Region Name SC": "新界", "Coordinate": "113.9663,22.39895", "Type of Estate EN 1": "Tenants Purchase Scheme", "Type of Estate SC": "租者置其屋计划", "CACODE": "L08", "Shape_Leng": 1882.579178, "Shape_Area": 139058.8976, "18_districts": "屯門區 ", "hk_islands": "8", "kowloon": 67, "new_towns": 85, "others": "177" }, "geometry": { "type": "Point", "coordinates": [ 113.9663, 22.39895 ] } },
{ "type": "Feature", "properties": { "Estate Name EN": "Kwong Tin Estate", "Estate Name SC": "广田邨", "ENAME": "Kwong Tak", "CNAME": "廣德", "Estate Map Latitude": 22.30332, "Estate Map Longitude": 114.23977, "transactions": null, "Year of Intake 1": "1992", "Num of Type": 1, "Type(s) of Block(s) 1": 1, "Type(s) of Block(s) 2": null, "Type(s) of Block(s) 3": null, "Type(s) of Block(s) 4": null, "Type(s) of Block(s) 5": null, "No. of Blocks": 4, "No. of Rental Flats": 2500, "Flat Size (m2)": "16.9 - 52.3", "Min Size": 16.9, "Max Size": 52.3, "Avr Size": 34.6, "Region Name EN": "Kowloon", "Region Name SC": "九龙", "Coordinate": "114.23977,22.30332", "Type of Estate EN 1": "Public Rental Housing", "Type of Estate SC": "租住屋邨", "CACODE": "J17", "Shape_Leng": 5327.818442, "Shape_Area": 546368.6897, "18_districts": "觀塘區 ", "hk_islands": "217", "kowloon": 373, "new_towns": 262, "others": "4" }, "geometry": { "type": "Point", "coordinates": [ 114.23977, 22.30332 ] } },
{ "type": "Feature", "properties": { "Estate Name EN": "Lok Wah South Estate", "Estate Name SC": "乐华南邨", "ENAME": "Lok Wah South", "CNAME": "樂華南", "Estate Map Latitude": 22.32008, "Estate Map Longitude": 114.22222, "transactions": null, "Year of Intake 1": "1982", "Num of Type": 2, "Type(s) of Block(s) 1": 2, "Type(s) of Block(s) 2": 11, "Type(s) of Block(s) 3": null, "Type(s) of Block(s) 4": null, "Type(s) of Block(s) 5": null, "No. of Blocks": 6, "No. of Rental Flats": 7000, "Flat Size (m2)": "10.2 - 23.5", "Min Size": 10.2, "Max Size": 23.5, "Avr Size": 16.85, "Region Name EN": "Kowloon", "Region Name SC": "九龙", "Coordinate": "114.22222,22.32008", "Type of Estate EN 1": "Public Rental Housing", "Type of Estate SC": "租住屋邨", "CACODE": "J34", "Shape_Leng": 2168.123289, "Shape_Area": 94436.44145, "18_districts": "觀塘區 ", "hk_islands": "195", "kowloon": 235, "new_towns": 791, "others": "51" }, "geometry": { "type": "Point", "coordinates": [ 114.22222, 22.32008 ] } },
{ "type": "Feature", "properties": { "Estate Name EN": "Lok Wah North Estate", "Estate Name SC": "乐华北邨", "ENAME": "Lok Wah North", "CNAME": "樂華北", "Estate Map Latitude": 22.32222, "Estate Map Longitude": 114.22021, "transactions": null, "Year of Intake 1": "1985", "Num of Type": 1, "Type(s) of Block(s) 1": 12, "Type(s) of Block(s) 2": null, "Type(s) of Block(s) 3": null, "Type(s) of Block(s) 4": null, "Type(s) of Block(s) 5": null, "No. of Blocks": 8, "No. of Rental Flats": 3000, "Flat Size (m2)": "29.3 - 57.6", "Min Size": 29.3, "Max Size": 57.6, "Avr Size": 43.45, "Region Name EN": "Kowloon", "Region Name SC": "九龙", "Coordinate": "114.22021,22.32222", "Type of Estate EN 1": "Public Rental Housing", "Type of Estate SC": "租住屋邨", "CACODE": "J35", "Shape_Leng": 2720.389661, "Shape_Area": 196591.0085, "18_districts": "觀塘區 ", "hk_islands": "252", "kowloon": 215, "new_towns": 76, "others": "--" }, "geometry": { "type": "Point", "coordinates": [ 114.22021, 22.32222 ] } },
{ "type": "Feature", "properties": { "Estate Name EN": "On Tin Estate", "Estate Name SC": "安田邨", "ENAME": "Ping Tin", "CNAME": "平田", "Estate Map Latitude": 22.30781, "Estate Map Longitude": 114.23545, "transactions": null, "Year of Intake 1": "2005", "Num of Type": 1, "Type(s) of Block(s) 1": 9, "Type(s) of Block(s) 2": null, "Type(s) of Block(s) 3": null, "Type(s) of Block(s) 4": null, "Type(s) of Block(s) 5": null, "No. of Blocks": 2, "No. of Rental Flats": 700, "Flat Size (m2)": "32.1 - 53.6", "Min Size": 32.1, "Max Size": 53.6, "Avr Size": 42.85, "Region Name EN": "Kowloon", "Region Name SC": "九龙", "Coordinate": "114.23545,22.30781", "Type of Estate EN 1": "Public Rental Housing", "Type of Estate SC": "租住屋邨", "CACODE": "J20", "Shape_Leng": 1927.791971, "Shape_Area": 133036.2945, "18_districts": "觀塘區 ", "hk_islands": "71", "kowloon": 404, "new_towns": 134, "others": "77" }, "geometry": { "type": "Point", "coordinates": [ 114.23545, 22.30781 ] } },
{ "type": "Feature", "properties": { "Estate Name EN": "Ping Tin Estate", "Estate Name SC": "平田邨", "ENAME": "Ping Tin", "CNAME": "平田", "Estate Map Latitude": 22.30603, "Estate Map Longitude": 114.23608, "transactions": null, "Year of Intake 1": "1996", "Num of Type": 2, "Type(s) of Block(s) 1": 1, "Type(s) of Block(s) 2": 17, "Type(s) of Block(s) 3": null, "Type(s) of Block(s) 4": null, "Type(s) of Block(s) 5": null, "No. of Blocks": 8, "No. of Rental Flats": 5700, "Flat Size (m2)": "9.8 - 49.0", "Min Size": 9.8, "Max Size": 49.0, "Avr Size": 29.4, "Region Name EN": "Kowloon", "Region Name SC": "九龙", "Coordinate": "114.23608,22.30603", "Type of Estate EN 1": "Public Rental Housing", "Type of Estate SC": "租住屋邨", "CACODE": "J20", "Shape_Leng": 1927.791971, "Shape_Area": 133036.2945, "18_districts": "觀塘區 ", "hk_islands": "71", "kowloon": 404, "new_towns": 134, "others": "77" }, "geometry": { "type": "Point", "coordinates": [ 114.23608, 22.30603 ] } },
{ "type": "Feature", "properties": { "Estate Name EN": "Po Tat Estate", "Estate Name SC": "宝达邨", "ENAME": "Po Tat", "CNAME": "寶達", "Estate Map Latitude": 22.31712, "Estate Map Longitude": 114.23779, "transactions": null, "Year of Intake 1": "2001", "Num of Type": 3, "Type(s) of Block(s) 1": 1, "Type(s) of Block(s) 2": 13, "Type(s) of Block(s) 3": 9, "Type(s) of Block(s) 4": null, "Type(s) of Block(s) 5": null, "No. of Blocks": 13, "No. of Rental Flats": 7400, "Flat Size (m2)": "16.3 - 53.7", "Min Size": 16.3, "Max Size": 53.7, "Avr Size": 35.0, "Region Name EN": "Kowloon", "Region Name SC": "九龙", "Coordinate": "114.23779,22.31712", "Type of Estate EN 1": "Public Rental Housing", "Type of Estate SC": "租住屋邨", "CACODE": "J16", "Shape_Leng": 3129.818801, "Shape_Area": 257215.8422, "18_districts": "觀塘區 ", "hk_islands": "24", "kowloon": 245, "new_towns": 235, "others": "12" }, "geometry": { "type": "Point", "coordinates": [ 114.23779, 22.31712 ] } },
{ "type": "Feature", "properties": { "Estate Name EN": "Sau Mau Ping Estate", "Estate Name SC": "秀茂坪邨", "ENAME": "Sau Mau Ping North", "CNAME": "秀茂坪北", "Estate Map Latitude": 22.31621, "Estate Map Longitude": 114.23328, "transactions": null, "Year of Intake 1": "1984", "Num of Type": 2, "Type(s) of Block(s) 1": 1, "Type(s) of Block(s) 2": 17, "Type(s) of Block(s) 3": null, "Type(s) of Block(s) 4": null, "Type(s) of Block(s) 5": null, "No. of Blocks": 19, "No. of Rental Flats": 12500, "Flat Size (m2)": "10.6 - 52.2", "Min Size": 10.6, "Max Size": 52.2, "Avr Size": 31.4, "Region Name EN": "Kowloon", "Region Name SC": "九龙", "Coordinate": "114.23328,22.31621", "Type of Estate EN 1": "Public Rental Housing", "Type of Estate SC": "租住屋邨", "CACODE": "J12", "Shape_Leng": 3345.436218, "Shape_Area": 240968.1155, "18_districts": "觀塘區 ", "hk_islands": "209", "kowloon": 613, "new_towns": 259, "others": "22" }, "geometry": { "type": "Point", "coordinates": [ 114.23328, 22.31621 ] } },
{ "type": "Feature", "properties": { "Estate Name EN": "Shun On Estate", "Estate Name SC": "顺安邨", "ENAME": "On Lee", "CNAME": "安利", "Estate Map Latitude": 22.32928, "Estate Map Longitude": 114.22636, "transactions": null, "Year of Intake 1": "1978", "Num of Type": 2, "Type(s) of Block(s) 1": 9, "Type(s) of Block(s) 2": 2, "Type(s) of Block(s) 3": null, "Type(s) of Block(s) 4": null, "Type(s) of Block(s) 5": null, "No. of Blocks": 4, "No. of Rental Flats": 3000, "Flat Size (m2)": "24.4 - 46.8", "Min Size": 24.4, "Max Size": 46.8, "Avr Size": 35.6, "Region Name EN": "Kowloon", "Region Name SC": "九龙", "Coordinate": "114.22636,22.32928", "Type of Estate EN 1": "Public Rental Housing", "Type of Estate SC": "租住屋邨", "CACODE": "J10", "Shape_Leng": 2845.80274, "Shape_Area": 212463.9262, "18_districts": "觀塘區 ", "hk_islands": "1172", "kowloon": 2673, "new_towns": 779, "others": "119" }, "geometry": { "type": "Point", "coordinates": [ 114.22636, 22.32928 ] } },
{ "type": "Feature", "properties": { "Estate Name EN": "Tak Tin Estate", "Estate Name SC": "德田邨", "ENAME": "Kwong Tak", "CNAME": "廣德", "Estate Map Latitude": 22.30976, "Estate Map Longitude": 114.23962, "transactions": 4178, "Year of Intake 1": "1991", "Num of Type": 3, "Type(s) of Block(s) 1": 2, "Type(s) of Block(s) 2": 0, "Type(s) of Block(s) 3": 13, "Type(s) of Block(s) 4": null, "Type(s) of Block(s) 5": null, "No. of Blocks": 9, "No. of Rental Flats": 1500, "Flat Size (m2)": "15.3 - 73.3", "Min Size": 15.3, "Max Size": 73.3, "Avr Size": 44.3, "Region Name EN": "Kowloon", "Region Name SC": "九龙", "Coordinate": "114.23962,22.30976", "Type of Estate EN 1": "Tenants Purchase Scheme", "Type of Estate SC": "租者置其屋计划", "CACODE": "J17", "Shape_Leng": 5327.818442, "Shape_Area": 546368.6897, "18_districts": "觀塘區 ", "hk_islands": "217", "kowloon": 373, "new_towns": 262, "others": "4" }, "geometry": { "type": "Point", "coordinates": [ 114.23962, 22.30976 ] } },
{ "type": "Feature", "properties": { "Estate Name EN": "Tsui Ping (North) Estate", "Estate Name SC": "翠屏(北)邨", "ENAME": "Po Lok", "CNAME": "寶樂", "Estate Map Latitude": 22.31555, "Estate Map Longitude": 114.22915, "transactions": 4286, "Year of Intake 1": "1982", "Num of Type": 3, "Type(s) of Block(s) 1": 12, "Type(s) of Block(s) 2": 4, "Type(s) of Block(s) 3": 2, "Type(s) of Block(s) 4": null, "Type(s) of Block(s) 5": null, "No. of Blocks": 12, "No. of Rental Flats": 2200, "Flat Size (m2)": "15.8 - 87.8", "Min Size": 15.8, "Max Size": 87.8, "Avr Size": 51.8, "Region Name EN": "Kowloon", "Region Name SC": "九龙", "Coordinate": "114.22915,22.31555", "Type of Estate EN 1": "Tenants Purchase Scheme", "Type of Estate SC": "租者置其屋计划", "CACODE": "J31", "Shape_Leng": 1239.577313, "Shape_Area": 80566.26475, "18_districts": "觀塘區 ", "hk_islands": "47", "kowloon": 260, "new_towns": 98, "others": "--" }, "geometry": { "type": "Point", "coordinates": [ 114.22915, 22.31555 ] } },
{ "type": "Feature", "properties": { "Estate Name EN": "Tsui Ping (South) Estate", "Estate Name SC": "翠屏(南)邨", "ENAME": "Tsui Ping", "CNAME": "翠屏", "Estate Map Latitude": 22.312977, "Estate Map Longitude": 114.23423, "transactions": null, "Year of Intake 1": "1989", "Num of Type": 3, "Type(s) of Block(s) 1": 1, "Type(s) of Block(s) 2": 4, "Type(s) of Block(s) 3": 11, "Type(s) of Block(s) 4": null, "Type(s) of Block(s) 5": null, "No. of Blocks": 7, "No. of Rental Flats": 4900, "Flat Size (m2)": "10.6 - 44.5", "Min Size": 10.6, "Max Size": 44.5, "Avr Size": 27.55, "Region Name EN": "Kowloon", "Region Name SC": "九龙", "Coordinate": "114.23423,22.312977", "Type of Estate EN 1": "Public Rental Housing", "Type of Estate SC": "租住屋邨", "CACODE": "J29", "Shape_Leng": 4135.462418, "Shape_Area": 362912.1202, "18_districts": "觀塘區 ", "hk_islands": "304", "kowloon": 468, "new_towns": 338, "others": "13" }, "geometry": { "type": "Point", "coordinates": [ 114.23423, 22.312977 ] } },
{ "type": "Feature", "properties": { "Estate Name EN": "Sheung Lok Estate", "Estate Name SC": "常乐邨", "ENAME": "Ho Man Tin", "CNAME": "何文田", "Estate Map Latitude": 22.32014, "Estate Map Longitude": 114.1813, "transactions": null, "Year of Intake 1": "1998", "Num of Type": 1, "Type(s) of Block(s) 1": 13, "Type(s) of Block(s) 2": null, "Type(s) of Block(s) 3": null, "Type(s) of Block(s) 4": null, "Type(s) of Block(s) 5": null, "No. of Blocks": 1, "No. of Rental Flats": 400, "Flat Size (m2)": "17.9 - 41.8", "Min Size": 17.9, "Max Size": 41.8, "Avr Size": 29.85, "Region Name EN": "Kowloon", "Region Name SC": "九龙", "Coordinate": "114.1813,22.32014", "Type of Estate EN 1": "Public Rental Housing", "Type of Estate SC": "租住屋邨", "CACODE": "G07", "Shape_Leng": 3983.469656, "Shape_Area": 511424.5099, "18_districts": "九龍城區 ", "hk_islands": "271", "kowloon": 771, "new_towns": 1273, "others": "94" }, "geometry": { "type": "Point", "coordinates": [ 114.1813, 22.32014 ] } },
{ "type": "Feature", "properties": { "Estate Name EN": "Pok Hong Estate", "Estate Name SC": "博康邨", "ENAME": "Pok Hong", "CNAME": "博康", "Estate Map Latitude": 22.37493, "Estate Map Longitude": 114.19191, "transactions": 4772, "Year of Intake 1": "1982", "Num of Type": 3, "Type(s) of Block(s) 1": 12, "Type(s) of Block(s) 2": 2, "Type(s) of Block(s) 3": 11, "Type(s) of Block(s) 4": null, "Type(s) of Block(s) 5": null, "No. of Blocks": 8, "No. of Rental Flats": 600, "Flat Size (m2)": "33.6 - 93.9", "Min Size": 33.6, "Max Size": 93.9, "Avr Size": 63.75, "Region Name EN": "NewTerritories", "Region Name SC": "新界", "Coordinate": "114.19191,22.37493", "Type of Estate EN 1": "Tenants Purchase Scheme", "Type of Estate SC": "租者置其屋计划", "CACODE": "R08", "Shape_Leng": 2231.874895, "Shape_Area": 240600.8729, "18_districts": "沙田區 ", "hk_islands": "37", "kowloon": 151, "new_towns": 226, "others": "1" }, "geometry": { "type": "Point", "coordinates": [ 114.19191, 22.37493 ] } },
{ "type": "Feature", "properties": { "Estate Name EN": "Cheung Shan Estate", "Estate Name SC": "象山邨", "ENAME": "Cheung Shek", "CNAME": "象石", "Estate Map Latitude": 22.37898, "Estate Map Longitude": 114.13121, "transactions": null, "Year of Intake 1": "1978", "Num of Type": 2, "Type(s) of Block(s) 1": 2, "Type(s) of Block(s) 2": 3, "Type(s) of Block(s) 3": null, "Type(s) of Block(s) 4": null, "Type(s) of Block(s) 5": null, "No. of Blocks": 3, "No. of Rental Flats": 1600, "Flat Size (m2)": "33.1 - 54.9", "Min Size": 33.1, "Max Size": 54.9, "Avr Size": 44.0, "Region Name EN": "NewTerritories", "Region Name SC": "新界", "Coordinate": "114.13121,22.37898", "Type of Estate EN 1": "Public Rental Housing", "Type of Estate SC": "租住屋邨", "CACODE": "K16", "Shape_Leng": 5618.826251, "Shape_Area": 1001627.874, "18_districts": "荃灣區 ", "hk_islands": "71", "kowloon": 179, "new_towns": 318, "others": "86" }, "geometry": { "type": "Point", "coordinates": [ 114.13121, 22.37898 ] } },
{ "type": "Feature", "properties": { "Estate Name EN": "Shek Kip Mei Estate", "Estate Name SC": "石硖尾邨", "ENAME": "Shek Kip Mei", "CNAME": "石硤尾", "Estate Map Latitude": 22.33266, "Estate Map Longitude": 114.1653, "transactions": null, "Year of Intake 1": "1976", "Num of Type": 2, "Type(s) of Block(s) 1": 2, "Type(s) of Block(s) 2": 0, "Type(s) of Block(s) 3": null, "Type(s) of Block(s) 4": null, "Type(s) of Block(s) 5": null, "No. of Blocks": 21, "No. of Rental Flats": 10800, "Flat Size (m2)": "14.05 - 55.7", "Min Size": 14.05, "Max Size": 55.7, "Avr Size": 34.875, "Region Name EN": "Kowloon", "Region Name SC": "九龙", "Coordinate": "114.1653,22.33266", "Type of Estate EN 1": "Public Rental Housing", "Type of Estate SC": "租住屋邨", "CACODE": "F04", "Shape_Leng": 1805.093784, "Shape_Area": 112010.5217, "18_districts": "深水埗區 ", "hk_islands": "452", "kowloon": 956, "new_towns": 421, "others": "15" }, "geometry": { "type": "Point", "coordinates": [ 114.1653, 22.33266 ] } },
{ "type": "Feature", "properties": { "Estate Name EN": "Pak Tin Estate", "Estate Name SC": "白田邨", "ENAME": "Ha Pak Tin", "CNAME": "下白田", "Estate Map Latitude": 22.33717, "Estate Map Longitude": 114.16755, "transactions": null, "Year of Intake 1": "1975", "Num of Type": 2, "Type(s) of Block(s) 1": 1, "Type(s) of Block(s) 2": null, "Type(s) of Block(s) 3": 0, "Type(s) of Block(s) 4": null, "Type(s) of Block(s) 5": null, "No. of Blocks": 19, "No. of Rental Flats": 9300, "Flat Size (m2)": "12.09 - 52.28", "Min Size": 12.09, "Max Size": 52.28, "Avr Size": 32.185, "Region Name EN": "Kowloon", "Region Name SC": "九龙", "Coordinate": "114.16755,22.33717", "Type of Estate EN 1": "Public Rental Housing", "Type of Estate SC": "租住屋邨", "CACODE": "F23", "Shape_Leng": 1676.260154, "Shape_Area": 151616.1411, "18_districts": "深水埗區 ", "hk_islands": "135", "kowloon": 342, "new_towns": 225, "others": "21" }, "geometry": { "type": "Point", "coordinates": [ 114.16755, 22.33717 ] } },
{ "type": "Feature", "properties": { "Estate Name EN": "Nam Shan Estate", "Estate Name SC": "南山邨", "ENAME": "Nam Shan, Tai Hang Tung & Tai Hang Sai", "CNAME": "南山、大坑東及大坑西", "Estate Map Latitude": 22.33446, "Estate Map Longitude": 114.17122, "transactions": null, "Year of Intake 1": "1977", "Num of Type": 1, "Type(s) of Block(s) 1": 2, "Type(s) of Block(s) 2": null, "Type(s) of Block(s) 3": null, "Type(s) of Block(s) 4": null, "Type(s) of Block(s) 5": null, "No. of Blocks": 8, "No. of Rental Flats": 2900, "Flat Size (m2)": "23.1 - 46.5", "Min Size": 23.1, "Max Size": 46.5, "Avr Size": 34.8, "Region Name EN": "Kowloon", "Region Name SC": "九龙", "Coordinate": "114.17122,22.33446", "Type of Estate EN 1": "Public Rental Housing", "Type of Estate SC": "租住屋邨", "CACODE": "F25", "Shape_Leng": 3711.075207, "Shape_Area": 446297.6811, "18_districts": "深水埗區 ", "hk_islands": "222", "kowloon": 830, "new_towns": 307, "others": "2" }, "geometry": { "type": "Point", "coordinates": [ 114.17122, 22.33446 ] } },
{ "type": "Feature", "properties": { "Estate Name EN": "Tin Wan Estate", "Estate Name SC": "田湾邨", "ENAME": "Tin Wan", "CNAME": "田灣", "Estate Map Latitude": 22.25198, "Estate Map Longitude": 114.15047, "transactions": null, "Year of Intake 1": "1997", "Num of Type": 2, "Type(s) of Block(s) 1": 1, "Type(s) of Block(s) 2": 0, "Type(s) of Block(s) 3": null, "Type(s) of Block(s) 4": null, "Type(s) of Block(s) 5": null, "No. of Blocks": 5, "No. of Rental Flats": 3200, "Flat Size (m2)": "12.3 - 49.0", "Min Size": 12.3, "Max Size": 49.0, "Avr Size": 30.65, "Region Name EN": "HongKongIsland", "Region Name SC": "香港岛", "Coordinate": "114.15047,22.25198", "Type of Estate EN 1": "Public Rental Housing", "Type of Estate SC": "租住屋邨", "CACODE": "D13", "Shape_Leng": 4484.51084, "Shape_Area": 591055.318, "18_districts": "南區 ", "hk_islands": "574", "kowloon": 496, "new_towns": 269, "others": "46" }, "geometry": { "type": "Point", "coordinates": [ 114.15047, 22.25198 ] } },
{ "type": "Feature", "properties": { "Estate Name EN": "On Ting Estate", "Estate Name SC": "安定邨", "ENAME": "On Ting", "CNAME": "安定", "Estate Map Latitude": 22.3879, "Estate Map Longitude": 113.97684, "transactions": null, "Year of Intake 1": "1980", "Num of Type": 2, "Type(s) of Block(s) 1": 12, "Type(s) of Block(s) 2": 2, "Type(s) of Block(s) 3": null, "Type(s) of Block(s) 4": null, "Type(s) of Block(s) 5": null, "No. of Blocks": 6, "No. of Rental Flats": 5100, "Flat Size (m2)": "23.1 - 57.6", "Min Size": 23.1, "Max Size": 57.6, "Avr Size": 40.35, "Region Name EN": "NewTerritories", "Region Name SC": "新界", "Coordinate": "113.97684,22.3879", "Type of Estate EN 1": "Public Rental Housing", "Type of Estate SC": "租住屋邨", "CACODE": "L03", "Shape_Leng": 2307.811131, "Shape_Area": 166502.3283, "18_districts": "屯門區 ", "hk_islands": "78", "kowloon": 42, "new_towns": 266, "others": "20" }, "geometry": { "type": "Point", "coordinates": [ 113.97684, 22.3879 ] } },
{ "type": "Feature", "properties": { "Estate Name EN": "Fortune Estate", "Estate Name SC": "幸福邨", "ENAME": "Fortune", "CNAME": "幸福", "Estate Map Latitude": 22.33548, "Estate Map Longitude": 114.15388, "transactions": null, "Year of Intake 1": "2000", "Num of Type": 2, "Type(s) of Block(s) 1": 1, "Type(s) of Block(s) 2": null, "Type(s) of Block(s) 3": 13, "Type(s) of Block(s) 4": null, "Type(s) of Block(s) 5": null, "No. of Blocks": 3, "No. of Rental Flats": 2100, "Flat Size (m2)": "16.3 - 43.7", "Min Size": 16.3, "Max Size": 43.7, "Avr Size": 30.0, "Region Name EN": "Kowloon", "Region Name SC": "九龙", "Coordinate": "114.15388,22.33548", "Type of Estate EN 1": "Public Rental Housing", "Type of Estate SC": "租住屋邨", "CACODE": "F11", "Shape_Leng": 2469.51302, "Shape_Area": 329567.5622, "18_districts": "深水埗區 ", "hk_islands": "815", "kowloon": 3773, "new_towns": 3970, "others": "259" }, "geometry": { "type": "Point", "coordinates": [ 114.15388, 22.33548 ] } },
{ "type": "Feature", "properties": { "Estate Name EN": "Butterfly Estate", "Estate Name SC": "蝴蝶邨", "ENAME": "Butterfly", "CNAME": "蝴蝶", "Estate Map Latitude": 22.37593, "Estate Map Longitude": 113.96182, "transactions": null, "Year of Intake 1": "1983", "Num of Type": 1, "Type(s) of Block(s) 1": 14, "Type(s) of Block(s) 2": null, "Type(s) of Block(s) 3": null, "Type(s) of Block(s) 4": null, "Type(s) of Block(s) 5": null, "No. of Blocks": 6, "No. of Rental Flats": 5400, "Flat Size (m2)": "24.9 - 24.9", "Min Size": 24.9, "Max Size": 24.9, "Avr Size": 24.9, "Region Name EN": "NewTerritories", "Region Name SC": "新界", "Coordinate": "113.96182,22.37593", "Type of Estate EN 1": "Public Rental Housing", "Type of Estate SC": "租住屋邨", "CACODE": "L18", "Shape_Leng": 1722.317461, "Shape_Area": 182779.0457, "18_districts": "屯門區 ", "hk_islands": "76", "kowloon": 7, "new_towns": 402, "others": "105" }, "geometry": { "type": "Point", "coordinates": [ 113.96182, 22.37593 ] } },
{ "type": "Feature", "properties": { "Estate Name EN": "Tin Ching Estate", "Estate Name SC": "天晴邨", "ENAME": "Ching King", "CNAME": "晴景", "Estate Map Latitude": 22.4629, "Estate Map Longitude": 114.00347, "transactions": null, "Year of Intake 1": "2008", "Num of Type": 1, "Type(s) of Block(s) 1": 0, "Type(s) of Block(s) 2": null, "Type(s) of Block(s) 3": null, "Type(s) of Block(s) 4": null, "Type(s) of Block(s) 5": null, "No. of Blocks": 7, "No. of Rental Flats": 6200, "Flat Size (m2)": "17.64 - 39.67", "Min Size": 17.64, "Max Size": 39.67, "Avr Size": 28.655, "Region Name EN": "NewTerritories", "Region Name SC": "新界", "Coordinate": "114.00347,22.4629", "Type of Estate EN 1": "Public Rental Housing", "Type of Estate SC": "租住屋邨", "CACODE": "M29", "Shape_Leng": 2248.234022, "Shape_Area": 290155.7348, "18_districts": "元朗區 ", "hk_islands": "27", "kowloon": 174, "new_towns": 678, "others": "246" }, "geometry": { "type": "Point", "coordinates": [ 114.00347, 22.4629 ] } },
{ "type": "Feature", "properties": { "Estate Name EN": "Tin Heng Estate", "Estate Name SC": "天恒邨", "ENAME": "Tin Heng", "CNAME": "天恒", "Estate Map Latitude": 22.47059, "Estate Map Longitude": 113.99895, "transactions": null, "Year of Intake 1": "2001", "Num of Type": 3, "Type(s) of Block(s) 1": 8, "Type(s) of Block(s) 2": 1, "Type(s) of Block(s) 3": 9, "Type(s) of Block(s) 4": null, "Type(s) of Block(s) 5": null, "No. of Blocks": 14, "No. of Rental Flats": 5800, "Flat Size (m2)": "31.7 - 53.8", "Min Size": 31.7, "Max Size": 53.8, "Avr Size": 42.75, "Region Name EN": "NewTerritories", "Region Name SC": "新界", "Coordinate": "113.99895,22.47059", "Type of Estate EN 1": "Public Rental Housing", "Type of Estate SC": "租住屋邨", "CACODE": "M32", "Shape_Leng": 2128.055896, "Shape_Area": 215912.2269, "18_districts": "元朗區 ", "hk_islands": "--", "kowloon": 39, "new_towns": 186, "others": "92" }, "geometry": { "type": "Point", "coordinates": [ 113.99895, 22.47059 ] } },
{ "type": "Feature", "properties": { "Estate Name EN": "Tin Shui (2) Estate", "Estate Name SC": "天瑞二邨", "ENAME": "Shui Oi", "CNAME": "瑞愛", "Estate Map Latitude": 22.45439, "Estate Map Longitude": 113.99914, "transactions": null, "Year of Intake 1": "1993", "Num of Type": 1, "Type(s) of Block(s) 1": 1, "Type(s) of Block(s) 2": null, "Type(s) of Block(s) 3": null, "Type(s) of Block(s) 4": null, "Type(s) of Block(s) 5": null, "No. of Blocks": 5, "No. of Rental Flats": 3200, "Flat Size (m2)": "16.9 - 52.7", "Min Size": 16.9, "Max Size": 52.7, "Avr Size": 34.8, "Region Name EN": "NewTerritories", "Region Name SC": "新界", "Coordinate": "113.99914,22.45439", "Type of Estate EN 1": "Public Rental Housing", "Type of Estate SC": "租住屋邨", "CACODE": "M23", "Shape_Leng": 1859.812335, "Shape_Area": 175796.9414, "18_districts": "元朗區 ", "hk_islands": "51", "kowloon": 67, "new_towns": 402, "others": "272" }, "geometry": { "type": "Point", "coordinates": [ 113.99914, 22.45439 ] } },
{ "type": "Feature", "properties": { "Estate Name EN": "Sai Wan Estate", "Estate Name SC": "西环邨", "ENAME": "Kennedy Town & Mount Davis", "CNAME": "堅摩", "Estate Map Latitude": 22.28096, "Estate Map Longitude": 114.12521, "transactions": null, "Year of Intake 1": "1958", "Num of Type": 1, "Type(s) of Block(s) 1": 2, "Type(s) of Block(s) 2": null, "Type(s) of Block(s) 3": null, "Type(s) of Block(s) 4": null, "Type(s) of Block(s) 5": null, "No. of Blocks": 5, "No. of Rental Flats": 600, "Flat Size (m2)": "35.5 - 56.3", "Min Size": 35.5, "Max Size": 56.3, "Avr Size": 45.9, "Region Name EN": "HongKongIsland", "Region Name SC": "香港岛", "Coordinate": "114.12521,22.28096", "Type of Estate EN 1": "Public Rental Housing", "Type of Estate SC": "租住屋邨", "CACODE": "A07", "Shape_Leng": 9709.042684, "Shape_Area": 4906932.064, "18_districts": "中西區 ", "hk_islands": "474", "kowloon": 512, "new_towns": 348, "others": "63" }, "geometry": { "type": "Point", "coordinates": [ 114.12521, 22.28096 ] } },
{ "type": "Feature", "properties": { "Estate Name EN": "Hing Tung Estate", "Estate Name SC": "兴东邨", "ENAME": "Hing Tung", "CNAME": "興東", "Estate Map Latitude": 22.28155, "Estate Map Longitude": 114.21929, "transactions": null, "Year of Intake 1": "1996", "Num of Type": 1, "Type(s) of Block(s) 1": 1, "Type(s) of Block(s) 2": null, "Type(s) of Block(s) 3": null, "Type(s) of Block(s) 4": null, "Type(s) of Block(s) 5": null, "No. of Blocks": 4, "No. of Rental Flats": 2100, "Flat Size (m2)": "11.8 - 43.3", "Min Size": 11.8, "Max Size": 43.3, "Avr Size": 27.55, "Region Name EN": "HongKongIsland", "Region Name SC": "香港岛", "Coordinate": "114.21929,22.28155", "Type of Estate EN 1": "Public Rental Housing", "Type of Estate SC": "租住屋邨", "CACODE": "C28", "Shape_Leng": 2335.968871, "Shape_Area": 229820.7897, "18_districts": "東區 ", "hk_islands": "136", "kowloon": 163, "new_towns": 93, "others": "--" }, "geometry": { "type": "Point", "coordinates": [ 114.21929, 22.28155 ] } },
{ "type": "Feature", "properties": { "Estate Name EN": "Choi Hung Estate", "Estate Name SC": "彩虹邨", "ENAME": "Chi Choi", "CNAME": "池彩", "Estate Map Latitude": 22.33394, "Estate Map Longitude": 114.20742, "transactions": null, "Year of Intake 1": "1962", "Num of Type": 1, "Type(s) of Block(s) 1": 2, "Type(s) of Block(s) 2": null, "Type(s) of Block(s) 3": null, "Type(s) of Block(s) 4": null, "Type(s) of Block(s) 5": null, "No. of Blocks": 11, "No. of Rental Flats": 7400, "Flat Size (m2)": "24.1 - 69.2", "Min Size": 24.1, "Max Size": 69.2, "Avr Size": 46.65, "Region Name EN": "Kowloon", "Region Name SC": "九龙", "Coordinate": "114.20742,22.33394", "Type of Estate EN 1": "Public Rental Housing", "Type of Estate SC": "租住屋邨", "CACODE": "H24", "Shape_Leng": 3105.125163, "Shape_Area": 412174.0367, "18_districts": "黃大仙區 ", "hk_islands": "81", "kowloon": 529, "new_towns": 399, "others": "26" }, "geometry": { "type": "Point", "coordinates": [ 114.20742, 22.33394 ] } },
{ "type": "Feature", "properties": { "Estate Name EN": "High Prosperity Terrace", "Estate Name SC": "高盛台", "ENAME": "Kwai Shing West Estate", "CNAME": "葵盛西?", "Estate Map Latitude": 22.36482, "Estate Map Longitude": 114.12277, "transactions": null, "Year of Intake 1": "2003", "Num of Type": 1, "Type(s) of Block(s) 1": 0, "Type(s) of Block(s) 2": null, "Type(s) of Block(s) 3": null, "Type(s) of Block(s) 4": null, "Type(s) of Block(s) 5": null, "No. of Blocks": 2, "No. of Rental Flats": 800, "Flat Size (m2)": "34.3 - 48.9", "Min Size": 34.3, "Max Size": 48.9, "Avr Size": 41.6, "Region Name EN": "NewTerritories", "Region Name SC": "新界", "Coordinate": "114.12277,22.36482", "Type of Estate EN 1": "Public Rental Housing", "Type of Estate SC": "租住屋邨", "CACODE": "S20", "Shape_Leng": 6858.26196, "Shape_Area": 1846700.574, "18_districts": "葵青區 ", "hk_islands": "64", "kowloon": 161, "new_towns": 486, "others": "--" }, "geometry": { "type": "Point", "coordinates": [ 114.12277, 22.36482 ] } },
{ "type": "Feature", "properties": { "Estate Name EN": "Tsz Lok Estate", "Estate Name SC": "慈乐邨", "ENAME": "Tsz Wan West", "CNAME": "慈雲西", "Estate Map Latitude": 22.34891, "Estate Map Longitude": 114.19884, "transactions": null, "Year of Intake 1": "1995", "Num of Type": 3, "Type(s) of Block(s) 1": 1, "Type(s) of Block(s) 2": 0, "Type(s) of Block(s) 3": 13, "Type(s) of Block(s) 4": null, "Type(s) of Block(s) 5": null, "No. of Blocks": 11, "No. of Rental Flats": 6200, "Flat Size (m2)": "10.7 - 52.2", "Min Size": 10.7, "Max Size": 52.2, "Avr Size": 31.45, "Region Name EN": "Kowloon", "Region Name SC": "九龙", "Coordinate": "114.19884,22.34891", "Type of Estate EN 1": "Public Rental Housing", "Type of Estate SC": "租住屋邨", "CACODE": "H16", "Shape_Leng": 2055.60923, "Shape_Area": 176747.3246, "18_districts": "黃大仙區 ", "hk_islands": "154", "kowloon": 705, "new_towns": 245, "others": "25" }, "geometry": { "type": "Point", "coordinates": [ 114.19884, 22.34891 ] } },
{ "type": "Feature", "properties": { "Estate Name EN": "Kwong Yuen Estate", "Estate Name SC": "广源邨", "ENAME": "Kwong Yuen", "CNAME": "廣源", "Estate Map Latitude": 22.38123, "Estate Map Longitude": 114.21415, "transactions": 3766, "Year of Intake 1": "1989", "Num of Type": 1, "Type(s) of Block(s) 1": 11, "Type(s) of Block(s) 2": null, "Type(s) of Block(s) 3": null, "Type(s) of Block(s) 4": null, "Type(s) of Block(s) 5": null, "No. of Blocks": 6, "No. of Rental Flats": 700, "Flat Size (m2)": "18.4 - 71.8", "Min Size": 18.4, "Max Size": 71.8, "Avr Size": 45.1, "Region Name EN": "NewTerritories", "Region Name SC": "新界", "Coordinate": "114.21415,22.38123", "Type of Estate EN 1": "Tenants Purchase Scheme", "Type of Estate SC": "租者置其屋计划", "CACODE": "R41", "Shape_Leng": 1661.774873, "Shape_Area": 89493.99919, "18_districts": "沙田區 ", "hk_islands": "21", "kowloon": 171, "new_towns": 238, "others": "18" }, "geometry": { "type": "Point", "coordinates": [ 114.21415, 22.38123 ] } },
{ "type": "Feature", "properties": { "Estate Name EN": "Lek Yuen Estate", "Estate Name SC": "沥源邨", "ENAME": "Lek Yuen", "CNAME": "瀝源", "Estate Map Latitude": 22.38474, "Estate Map Longitude": 114.19059, "transactions": null, "Year of Intake 1": "1975", "Num of Type": 1, "Type(s) of Block(s) 1": 2, "Type(s) of Block(s) 2": null, "Type(s) of Block(s) 3": null, "Type(s) of Block(s) 4": null, "Type(s) of Block(s) 5": null, "No. of Blocks": 7, "No. of Rental Flats": 3200, "Flat Size (m2)": "22.7 - 52.6", "Min Size": 22.7, "Max Size": 52.6, "Avr Size": 37.65, "Region Name EN": "NewTerritories", "Region Name SC": "新界", "Coordinate": "114.19059,22.38474", "Type of Estate EN 1": "Public Rental Housing", "Type of Estate SC": "租住屋邨", "CACODE": "R02", "Shape_Leng": 8598.799586, "Shape_Area": 1299361.724, "18_districts": "沙田區 ", "hk_islands": "132", "kowloon": 523, "new_towns": 404, "others": "40" }, "geometry": { "type": "Point", "coordinates": [ 114.19059, 22.38474 ] } },
{ "type": "Feature", "properties": { "Estate Name EN": "Ma Tau Wai Estate", "Estate Name SC": "马头围邨", "ENAME": "Ma Tau Wai", "CNAME": "馬頭圍", "Estate Map Latitude": 22.32392, "Estate Map Longitude": 114.1866, "transactions": null, "Year of Intake 1": "1962", "Num of Type": 1, "Type(s) of Block(s) 1": 2, "Type(s) of Block(s) 2": null, "Type(s) of Block(s) 3": null, "Type(s) of Block(s) 4": null, "Type(s) of Block(s) 5": null, "No. of Blocks": 5, "No. of Rental Flats": 2100, "Flat Size (m2)": "26.9 - 53.8", "Min Size": 26.9, "Max Size": 53.8, "Avr Size": 40.35, "Region Name EN": "Kowloon", "Region Name SC": "九龙", "Coordinate": "114.1866,22.32392", "Type of Estate EN 1": "Public Rental Housing", "Type of Estate SC": "租住屋邨", "CACODE": "G01", "Shape_Leng": 3262.589028, "Shape_Area": 350996.54, "18_districts": "九龍城區 ", "hk_islands": "166", "kowloon": 592, "new_towns": 689, "others": "18" }, "geometry": { "type": "Point", "coordinates": [ 114.1866, 22.32392 ] } },
{ "type": "Feature", "properties": { "Estate Name EN": "Shek Yam Estate", "Estate Name SC": "石荫邨", "ENAME": "Shek Yam", "CNAME": "石蔭", "Estate Map Latitude": 22.37166, "Estate Map Longitude": 114.13921, "transactions": null, "Year of Intake 1": "2000", "Num of Type": 3, "Type(s) of Block(s) 1": 1, "Type(s) of Block(s) 2": 0, "Type(s) of Block(s) 3": 13, "Type(s) of Block(s) 4": null, "Type(s) of Block(s) 5": null, "No. of Blocks": 4, "No. of Rental Flats": 2700, "Flat Size (m2)": "16.3 - 52.2", "Min Size": 16.3, "Max Size": 52.2, "Avr Size": 34.25, "Region Name EN": "NewTerritories", "Region Name SC": "新界", "Coordinate": "114.13921,22.37166", "Type of Estate EN 1": "Public Rental Housing", "Type of Estate SC": "租住屋邨", "CACODE": "S08", "Shape_Leng": 3246.18993, "Shape_Area": 268402.242, "18_districts": "葵青區 ", "hk_islands": "20", "kowloon": 145, "new_towns": 627, "others": "--" }, "geometry": { "type": "Point", "coordinates": [ 114.13921, 22.37166 ] } },
{ "type": "Feature", "properties": { "Estate Name EN": "Chak On Estate", "Estate Name SC": "泽安邨", "ENAME": "Lung Ping & Sheung Pak Tin", "CNAME": "龍坪及上白田", "Estate Map Latitude": 22.33966, "Estate Map Longitude": 114.16472, "transactions": null, "Year of Intake 1": "1983", "Num of Type": 2, "Type(s) of Block(s) 1": 2, "Type(s) of Block(s) 2": 12, "Type(s) of Block(s) 3": null, "Type(s) of Block(s) 4": null, "Type(s) of Block(s) 5": null, "No. of Blocks": 4, "No. of Rental Flats": 1900, "Flat Size (m2)": "11.3 - 39.1", "Min Size": 11.3, "Max Size": 39.1, "Avr Size": 25.2, "Region Name EN": "Kowloon", "Region Name SC": "九龙", "Coordinate": "114.16472,22.33966", "Type of Estate EN 1": "Public Rental Housing", "Type of Estate SC": "租住屋邨", "CACODE": "F22", "Shape_Leng": 9735.644265000001, "Shape_Area": 1592635.661, "18_districts": "深水埗區 ", "hk_islands": "65", "kowloon": 311, "new_towns": 252, "others": "43" }, "geometry": { "type": "Point", "coordinates": [ 114.16472, 22.33966 ] } },
{ "type": "Feature", "properties": { "Estate Name EN": "Cheung Lung Wai Estate", "Estate Name SC": "祥龙围邨", "ENAME": "Yu Tai", "CNAME": "御太", "Estate Map Latitude": 22.49495, "Estate Map Longitude": 114.12351, "transactions": null, "Year of Intake 1": "2015", "Num of Type": 1, "Type(s) of Block(s) 1": 0, "Type(s) of Block(s) 2": null, "Type(s) of Block(s) 3": null, "Type(s) of Block(s) 4": null, "Type(s) of Block(s) 5": null, "No. of Blocks": 2, "No. of Rental Flats": 1400, "Flat Size (m2)": "14.36 – 36.57", "Min Size": 14.36, "Max Size": 36.57, "Avr Size": 25.465, "Region Name EN": "NewTerritories", "Region Name SC": "新界", "Coordinate": "114.12351,22.49495", "Type of Estate EN 1": "Public Rental Housing", "Type of Estate SC": "租住屋邨", "CACODE": "N10", "Shape_Leng": 14447.46547, "Shape_Area": 5627420.364, "18_districts": "北區 ", "hk_islands": "121", "kowloon": 356, "new_towns": 819, "others": "427" }, "geometry": { "type": "Point", "coordinates": [ 114.12351, 22.49495 ] } },
{ "type": "Feature", "properties": { "Estate Name EN": "Long Ching Estate", "Estate Name SC": "朗晴邨", "ENAME": "Yuen Long Tung Tau", "CNAME": "元朗東頭", "Estate Map Latitude": 22.446522, "Estate Map Longitude": 114.02864, "transactions": null, "Year of Intake 1": "2016", "Num of Type": 1, "Type(s) of Block(s) 1": 0, "Type(s) of Block(s) 2": null, "Type(s) of Block(s) 3": null, "Type(s) of Block(s) 4": null, "Type(s) of Block(s) 5": null, "No. of Blocks": 2, "No. of Rental Flats": 400, "Flat Size (m2)": "14.05 - 36.67", "Min Size": 14.05, "Max Size": 36.67, "Avr Size": 25.36, "Region Name EN": "NewTerritories", "Region Name SC": "新界", "Coordinate": "114.02864,22.446522", "Type of Estate EN 1": "Public Rental Housing", "Type of Estate SC": "租住屋邨", "CACODE": "M09", "Shape_Leng": 3381.759128, "Shape_Area": 401556.434, "18_districts": "元朗區 ", "hk_islands": "257", "kowloon": 694, "new_towns": 4163, "others": "478" }, "geometry": { "type": "Point", "coordinates": [ 114.02864, 22.446522 ] } },
{ "type": "Feature", "properties": { "Estate Name EN": "Lei Yue Mun Estate", "Estate Name SC": "鲤鱼门邨", "ENAME": "Yau Tong East", "CNAME": "油塘東", "Estate Map Latitude": 22.29491, "Estate Map Longitude": 114.23978, "transactions": null, "Year of Intake 1": "2002", "Num of Type": 2, "Type(s) of Block(s) 1": 1, "Type(s) of Block(s) 2": 0, "Type(s) of Block(s) 3": null, "Type(s) of Block(s) 4": null, "Type(s) of Block(s) 5": null, "No. of Blocks": 5, "No. of Rental Flats": 3600, "Flat Size (m2)": "14.2 - 43.3", "Min Size": 14.2, "Max Size": 43.3, "Avr Size": 28.75, "Region Name EN": "Kowloon", "Region Name SC": "九龙", "Coordinate": "114.23978,22.29491", "Type of Estate EN 1": "Public Rental Housing", "Type of Estate SC": "租住屋邨", "CACODE": "J23", "Shape_Leng": 2745.749086, "Shape_Area": 204173.2826, "18_districts": "觀塘區 ", "hk_islands": "259", "kowloon": 62, "new_towns": 120, "others": "38" }, "geometry": { "type": "Point", "coordinates": [ 114.23978, 22.29491 ] } },
{ "type": "Feature", "properties": { "Estate Name EN": "Shun Lee Estate", "Estate Name SC": "顺利邨", "ENAME": "On Lee", "CNAME": "安利", "Estate Map Latitude": 22.33163, "Estate Map Longitude": 114.22553, "transactions": null, "Year of Intake 1": "1978", "Num of Type": 2, "Type(s) of Block(s) 1": 2, "Type(s) of Block(s) 2": 3, "Type(s) of Block(s) 3": null, "Type(s) of Block(s) 4": null, "Type(s) of Block(s) 5": null, "No. of Blocks": 7, "No. of Rental Flats": 4500, "Flat Size (m2)": "27.8 - 39.9", "Min Size": 27.8, "Max Size": 39.9, "Avr Size": 33.85, "Region Name EN": "Kowloon", "Region Name SC": "九龙", "Coordinate": "114.22553,22.33163", "Type of Estate EN 1": "Public Rental Housing", "Type of Estate SC": "租住屋邨", "CACODE": "J10", "Shape_Leng": 2845.80274, "Shape_Area": 212463.9262, "18_districts": "觀塘區 ", "hk_islands": "1172", "kowloon": 2673, "new_towns": 779, "others": "119" }, "geometry": { "type": "Point", "coordinates": [ 114.22553, 22.33163 ] } },
{ "type": "Feature", "properties": { "Estate Name EN": "Yee Ming Estate", "Estate Name SC": "怡明邨", "ENAME": "Po Yee", "CNAME": "寶怡", "Estate Map Latitude": 22.30624, "Estate Map Longitude": 114.26326, "transactions": null, "Year of Intake 1": "2014", "Num of Type": 1, "Type(s) of Block(s) 1": 0, "Type(s) of Block(s) 2": null, "Type(s) of Block(s) 3": null, "Type(s) of Block(s) 4": null, "Type(s) of Block(s) 5": null, "No. of Blocks": 3, "No. of Rental Flats": 2100, "Flat Size (m2)": "14.05 - 37.47", "Min Size": 14.05, "Max Size": 37.47, "Avr Size": 25.76, "Region Name EN": "NewTerritories", "Region Name SC": "新界", "Coordinate": "114.26326,22.30624", "Type of Estate EN 1": "Public Rental Housing", "Type of Estate SC": "租住屋邨", "CACODE": "Q11", "Shape_Leng": 1249.359141, "Shape_Area": 90415.65304, "18_districts": "西貢區 ", "hk_islands": "34", "kowloon": 165, "new_towns": 299, "others": "28" }, "geometry": { "type": "Point", "coordinates": [ 114.26326, 22.30624 ] } },
{ "type": "Feature", "properties": { "Estate Name EN": "Shui Chuen O Estate", "Estate Name SC": "水泉澳邨", "ENAME": "Shui Chuen O", "CNAME": "水泉澳", "Estate Map Latitude": 22.37212, "Estate Map Longitude": 114.19826, "transactions": null, "Year of Intake 1": "2015", "Num of Type": 1, "Type(s) of Block(s) 1": 0, "Type(s) of Block(s) 2": null, "Type(s) of Block(s) 3": null, "Type(s) of Block(s) 4": null, "Type(s) of Block(s) 5": null, "No. of Blocks": 18, "No. of Rental Flats": 11100, "Flat Size (m2)": "14.05 - 36.95", "Min Size": 14.05, "Max Size": 36.95, "Avr Size": 25.5, "Region Name EN": "NewTerritories", "Region Name SC": "新界", "Coordinate": "114.19826,22.37212", "Type of Estate EN 1": "Public Rental Housing", "Type of Estate SC": "租住屋邨", "CACODE": "R09", "Shape_Leng": 10943.11116, "Shape_Area": 3795080.224, "18_districts": "沙田區 ", "hk_islands": "758", "kowloon": 2770, "new_towns": 4390, "others": "774" }, "geometry": { "type": "Point", "coordinates": [ 114.19826, 22.37212 ] } },
{ "type": "Feature", "properties": { "Estate Name EN": "Lung Yat Estate", "Estate Name SC": "龙逸邨", "ENAME": "Lung Mun", "CNAME": "龍門", "Estate Map Latitude": 22.386862, "Estate Map Longitude": 113.96761, "transactions": null, "Year of Intake 1": "2013", "Num of Type": 1, "Type(s) of Block(s) 1": 0, "Type(s) of Block(s) 2": null, "Type(s) of Block(s) 3": null, "Type(s) of Block(s) 4": null, "Type(s) of Block(s) 5": null, "No. of Blocks": 2, "No. of Rental Flats": 1000, "Flat Size (m2)": "14.05-37.08", "Min Size": 14.05, "Max Size": 37.08, "Avr Size": 25.565, "Region Name EN": "NewTerritories", "Region Name SC": "新界", "Coordinate": "113.96761,22.386862", "Type of Estate EN 1": "Public Rental Housing", "Type of Estate SC": "租住屋邨", "CACODE": "L21", "Shape_Leng": 6613.246646, "Shape_Area": 1663028.895, "18_districts": "屯門區 ", "hk_islands": "50", "kowloon": 189, "new_towns": 455, "others": "45" }, "geometry": { "type": "Point", "coordinates": [ 113.96761, 22.386862 ] } },
{ "type": "Feature", "properties": { "Estate Name EN": "Fung Wo Estate", "Estate Name SC": "丰和邨", "ENAME": "Lek Yuen", "CNAME": "瀝源", "Estate Map Latitude": 22.387539, "Estate Map Longitude": 114.193375, "transactions": null, "Year of Intake 1": "2013", "Num of Type": 1, "Type(s) of Block(s) 1": 0, "Type(s) of Block(s) 2": null, "Type(s) of Block(s) 3": null, "Type(s) of Block(s) 4": null, "Type(s) of Block(s) 5": null, "No. of Blocks": 3, "No. of Rental Flats": 1600, "Flat Size (m2)": "14.05-37.01", "Min Size": 14.05, "Max Size": 37.01, "Avr Size": 25.53, "Region Name EN": "NewTerritories", "Region Name SC": "新界", "Coordinate": "114.193375,22.387539", "Type of Estate EN 1": "Public Rental Housing", "Type of Estate SC": "租住屋邨", "CACODE": "R02", "Shape_Leng": 8598.799586, "Shape_Area": 1299361.724, "18_districts": "沙田區 ", "hk_islands": "132", "kowloon": 523, "new_towns": 404, "others": "40" }, "geometry": { "type": "Point", "coordinates": [ 114.193375, 22.387539 ] } },
{ "type": "Feature", "properties": { "Estate Name EN": "Po Heung Estate", "Estate Name SC": "宝乡邨", "ENAME": "Tai Po Hui", "CNAME": "大埔墟", "Estate Map Latitude": 22.447039, "Estate Map Longitude": 114.16543, "transactions": null, "Year of Intake 1": "2016", "Num of Type": 1, "Type(s) of Block(s) 1": 0, "Type(s) of Block(s) 2": null, "Type(s) of Block(s) 3": null, "Type(s) of Block(s) 4": null, "Type(s) of Block(s) 5": null, "No. of Blocks": 2, "No. of Rental Flats": 500, "Flat Size (m2)": "14 - 37.7", "Min Size": 14.0, "Max Size": 37.7, "Avr Size": 25.85, "Region Name EN": "NewTerritories", "Region Name SC": "新界", "Coordinate": "114.16543,22.447039", "Type of Estate EN 1": "Public Rental Housing", "Type of Estate SC": "租住屋邨", "CACODE": "P01", "Shape_Leng": 2855.480988, "Shape_Area": 396506.9341, "18_districts": "大埔區 ", "hk_islands": "189", "kowloon": 618, "new_towns": 850, "others": "341" }, "geometry": { "type": "Point", "coordinates": [ 114.16543, 22.447039 ] } },
{ "type": "Feature", "properties": { "Estate Name EN": "So Uk Estate", "Estate Name SC": "苏屋邨", "ENAME": "So Uk", "CNAME": "蘇屋", "Estate Map Latitude": 22.34159, "Estate Map Longitude": 114.15684, "transactions": null, "Year of Intake 1": "2016", "Num of Type": 1, "Type(s) of Block(s) 1": 0, "Type(s) of Block(s) 2": null, "Type(s) of Block(s) 3": null, "Type(s) of Block(s) 4": null, "Type(s) of Block(s) 5": null, "No. of Blocks": 14, "No. of Rental Flats": 7000, "Flat Size (m2)": "14.05-37.04", "Min Size": 14.05, "Max Size": 37.04, "Avr Size": 25.545, "Region Name EN": "Kowloon", "Region Name SC": "九龙", "Coordinate": "114.15684,22.34159", "Type of Estate EN 1": "Public Rental Housing", "Type of Estate SC": "租住屋邨", "CACODE": "F20", "Shape_Leng": 1982.967541, "Shape_Area": 168134.2577, "18_districts": "深水埗區 ", "hk_islands": "2191", "kowloon": 6260, "new_towns": 2571, "others": "713" }, "geometry": { "type": "Point", "coordinates": [ 114.15684, 22.34159 ] } },
{ "type": "Feature", "properties": { "Estate Name EN": "Wah Ha Estate", "Estate Name SC": "华厦邨", "ENAME": "Lok Hong", "CNAME": "樂康", "Estate Map Latitude": 22.264769, "Estate Map Longitude": 114.23649, "transactions": null, "Year of Intake 1": "2016", "Num of Type": 1, "Type(s) of Block(s) 1": 0, "Type(s) of Block(s) 2": null, "Type(s) of Block(s) 3": null, "Type(s) of Block(s) 4": null, "Type(s) of Block(s) 5": null, "No. of Blocks": 1, "No. of Rental Flats": 200, "Flat Size (m2)": "17.66 - 38.08", "Min Size": 17.66, "Max Size": 38.08, "Avr Size": 27.87, "Region Name EN": "HongKongIsland", "Region Name SC": "香港岛", "Coordinate": "114.23649,22.264769", "Type of Estate EN 1": "Public Rental Housing", "Type of Estate SC": "租住屋邨", "CACODE": "C32", "Shape_Leng": 3939.258748, "Shape_Area": 637257.0411, "18_districts": "東區 ", "hk_islands": "174", "kowloon": 338, "new_towns": 274, "others": "6" }, "geometry": { "type": "Point", "coordinates": [ 114.23649, 22.264769 ] } },
{ "type": "Feature", "properties": { "Estate Name EN": "Cheung Sha Wan Estate", "Estate Name SC": "长沙湾邨", "ENAME": "Fortune", "CNAME": "幸福", "Estate Map Latitude": 22.3346, "Estate Map Longitude": 114.15634, "transactions": null, "Year of Intake 1": "2013", "Num of Type": 1, "Type(s) of Block(s) 1": 0, "Type(s) of Block(s) 2": null, "Type(s) of Block(s) 3": null, "Type(s) of Block(s) 4": null, "Type(s) of Block(s) 5": null, "No. of Blocks": 2, "No. of Rental Flats": 1400, "Flat Size (m2)": "14.05", "Min Size": 14.05, "Max Size": 39.72, "Avr Size": 26.885, "Region Name EN": "Kowloon", "Region Name SC": "九龙", "Coordinate": "114.15634,22.3346", "Type of Estate EN 1": "Public Rental Housing", "Type of Estate SC": "租住屋邨", "CACODE": "F11", "Shape_Leng": 2469.51302, "Shape_Area": 329567.5622, "18_districts": "深水埗區 ", "hk_islands": "815", "kowloon": 3773, "new_towns": 3970, "others": "259" }, "geometry": { "type": "Point", "coordinates": [ 114.15634, 22.3346 ] } },
{ "type": "Feature", "properties": { "Estate Name EN": "Hung Fuk Estate", "Estate Name SC": "洪福邨", "ENAME": "Hung Fuk", "CNAME": "洪福", "Estate Map Latitude": 22.43776, "Estate Map Longitude": 113.99781, "transactions": null, "Year of Intake 1": "2015", "Num of Type": 1, "Type(s) of Block(s) 1": 0, "Type(s) of Block(s) 2": null, "Type(s) of Block(s) 3": null, "Type(s) of Block(s) 4": null, "Type(s) of Block(s) 5": null, "No. of Blocks": 9, "No. of Rental Flats": 4900, "Flat Size (m2)": "14.05-37.86", "Min Size": 14.05, "Max Size": 37.86, "Avr Size": 25.955, "Region Name EN": "NewTerritories", "Region Name SC": "新界", "Coordinate": "113.99781,22.43776", "Type of Estate EN 1": "Public Rental Housing", "Type of Estate SC": "租住屋邨", "CACODE": "M14", "Shape_Leng": 1523.426011, "Shape_Area": 121466.1051, "18_districts": "元朗區 ", "hk_islands": "60", "kowloon": 95, "new_towns": 1551, "others": "202" }, "geometry": { "type": "Point", "coordinates": [ 113.99781, 22.43776 ] } },
{ "type": "Feature", "properties": { "Estate Name EN": "Tung Wui Estate", "Estate Name SC": "东汇邨", "ENAME": "Tung Tau", "CNAME": "東頭", "Estate Map Latitude": 22.332422, "Estate Map Longitude": 114.19376, "transactions": null, "Year of Intake 1": "2012", "Num of Type": 1, "Type(s) of Block(s) 1": 0, "Type(s) of Block(s) 2": null, "Type(s) of Block(s) 3": null, "Type(s) of Block(s) 4": null, "Type(s) of Block(s) 5": null, "No. of Blocks": 3, "No. of Rental Flats": 2400, "Flat Size (m2)": "14.03 - 39.66", "Min Size": 14.03, "Max Size": 39.66, "Avr Size": 26.845, "Region Name EN": "Kowloon", "Region Name SC": "九龙", "Coordinate": "114.19376,22.332422", "Type of Estate EN 1": "Public Rental Housing", "Type of Estate SC": "租住屋邨", "CACODE": "H08", "Shape_Leng": 2664.073721, "Shape_Area": 245713.4776, "18_districts": "黃大仙區 ", "hk_islands": "429", "kowloon": 2030, "new_towns": 421, "others": "34" }, "geometry": { "type": "Point", "coordinates": [ 114.19376, 22.332422 ] } },
{ "type": "Feature", "properties": { "Estate Name EN": "Kwai Luen Estate", "Estate Name SC": "葵联邨", "ENAME": "Kwai Luen", "CNAME": "葵聯", "Estate Map Latitude": 22.36264, "Estate Map Longitude": 114.12528, "transactions": null, "Year of Intake 1": "2011", "Num of Type": 1, "Type(s) of Block(s) 1": 0, "Type(s) of Block(s) 2": null, "Type(s) of Block(s) 3": null, "Type(s) of Block(s) 4": null, "Type(s) of Block(s) 5": null, "No. of Blocks": 4, "No. of Rental Flats": 3000, "Flat Size (m2)": "14.12-41.47", "Min Size": 14.12, "Max Size": 41.47, "Avr Size": 27.795, "Region Name EN": "NewTerritories", "Region Name SC": "新界", "Coordinate": "114.12528,22.36264", "Type of Estate EN 1": "Public Rental Housing", "Type of Estate SC": "租住屋邨", "CACODE": "S02", "Shape_Leng": 3829.916588, "Shape_Area": 324785.6101, "18_districts": "葵青區 ", "hk_islands": "100", "kowloon": 275, "new_towns": 486, "others": "19" }, "geometry": { "type": "Point", "coordinates": [ 114.12528, 22.36264 ] } },
{ "type": "Feature", "properties": { "Estate Name EN": "On Tat Estate", "Estate Name SC": "安达邨", "ENAME": "On Tat", "CNAME": "安達", "Estate Map Latitude": 22.32121, "Estate Map Longitude": 114.23523, "transactions": null, "Year of Intake 1": "2016", "Num of Type": 1, "Type(s) of Block(s) 1": 0, "Type(s) of Block(s) 2": null, "Type(s) of Block(s) 3": null, "Type(s) of Block(s) 4": null, "Type(s) of Block(s) 5": null, "No. of Blocks": 11, "No. of Rental Flats": 9400, "Flat Size (m2)": "14.05 – 37.68", "Min Size": 14.05, "Max Size": 37.68, "Avr Size": 25.865, "Region Name EN": "Kowloon", "Region Name SC": "九龙", "Coordinate": "114.23523,22.32121", "Type of Estate EN 1": "Public Rental Housing", "Type of Estate SC": "租住屋邨", "CACODE": "J14", "Shape_Leng": 1832.336345, "Shape_Area": 176833.6072, "18_districts": "觀塘區 ", "hk_islands": "1611", "kowloon": 5016, "new_towns": 1590, "others": "402" }, "geometry": { "type": "Point", "coordinates": [ 114.23523, 22.32121 ] } },
{ "type": "Feature", "properties": { "Estate Name EN": "Ying Tung Estate", "Estate Name SC": "迎东邨", "ENAME": "Tung Chung North", "CNAME": "東涌北", "Estate Map Latitude": 22.296284, "Estate Map Longitude": 113.952385, "transactions": null, "Year of Intake 1": "2018", "Num of Type": 1, "Type(s) of Block(s) 1": 0, "Type(s) of Block(s) 2": null, "Type(s) of Block(s) 3": null, "Type(s) of Block(s) 4": null, "Type(s) of Block(s) 5": null, "No. of Blocks": 4, "No. of Rental Flats": 3600, "Flat Size (m2)": "14.05 - 37.08", "Min Size": 14.05, "Max Size": 37.08, "Avr Size": 25.565, "Region Name EN": "NewTerritories", "Region Name SC": "新界", "Coordinate": "113.952385,22.296284", "Type of Estate EN 1": "Public Rental Housing", "Type of Estate SC": "租住屋邨", "CACODE": "T06", "Shape_Leng": 26448.25705, "Shape_Area": 30860935.8, "18_districts": "離島區 ", "hk_islands": "1712", "kowloon": 3197, "new_towns": 5344, "others": "986" }, "geometry": { "type": "Point", "coordinates": [ 113.952385, 22.296284 ] } },
{ "type": "Feature", "properties": { "Estate Name EN": "Yan Tin Estate", "Estate Name SC": "欣田邨", "ENAME": "Yan Tin", "CNAME": "欣田", "Estate Map Latitude": 22.414415, "Estate Map Longitude": 113.97557, "transactions": null, "Year of Intake 1": "2018", "Num of Type": 1, "Type(s) of Block(s) 1": 0, "Type(s) of Block(s) 2": null, "Type(s) of Block(s) 3": null, "Type(s) of Block(s) 4": null, "Type(s) of Block(s) 5": null, "No. of Blocks": 5, "No. of Rental Flats": 4700, "Flat Size (m2)": "14.05 - 35.83", "Min Size": 14.05, "Max Size": 35.83, "Avr Size": 24.94, "Region Name EN": "NewTerritories", "Region Name SC": "新界", "Coordinate": "113.97557,22.414415", "Type of Estate EN 1": "Public Rental Housing", "Type of Estate SC": "租住屋邨", "CACODE": "L28", "Shape_Leng": 5404.801484, "Shape_Area": 831592.8514, "18_districts": "屯門區 ", "hk_islands": "270", "kowloon": 677, "new_towns": 5484, "others": "2263" }, "geometry": { "type": "Point", "coordinates": [ 113.97557, 22.414415 ] } },
{ "type": "Feature", "properties": { "Estate Name EN": "Kwai Tsui Estate", "Estate Name SC": "葵翠邨", "ENAME": "Hing Fong", "CNAME": "興芳", "Estate Map Latitude": 22.355677, "Estate Map Longitude": 114.12873, "transactions": null, "Year of Intake 1": "2018", "Num of Type": 1, "Type(s) of Block(s) 1": 0, "Type(s) of Block(s) 2": null, "Type(s) of Block(s) 3": null, "Type(s) of Block(s) 4": null, "Type(s) of Block(s) 5": null, "No. of Blocks": 2, "No. of Rental Flats": 900, "Flat Size (m2)": "14.05 – 37.51", "Min Size": 14.05, "Max Size": 37.51, "Avr Size": 25.78, "Region Name EN": "NewTerritories", "Region Name SC": "新界", "Coordinate": "114.12873,22.355677", "Type of Estate EN 1": "Public Rental Housing", "Type of Estate SC": "租住屋邨", "CACODE": "S15", "Shape_Leng": 4987.553331, "Shape_Area": 428309.9698, "18_districts": "葵青區 ", "hk_islands": "455", "kowloon": 1083, "new_towns": 1400, "others": "110" }, "geometry": { "type": "Point", "coordinates": [ 114.12873, 22.355677 ] } },
{ "type": "Feature", "properties": { "Estate Name EN": "Long Shin Estate", "Estate Name SC": "朗善邨", "ENAME": "Shap Pat Heung East", "CNAME": "十八鄉東", "Estate Map Latitude": 22.442337, "Estate Map Longitude": 114.04498, "transactions": null, "Year of Intake 1": "2017", "Num of Type": 1, "Type(s) of Block(s) 1": 0, "Type(s) of Block(s) 2": null, "Type(s) of Block(s) 3": null, "Type(s) of Block(s) 4": null, "Type(s) of Block(s) 5": null, "No. of Blocks": 3, "No. of Rental Flats": 1200, "Flat Size (m2)": "14.50 - 37.83", "Min Size": 14.5, "Max Size": 37.83, "Avr Size": 26.165, "Region Name EN": "NewTerritories", "Region Name SC": "新界", "Coordinate": "114.04498,22.442337", "Type of Estate EN 1": "Public Rental Housing", "Type of Estate SC": "租住屋邨", "CACODE": "M11", "Shape_Leng": 15754.66451, "Shape_Area": 7585551.691, "18_districts": "元朗區 ", "hk_islands": "291", "kowloon": 230, "new_towns": 3351, "others": "180" }, "geometry": { "type": "Point", "coordinates": [ 114.04498, 22.442337 ] } },
{ "type": "Feature", "properties": { "Estate Name EN": "On Tai Estate", "Estate Name SC": "安泰邨", "ENAME": "Kwun Tong On Tai", "CNAME": "觀塘安泰", "Estate Map Latitude": 22.327152, "Estate Map Longitude": 114.22902, "transactions": null, "Year of Intake 1": "2017", "Num of Type": 1, "Type(s) of Block(s) 1": 0, "Type(s) of Block(s) 2": null, "Type(s) of Block(s) 3": null, "Type(s) of Block(s) 4": null, "Type(s) of Block(s) 5": null, "No. of Blocks": 11, "No. of Rental Flats": 8600, "Flat Size (m2)": "14.05 - 37.99", "Min Size": 14.05, "Max Size": 37.99, "Avr Size": 26.02, "Region Name EN": "Kowloon", "Region Name SC": "九龙", "Coordinate": "114.22902,22.327152", "Type of Estate EN 1": "Public Rental Housing", "Type of Estate SC": "租住屋邨", "CACODE": "J11", "Shape_Leng": 2286.026226, "Shape_Area": 210592.7833, "18_districts": "觀塘區 ", "hk_islands": "2933", "kowloon": 8687, "new_towns": 2647, "others": "599" }, "geometry": { "type": "Point", "coordinates": [ 114.22902, 22.327152 ] } },
{ "type": "Feature", "properties": { "Estate Name EN": "Lin Tsui Estate", "Estate Name SC": "连翠邨", "ENAME": "Wan Tsui", "CNAME": "環翠", "Estate Map Latitude": 22.26093, "Estate Map Longitude": 114.236145, "transactions": null, "Year of Intake 1": "2018", "Num of Type": 1, "Type(s) of Block(s) 1": 0, "Type(s) of Block(s) 2": null, "Type(s) of Block(s) 3": null, "Type(s) of Block(s) 4": null, "Type(s) of Block(s) 5": null, "No. of Blocks": 1, "No. of Rental Flats": 300, "Flat Size (m2)": "14.05 - 35.12", "Min Size": 14.05, "Max Size": 35.12, "Avr Size": 24.585, "Region Name EN": "HongKongIsland", "Region Name SC": "香港岛", "Coordinate": "114.236145,22.26093", "Type of Estate EN 1": "Public Rental Housing", "Type of Estate SC": "租住屋邨", "CACODE": "C13", "Shape_Leng": 10071.20411, "Shape_Area": 2917307.394, "18_districts": "東區 ", "hk_islands": "343", "kowloon": 196, "new_towns": 221, "others": "121" }, "geometry": { "type": "Point", "coordinates": [ 114.236145, 22.26093 ] } },
{ "type": "Feature", "properties": { "Estate Name EN": "Mun Tung Estate", "Estate Name SC": "满东邨", "ENAME": "Mun Yat", "CNAME": "滿逸", "Estate Map Latitude": 22.276863, "Estate Map Longitude": 113.93296, "transactions": null, "Year of Intake 1": "2018", "Num of Type": 1, "Type(s) of Block(s) 1": 0, "Type(s) of Block(s) 2": null, "Type(s) of Block(s) 3": null, "Type(s) of Block(s) 4": null, "Type(s) of Block(s) 5": null, "No. of Blocks": 4, "No. of Rental Flats": 3900, "Flat Size (m2)": "14.05 - 36.34", "Min Size": 14.05, "Max Size": 36.34, "Avr Size": 25.195, "Region Name EN": "NewTerritories", "Region Name SC": "新界", "Coordinate": "113.93296,22.276863", "Type of Estate EN 1": "Public Rental Housing", "Type of Estate SC": "租住屋邨", "CACODE": "T02", "Shape_Leng": 3517.805606, "Shape_Area": 297139.8425, "18_districts": "離島區 ", "hk_islands": "976", "kowloon": 2765, "new_towns": 5588, "others": "1015" }, "geometry": { "type": "Point", "coordinates": [ 113.93296, 22.276863 ] } },
{ "type": "Feature", "properties": { "Estate Name EN": "Hoi Ying Estate", "Estate Name SC": "海盈邨", "ENAME": "Pik Wui", "CNAME": "碧匯", "Estate Map Latitude": 22.32841, "Estate Map Longitude": 114.1484, "transactions": null, "Year of Intake 1": "2018", "Num of Type": 1, "Type(s) of Block(s) 1": 0, "Type(s) of Block(s) 2": null, "Type(s) of Block(s) 3": null, "Type(s) of Block(s) 4": null, "Type(s) of Block(s) 5": null, "No. of Blocks": 2, "No. of Rental Flats": 1300, "Flat Size (m2)": "14.08 – 37.43", "Min Size": 14.08, "Max Size": 37.43, "Avr Size": 25.755, "Region Name EN": "Kowloon", "Region Name SC": "九龙", "Coordinate": "114.1484,22.32841", "Type of Estate EN 1": "Public Rental Housing", "Type of Estate SC": "租住屋邨", "CACODE": "F12", "Shape_Leng": 4102.703007, "Shape_Area": 684773.0885, "18_districts": "深水埗區 ", "hk_islands": "2094", "kowloon": 6173, "new_towns": 5848, "others": "658" }, "geometry": { "type": "Point", "coordinates": [ 114.1484, 22.32841 ] } },
{ "type": "Feature", "properties": { "Estate Name EN": "Po Shek Wu Estate", "Estate Name SC": "宝石湖邨", "ENAME": "Shek Wu Hui", "CNAME": "石湖墟", "Estate Map Latitude": 22.503332, "Estate Map Longitude": 114.12431, "transactions": null, "Year of Intake 1": "2019", "Num of Type": 1, "Type(s) of Block(s) 1": 0, "Type(s) of Block(s) 2": null, "Type(s) of Block(s) 3": null, "Type(s) of Block(s) 4": null, "Type(s) of Block(s) 5": null, "No. of Blocks": 3, "No. of Rental Flats": 1100, "Flat Size (m2)": "14.05-35.87", "Min Size": 14.05, "Max Size": 35.87, "Avr Size": 24.96, "Region Name EN": "NewTerritories", "Region Name SC": "新界", "Coordinate": "114.12431,22.503332", "Type of Estate EN 1": "Public Rental Housing", "Type of Estate SC": "租住屋邨", "CACODE": "N13", "Shape_Leng": 4835.586279, "Shape_Area": 669819.3324, "18_districts": "北區 ", "hk_islands": "209", "kowloon": 319, "new_towns": 1328, "others": "807" }, "geometry": { "type": "Point", "coordinates": [ 114.12431, 22.503332 ] } },
{ "type": "Feature", "properties": { "Estate Name EN": "Shek Yam East Estate", "Estate Name SC": "石荫东邨", "ENAME": "Shek Yam", "CNAME": "石蔭", "Estate Map Latitude": 22.3727, "Estate Map Longitude": 114.13965, "transactions": null, "Year of Intake 1": "1996", "Num of Type": 1, "Type(s) of Block(s) 1": 1, "Type(s) of Block(s) 2": null, "Type(s) of Block(s) 3": null, "Type(s) of Block(s) 4": null, "Type(s) of Block(s) 5": null, "No. of Blocks": 3, "No. of Rental Flats": 2400, "Flat Size (m2)": "13.6 - 49.0", "Min Size": 13.6, "Max Size": 49.0, "Avr Size": 31.3, "Region Name EN": "NewTerritories", "Region Name SC": "新界", "Coordinate": "114.13965,22.3727", "Type of Estate EN 1": "Public Rental Housing", "Type of Estate SC": "租住屋邨", "CACODE": "S08", "Shape_Leng": 3246.18993, "Shape_Area": 268402.242, "18_districts": "葵青區 ", "hk_islands": "20", "kowloon": 145, "new_towns": 627, "others": "--" }, "geometry": { "type": "Point", "coordinates": [ 114.13965, 22.3727 ] } },
{ "type": "Feature", "properties": { "Estate Name EN": "Kai Chuen Court", "Estate Name SC": "启钻苑", "ENAME": "Lung Sing", "CNAME": "龍星", "Estate Map Latitude": 22.3396, "Estate Map Longitude": 114.1999, "transactions": null, "Year of Intake 1": " ", "Num of Type": 1, "Type(s) of Block(s) 1": 0, "Type(s) of Block(s) 2": null, "Type(s) of Block(s) 3": null, "Type(s) of Block(s) 4": null, "Type(s) of Block(s) 5": null, "No. of Blocks": 2, "No. of Rental Flats": 1000, "Flat Size (m2)": "14.05-37.51", "Min Size": 14.05, "Max Size": 37.51, "Avr Size": 25.78, "Region Name EN": "Kowloon", "Region Name SC": "九龙", "Coordinate": "114.1999,22.3396", "Type of Estate EN 1": "Public Rental Housing", "Type of Estate SC": "租住屋邨", "CACODE": "H06", "Shape_Leng": 4448.167452, "Shape_Area": 662553.8527, "18_districts": "黃大仙區 ", "hk_islands": "115", "kowloon": 728, "new_towns": 216, "others": "27" }, "geometry": { "type": "Point", "coordinates": [ 114.1999, 22.3396 ] } },
{ "type": "Feature", "properties": { "Estate Name EN": "Lai Tsui Court", "Estate Name SC": "丽翠苑", "ENAME": "Fortune", "CNAME": "幸福", "Estate Map Latitude": 22.334057, "Estate Map Longitude": 114.15447, "transactions": null, "Year of Intake 1": "2019", "Num of Type": 1, "Type(s) of Block(s) 1": 0, "Type(s) of Block(s) 2": null, "Type(s) of Block(s) 3": null, "Type(s) of Block(s) 4": null, "Type(s) of Block(s) 5": null, "No. of Blocks": 2, "No. of Rental Flats": 1300, "Flat Size (m2)": "14.25 - 35.84", "Min Size": 14.25, "Max Size": 35.84, "Avr Size": 25.045, "Region Name EN": "Kowloon", "Region Name SC": "九龙", "Coordinate": "114.15447,22.334057", "Type of Estate EN 1": "Public Rental Housing", "Type of Estate SC": "租住屋邨", "CACODE": "F11", "Shape_Leng": 2469.51302, "Shape_Area": 329567.5622, "18_districts": "深水埗區 ", "hk_islands": "815", "kowloon": 3773, "new_towns": 3970, "others": "259" }, "geometry": { "type": "Point", "coordinates": [ 114.15447, 22.334057 ] } },
{ "type": "Feature", "properties": { "Estate Name EN": "Fai Ming Estate", "Estate Name SC": "晖明邨", "ENAME": "Yan Shing", "CNAME": "欣盛", "Estate Map Latitude": 22.4811, "Estate Map Longitude": 114.1361, "transactions": null, "Year of Intake 1": "2020", "Num of Type": 1, "Type(s) of Block(s) 1": 0, "Type(s) of Block(s) 2": null, "Type(s) of Block(s) 3": null, "Type(s) of Block(s) 4": null, "Type(s) of Block(s) 5": null, "No. of Blocks": 2, "No. of Rental Flats": 1000, "Flat Size (m2)": "14.05 - 37.44", "Min Size": 14.05, "Max Size": 37.44, "Avr Size": 25.745, "Region Name EN": "NewTerritories", "Region Name SC": "新界", "Coordinate": "114.1361,22.4811", "Type of Estate EN 1": "Public Rental Housing", "Type of Estate SC": "租住屋邨", "CACODE": "N06", "Shape_Leng": 10207.42813, "Shape_Area": 3071977.57, "18_districts": "北區 ", "hk_islands": "56", "kowloon": 178, "new_towns": 1130, "others": "324" }, "geometry": { "type": "Point", "coordinates": [ 114.1361, 22.4811 ] } },
{ "type": "Feature", "properties": { "Estate Name EN": "Hoi Tat Estate", "Estate Name SC": "海达邨", "ENAME": "Pik Wui", "CNAME": "碧匯", "Estate Map Latitude": 22.33005, "Estate Map Longitude": 114.14964, "transactions": null, "Year of Intake 1": "2020", "Num of Type": 1, "Type(s) of Block(s) 1": 0, "Type(s) of Block(s) 2": null, "Type(s) of Block(s) 3": null, "Type(s) of Block(s) 4": null, "Type(s) of Block(s) 5": null, "No. of Blocks": 4, "No. of Rental Flats": 3300, "Flat Size (m2)": "14.05 - 36.37", "Min Size": 14.05, "Max Size": 36.37, "Avr Size": 25.21, "Region Name EN": "Kowloon", "Region Name SC": "九龙", "Coordinate": "114.14964,22.33005", "Type of Estate EN 1": "Public Rental Housing", "Type of Estate SC": "租住屋邨", "CACODE": "F12", "Shape_Leng": 4102.703007, "Shape_Area": 684773.0885, "18_districts": "深水埗區 ", "hk_islands": "2094", "kowloon": 6173, "new_towns": 5848, "others": "658" }, "geometry": { "type": "Point", "coordinates": [ 114.14964, 22.33005 ] } },
{ "type": "Feature", "properties": { "Estate Name EN": "Chun Yeung Estate", "Estate Name SC": "骏洋邨", "ENAME": "Sui Wo", "CNAME": "穗禾", "Estate Map Latitude": 22.3993, "Estate Map Longitude": 114.1886, "transactions": null, "Year of Intake 1": "2020", "Num of Type": 1, "Type(s) of Block(s) 1": 0, "Type(s) of Block(s) 2": null, "Type(s) of Block(s) 3": null, "Type(s) of Block(s) 4": null, "Type(s) of Block(s) 5": null, "No. of Blocks": 5, "No. of Rental Flats": 4800, "Flat Size (m2)": "14.05-35.98", "Min Size": 14.05, "Max Size": 35.98, "Avr Size": 25.015, "Region Name EN": "NewTerritories", "Region Name SC": "新界", "Coordinate": "114.1886,22.3993", "Type of Estate EN 1": "Public Rental Housing", "Type of Estate SC": "租住屋邨", "CACODE": "R22", "Shape_Leng": 11364.89049, "Shape_Area": 3954825.912, "18_districts": "沙田區 ", "hk_islands": "674", "kowloon": 2853, "new_towns": 4261, "others": "797" }, "geometry": { "type": "Point", "coordinates": [ 114.1886, 22.3993 ] } },
{ "type": "Feature", "properties": { "Estate Name EN": "Hin Fat Estate", "Estate Name SC": "显发邨", "ENAME": "Siu Chi", "CNAME": "兆置", "Estate Map Latitude": 22.389, "Estate Map Longitude": 113.98071, "transactions": null, "Year of Intake 1": "2024", "Num of Type": 1, "Type(s) of Block(s) 1": 0, "Type(s) of Block(s) 2": null, "Type(s) of Block(s) 3": null, "Type(s) of Block(s) 4": null, "Type(s) of Block(s) 5": null, "No. of Blocks": 1, "No. of Rental Flats": 900, "Flat Size (m2)": "14.05 - 35.22", "Min Size": 14.05, "Max Size": 35.22, "Avr Size": 24.635, "Region Name EN": "NewTerritories", "Region Name SC": "新界", "Coordinate": "113.98071,22.389", "Type of Estate EN 1": "Public Rental Housing", "Type of Estate SC": "租住屋邨", "CACODE": "L02", "Shape_Leng": 2964.569964, "Shape_Area": 304659.7971, "18_districts": "屯門區 ", "hk_islands": "280", "kowloon": 187, "new_towns": 369, "others": "174" }, "geometry": { "type": "Point", "coordinates": [ 113.98071, 22.389 ] } },
{ "type": "Feature", "properties": { "Estate Name EN": "Yip Wong Estate", "Estate Name SC": "业旺邨", "ENAME": "Lung Mun", "CNAME": "龍門", "Estate Map Latitude": 22.38778, "Estate Map Longitude": 113.96886, "transactions": null, "Year of Intake 1": "2024", "Num of Type": 1, "Type(s) of Block(s) 1": 0, "Type(s) of Block(s) 2": null, "Type(s) of Block(s) 3": null, "Type(s) of Block(s) 4": null, "Type(s) of Block(s) 5": null, "No. of Blocks": 4, "No. of Rental Flats": 1400, "Flat Size (m2)": "14.05 - 36.34", "Min Size": 14.05, "Max Size": 36.34, "Avr Size": 25.195, "Region Name EN": "NewTerritories", "Region Name SC": "新界", "Coordinate": "113.96886,22.38778", "Type of Estate EN 1": "Public Rental Housing", "Type of Estate SC": "租住屋邨", "CACODE": "L21", "Shape_Leng": 6613.246646, "Shape_Area": 1663028.895, "18_districts": "屯門區 ", "hk_islands": "50", "kowloon": 189, "new_towns": 455, "others": "45" }, "geometry": { "type": "Point", "coordinates": [ 113.96886, 22.38778 ] } },
{ "type": "Feature", "properties": { "Estate Name EN": "Fu Tip Estate", "Estate Name SC": "富蝶邨", "ENAME": "Hong Lok Yuen", "CNAME": "康樂園", "Estate Map Latitude": 22.46125, "Estate Map Longitude": 114.17308, "transactions": null, "Year of Intake 1": "2021", "Num of Type": 1, "Type(s) of Block(s) 1": 0, "Type(s) of Block(s) 2": null, "Type(s) of Block(s) 3": null, "Type(s) of Block(s) 4": null, "Type(s) of Block(s) 5": null, "No. of Blocks": 9, "No. of Rental Flats": 7400, "Flat Size (m2)": "14.05-30.73", "Min Size": 14.05, "Max Size": 30.73, "Avr Size": 22.39, "Region Name EN": "NewTerritories", "Region Name SC": "新界", "Coordinate": "114.17308,22.46125", "Type of Estate EN 1": "Public Rental Housing", "Type of Estate SC": "租住屋邨", "CACODE": "P17", "Shape_Leng": 29031.32402, "Shape_Area": 19347923.52, "18_districts": "大埔區 ", "hk_islands": "508", "kowloon": 504, "new_towns": 2038, "others": "646" }, "geometry": { "type": "Point", "coordinates": [ 114.17308, 22.46125 ] } },
{ "type": "Feature", "properties": { "Estate Name EN": "Queens Hill Estate", "Estate Name SC": "皇后山邨", "ENAME": "Queen's Hill", "CNAME": "皇后山", "Estate Map Latitude": 22.50422, "Estate Map Longitude": 114.15693, "transactions": null, "Year of Intake 1": "2021", "Num of Type": 1, "Type(s) of Block(s) 1": 0, "Type(s) of Block(s) 2": null, "Type(s) of Block(s) 3": null, "Type(s) of Block(s) 4": null, "Type(s) of Block(s) 5": null, "No. of Blocks": 7, "No. of Rental Flats": 8900, "Flat Size (m2)": "14.05-35.64", "Min Size": 14.05, "Max Size": 35.64, "Avr Size": 24.845, "Region Name EN": "NewTerritories", "Region Name SC": "新界", "Coordinate": "114.15693,22.50422", "Type of Estate EN 1": "Public Rental Housing", "Type of Estate SC": "租住屋邨", "CACODE": "N18", "Shape_Leng": 23831.95219, "Shape_Area": 15920363.76, "18_districts": "北區 ", "hk_islands": "210", "kowloon": 650, "new_towns": 2203, "others": "154" }, "geometry": { "type": "Point", "coordinates": [ 114.15693, 22.50422 ] } },
{ "type": "Feature", "properties": { "Estate Name EN": "Wo Tin Estate", "Estate Name SC": "和田邨", "ENAME": "Po Tin", "CNAME": "寶田", "Estate Map Latitude": 22.41427, "Estate Map Longitude": 113.96867, "transactions": null, "Year of Intake 1": "2022", "Num of Type": 1, "Type(s) of Block(s) 1": 0, "Type(s) of Block(s) 2": null, "Type(s) of Block(s) 3": null, "Type(s) of Block(s) 4": null, "Type(s) of Block(s) 5": null, "No. of Blocks": 4, "No. of Rental Flats": 4200, "Flat Size (m2)": "14.22 - 36.20", "Min Size": 14.22, "Max Size": 36.2, "Avr Size": 25.21, "Region Name EN": "NewTerritories", "Region Name SC": "新界", "Coordinate": "113.96867,22.41427", "Type of Estate EN 1": "Public Rental Housing", "Type of Estate SC": "租住屋邨", "CACODE": "L25", "Shape_Leng": 18293.17291, "Shape_Area": 9043555.597, "18_districts": "屯門區 ", "hk_islands": "78", "kowloon": 569, "new_towns": 804, "others": "53" }, "geometry": { "type": "Point", "coordinates": [ 113.96867, 22.41427 ] } },
{ "type": "Feature", "properties": { "Estate Name EN": "Ching Tin Estate", "Estate Name SC": "菁田邨", "ENAME": "Po Tin", "CNAME": "寶田", "Estate Map Latitude": 22.412277, "Estate Map Longitude": 113.97133, "transactions": null, "Year of Intake 1": "2022", "Num of Type": 1, "Type(s) of Block(s) 1": 0, "Type(s) of Block(s) 2": null, "Type(s) of Block(s) 3": null, "Type(s) of Block(s) 4": null, "Type(s) of Block(s) 5": null, "No. of Blocks": 5, "No. of Rental Flats": 5200, "Flat Size (m2)": "14.15 - 35.34", "Min Size": 14.15, "Max Size": 35.34, "Avr Size": 24.745, "Region Name EN": "NewTerritories", "Region Name SC": "新界", "Coordinate": "113.97133,22.412277", "Type of Estate EN 1": "Public Rental Housing", "Type of Estate SC": "租住屋邨", "CACODE": "L25", "Shape_Leng": 18293.17291, "Shape_Area": 9043555.597, "18_districts": "屯門區 ", "hk_islands": "78", "kowloon": 569, "new_towns": 804, "others": "53" }, "geometry": { "type": "Point", "coordinates": [ 113.97133, 22.412277 ] } }
]
}
