{
"type": "FeatureCollection",
"crs": { "type": "name", "properties": { "name": "urn:ogc:def:crs:OGC:1.3:CRS84" } },
"features": [
{ "type": "Feature", "properties": { "2024": 55, "2023": 67, "2022": 79, "2021": 190, "2020": 73, "2019": 68, "2018": 140, "2017": 141, "2016": 89, "2015": 122, "2014": 135, "2013": 105, "2012": 67, "2011": 64, "2010": 47, "2009": 29, "2008": 43, "2007": 43, "2006": 21, "2005": 18, "2004": 26, "2003": 776, "2002": 2980, "2001": 0, "2000": 0, "1999": 0, "1998": 0, "CACODE": "H08", "ENAME": "Tung Tau", "CNAME": "東頭", "18_districts": "黃大仙區 ", "hk_islands": "429", "kowloon": "2030", "new_towns": 421, "others": "34", "index_right": 34249, "location": "WONG TAI SIN, TSING YI & TSUEN WAN (1)", "estate_name": "TUNG TAU (II) ESTATE", "transaction_price": 342700, "saleable_floor_area": 43, "floor_level": "M", "transaction_price_per_sq": 7970, "discount_rate": 63, "assignment_date": 23, "month": 4, "year": 2012, "credit_level": "F" }, "geometry": { "type": "MultiPolygon", "coordinates": [ [ [ [ 114.193202178912927, 22.334463868696762 ], [ 114.19382889489664, 22.334402314972003 ], [ 114.193866868067616, 22.334636817020197 ], [ 114.193904275263534, 22.334766158041656 ], [ 114.193942843912737, 22.334867133887215 ], [ 114.194042199750584, 22.335060359651518 ], [ 114.194183034388004, 22.335255486365885 ], [ 114.194175991283245, 22.335211156019053 ], [ 114.19417234778517, 22.335184064678884 ], [ 114.194169306196514, 22.335157542200459 ], [ 114.194166274245731, 22.335130450794562 ], [ 114.19416492249384, 22.33511045724212 ], [ 114.194164445970927, 22.335103359259708 ], [ 114.194162627403898, 22.335076267723782 ], [ 114.194161410674738, 22.33504917612338 ], [ 114.194160193946047, 22.335022084522823 ], [ 114.194160190598751, 22.334994992792467 ], [ 114.19416018725147, 22.334967901061962 ], [ 114.194160785740891, 22.334940809267071 ], [ 114.194161995773726, 22.334913717406703 ], [ 114.194163205806063, 22.334886625546186 ], [ 114.194165629217721, 22.334859533555822 ], [ 114.194169875666802, 22.334817197756117 ], [ 114.19417411436153, 22.33479067449748 ], [ 114.194180177906176, 22.334763582116967 ], [ 114.194186853131043, 22.334737618492806 ], [ 114.194194130118717, 22.334711085877419 ], [ 114.194203222458441, 22.334685690919759 ], [ 114.194212926266871, 22.334659726969591 ], [ 114.194223843589484, 22.334634891710657 ], [ 114.194235372450549, 22.334610056385245 ], [ 114.194248105047436, 22.334585780825368 ], [ 114.194262060794799, 22.334562074059228 ], [ 114.194276618372399, 22.334538367227083 ], [ 114.194292389462404, 22.334515789084964 ], [ 114.194308762382107, 22.334493210876353 ], [ 114.19432635852074, 22.334471761356184 ], [ 114.194344556488602, 22.334450311768954 ], [ 114.194363356426507, 22.334429990936737 ], [ 114.194383379513013, 22.334410238896194 ], [ 114.194420989917788, 22.33437637015237 ], [ 114.194467122598979, 22.33433113957312 ], [ 114.194512742809607, 22.334394484536819 ], [ 114.19470616971708, 22.334663059781693 ], [ 114.194842110162455, 22.334688556111146 ], [ 114.194842595525344, 22.334688646362967 ], [ 114.1948511636852, 22.334664172546102 ], [ 114.194868148146682, 22.334642154109211 ], [ 114.195538699523169, 22.334204971046205 ], [ 114.195549389044345, 22.334220872659294 ], [ 114.19573084776367, 22.334480643254935 ], [ 114.196113619619723, 22.334234325282111 ], [ 114.196130003576627, 22.334223784647659 ], [ 114.196151841825014, 22.334205720890154 ], [ 114.196173680144966, 22.334188217025471 ], [ 114.196189452293552, 22.334175807128378 ], [ 114.196196129922555, 22.3341701531889 ], [ 114.196218579773017, 22.334152658275563 ], [ 114.196247086153207, 22.334130647344704 ], [ 114.196367787034376, 22.333951709998825 ], [ 114.196379315459637, 22.333926874519079 ], [ 114.196397513120843, 22.333905984596004 ], [ 114.196421166804143, 22.333890178226834 ], [ 114.196448471249965, 22.333881144345888 ], [ 114.196483056868402, 22.333878882511122 ], [ 114.196555246651954, 22.333872100807589 ], [ 114.196566769857839, 22.333879441264706 ], [ 114.196591039509329, 22.333895241818997 ], [ 114.196614697546821, 22.333910473517882 ], [ 114.196663246425459, 22.333940954815432 ], [ 114.196687516017917, 22.333956186428754 ], [ 114.196711785535015, 22.333970849111964 ], [ 114.196736055059773, 22.333985529852704 ], [ 114.196760324588283, 22.334000201559181 ], [ 114.196785195954604, 22.334014873187929 ], [ 114.196810076953355, 22.334028984915793 ], [ 114.196834346495862, 22.334043647580522 ], [ 114.196859227504646, 22.334057759300777 ], [ 114.19690291231764, 22.334081459163013 ], [ 114.196927783631793, 22.334095561843288 ], [ 114.196952654952185, 22.334109673550312 ], [ 114.196977535902874, 22.334123216325853 ], [ 114.19700301869031, 22.334136749992098 ], [ 114.197027889944977, 22.334150301791688 ], [ 114.197053382450491, 22.334163844479274 ], [ 114.197078855464795, 22.334176818238937 ], [ 114.197104347980044, 22.334190360918509 ], [ 114.197129811298197, 22.334203343701855 ], [ 114.197155303742051, 22.334216326477577 ], [ 114.197180786399784, 22.334228731293507 ], [ 114.197206880686636, 22.334241713985428 ], [ 114.197232363354843, 22.334254127823741 ], [ 114.197258447861344, 22.33426654158221 ], [ 114.197284542079487, 22.334278955335193 ], [ 114.197310636220465, 22.334290809188175 ], [ 114.197336720657546, 22.334302654007605 ], [ 114.197362805099033, 22.33431449882281 ], [ 114.197388899253227, 22.334326352663101 ], [ 114.197415595245957, 22.33433820642275 ], [ 114.197441689325444, 22.33434949132814 ], [ 114.197468385243297, 22.334360776152671 ], [ 114.197494469624218, 22.334372061050761 ], [ 114.19752116555064, 22.334383345866595 ], [ 114.197872634350688, 22.333590614545134 ], [ 114.197925792041076, 22.333470715845475 ], [ 114.197828460771433, 22.333414460780464 ], [ 114.197746010600241, 22.333353117690901 ], [ 114.197646751920587, 22.333252114416961 ], [ 114.197419227140969, 22.332959489509729 ], [ 114.197024697540186, 22.332338117885964 ], [ 114.196962010515293, 22.332269782256432 ], [ 114.196881987391791, 22.33220341741422 ], [ 114.196770668642344, 22.332131294875136 ], [ 114.196637161457247, 22.332068350041361 ], [ 114.196206005755911, 22.331949044979467 ], [ 114.195773475602792, 22.331853326805071 ], [ 114.195593537447408, 22.331760964897953 ], [ 114.19547743283303, 22.331678185935083 ], [ 114.194182665461597, 22.330429111352586 ], [ 114.193312598982345, 22.330439813096898 ], [ 114.191888404655742, 22.330500944213913 ], [ 114.191643651638898, 22.330523163937432 ], [ 114.192057550568293, 22.330824765074901 ], [ 114.192195885297593, 22.330947233797364 ], [ 114.192514433775742, 22.331307857610071 ], [ 114.191749203608111, 22.331900751356073 ], [ 114.191602902513068, 22.332087941594924 ], [ 114.191499271786967, 22.332269447606453 ], [ 114.191438316591373, 22.332399908869736 ], [ 114.191377374518893, 22.33256440636184 ], [ 114.191261553044342, 22.332762935947034 ], [ 114.191200598574426, 22.332904730490174 ], [ 114.191116718302737, 22.333066647160752 ], [ 114.190993338589763, 22.333211047918105 ], [ 114.190859217956103, 22.333307479074222 ], [ 114.190730408431932, 22.333420047307118 ], [ 114.190738301404082, 22.333432463675763 ], [ 114.190753465940745, 22.333455607747027 ], [ 114.190768028707637, 22.333479311764474 ], [ 114.190795940887909, 22.333526719899734 ], [ 114.190809290356711, 22.333550983913661 ], [ 114.190822038000164, 22.333575257008949 ], [ 114.190835387703487, 22.33360177866518 ], [ 114.190846310279298, 22.33362435416737 ], [ 114.190857834915604, 22.333649187261241 ], [ 114.190868757781615, 22.333674589332805 ], [ 114.190879078763246, 22.333699422529264 ], [ 114.190889390097652, 22.333724815621668 ], [ 114.19089909966128, 22.333750777692053 ], [ 114.19090820734057, 22.333776179918157 ], [ 114.190917305372452, 22.33380214204039 ], [ 114.190933084411142, 22.333854066493398 ], [ 114.190940367305515, 22.333880588667892 ], [ 114.190947048314072, 22.333906550998517 ], [ 114.191141259277629, 22.33460753256967 ], [ 114.191179392862097, 22.334745498358807 ], [ 114.191267138263328, 22.335062960504317 ], [ 114.191518150958885, 22.335971115928203 ], [ 114.191529686620342, 22.336005548468179 ], [ 114.191538784912069, 22.336031510548281 ], [ 114.191547737497061, 22.336056488308248 ], [ 114.192500337890195, 22.335985508977945 ], [ 114.192433571544001, 22.335018467114534 ], [ 114.192429053568702, 22.334893439210646 ], [ 114.192416979660436, 22.33455887554555 ], [ 114.192842251233074, 22.334536402132922 ], [ 114.193202178912927, 22.334463868696762 ] ] ] ] } },
{ "type": "Feature", "properties": { "2024": 53, "2023": 32, "2022": 49, "2021": 156, "2020": 52, "2019": 62, "2018": 90, "2017": 73, "2016": 41, "2015": 80, "2014": 84, "2013": 88, "2012": 39, "2011": 52, "2010": 44, "2009": 17, "2008": 35, "2007": 22, "2006": 10, "2005": 8, "2004": 8, "2003": 33, "2002": 883, "2001": 1809, "2000": 0, "1999": 0, "1998": 0, "CACODE": "H02", "ENAME": "Lung Ha", "CNAME": "龍下", "18_districts": "黃大仙區 ", "hk_islands": "156", "kowloon": "192", "new_towns": 355, "others": "21", "index_right": 91202, "location": "WONG TAI SIN, TSING YI & TSUEN WAN (1)", "estate_name": "LOWER WONG TAI SIN (1) ESTATE", "transaction_price": 276400, "saleable_floor_area": 46, "floor_level": "L", "transaction_price_per_sq": 6009, "discount_rate": 55, "assignment_date": 8, "month": 8, "year": 2001, "credit_level": "F" }, "geometry": { "type": "MultiPolygon", "coordinates": [ [ [ [ 114.194183034388004, 22.335255486365885 ], [ 114.194223341278814, 22.335437484284444 ], [ 114.194257883309419, 22.335549784821314 ], [ 114.194295562055075, 22.335672271501128 ], [ 114.194366572193687, 22.33584948888813 ], [ 114.194463668094585, 22.336047022199264 ], [ 114.194622654908059, 22.336304936122357 ], [ 114.195039527503283, 22.336868740867317 ], [ 114.195043267952414, 22.336873800360305 ], [ 114.19558752726256, 22.337609980380662 ], [ 114.194296333025306, 22.338433405735085 ], [ 114.193738250427444, 22.337685947422713 ], [ 114.192924870275661, 22.338196757091222 ], [ 114.193504825424526, 22.338965687862505 ], [ 114.194306423445667, 22.34002782441673 ], [ 114.194457510655013, 22.340192615976278 ], [ 114.194607389849324, 22.340320725344682 ], [ 114.194660785373983, 22.340357970583156 ], [ 114.194826424141866, 22.340442044947842 ], [ 114.194907126035361, 22.340473642962685 ], [ 114.195154675518069, 22.340550943934229 ], [ 114.195727668914472, 22.340641617295756 ], [ 114.195845753403546, 22.340164184291051 ], [ 114.195905671812383, 22.339196741136352 ], [ 114.195925214813656, 22.339069796080167 ], [ 114.195970029618977, 22.338969840417711 ], [ 114.1960782177986, 22.338828896488046 ], [ 114.196258699830068, 22.33864519310065 ], [ 114.196358724934157, 22.338583267469879 ], [ 114.196506177790681, 22.338714752833816 ], [ 114.196639668059859, 22.33881971697711 ], [ 114.196810773667849, 22.338919601193464 ], [ 114.197015244166323, 22.339023427435219 ], [ 114.19725370001234, 22.339124991494501 ], [ 114.197443604900101, 22.339193256634864 ], [ 114.197694191243798, 22.3392660380667 ], [ 114.197927777053195, 22.339317364685527 ], [ 114.197949017322728, 22.339321317309206 ], [ 114.197977528650952, 22.339326957698297 ], [ 114.198006049518327, 22.339331469259616 ], [ 114.198035172327792, 22.33933654063263 ], [ 114.198063683491611, 22.33934105218507 ], [ 114.198092204279774, 22.339345003835739 ], [ 114.19812132692374, 22.339348946371775 ], [ 114.198149838007737, 22.339352898013598 ], [ 114.198178960654971, 22.339356840539271 ], [ 114.1982074813628, 22.339360223243649 ], [ 114.198236603927711, 22.339363605863479 ], [ 114.198265726408422, 22.339366428582665 ], [ 114.198309409567997, 22.339366982693587 ], [ 114.198338531617338, 22.339366978830707 ], [ 114.198367653580675, 22.339366415067143 ], [ 114.198396775542406, 22.339365842267767 ], [ 114.19842528594225, 22.339365278575212 ], [ 114.198454407817138, 22.339364145870036 ], [ 114.198483529691558, 22.339363013159645 ], [ 114.198512651477529, 22.339361311517976 ], [ 114.198541773264196, 22.339359618901636 ], [ 114.198570894961946, 22.339357357354064 ], [ 114.198600016658759, 22.339355095801235 ], [ 114.198629138266199, 22.339352265317174 ], [ 114.198652149667012, 22.339349982451992 ], [ 114.198317832601759, 22.33889795171854 ], [ 114.198100587547501, 22.338609011990528 ], [ 114.198059972641417, 22.338554119561525 ], [ 114.196684448019823, 22.336694999002024 ], [ 114.196639961298885, 22.336634887005463 ], [ 114.19624351444179, 22.33609770605587 ], [ 114.196113896920139, 22.336180686332227 ], [ 114.195472067593855, 22.336591570433868 ], [ 114.195469786606182, 22.336593033649415 ], [ 114.195206636667038, 22.33622594372461 ], [ 114.195187897995766, 22.336203523832392 ], [ 114.196028773313913, 22.335671217539268 ], [ 114.195878402566706, 22.335463261112565 ], [ 114.195428756408589, 22.334843590012177 ], [ 114.195434224017518, 22.334870112189382 ], [ 114.195434839154444, 22.334897203849803 ], [ 114.195431193796438, 22.334923736103395 ], [ 114.195422713282881, 22.334949699985255 ], [ 114.195409971148166, 22.334973966606771 ], [ 114.195393597379024, 22.334996544925332 ], [ 114.195363868272551, 22.335023640058502 ], [ 114.195155185529359, 22.335160261196634 ], [ 114.194873018501966, 22.334773096936765 ], [ 114.194849358550883, 22.334742631304845 ], [ 114.194841463400437, 22.334716659339364 ], [ 114.194842107250366, 22.33468855611147 ], [ 114.194839219127545, 22.334688013884005 ], [ 114.19470616971708, 22.334663059781693 ], [ 114.194512742809607, 22.334394484536819 ], [ 114.194467122265962, 22.334331139780623 ], [ 114.194420989917788, 22.33437637015237 ], [ 114.194383379513013, 22.334410238896194 ], [ 114.194363356426507, 22.334429990936737 ], [ 114.194344556488602, 22.334450311768954 ], [ 114.19432635852074, 22.334471761356184 ], [ 114.194308762382107, 22.334493210876353 ], [ 114.194292389462404, 22.334515789084964 ], [ 114.194276618372399, 22.334538367227083 ], [ 114.194262060794799, 22.334562074059228 ], [ 114.194248105047436, 22.334585780825368 ], [ 114.194235372450549, 22.334610056385245 ], [ 114.194223843589484, 22.334634891710657 ], [ 114.194212926266871, 22.334659726969591 ], [ 114.194203222458441, 22.334685690919759 ], [ 114.194194130118717, 22.334711085877419 ], [ 114.194186853131043, 22.334737618492806 ], [ 114.194180177906176, 22.334763582116967 ], [ 114.19417411436153, 22.33479067449748 ], [ 114.194169875666802, 22.334817197756117 ], [ 114.194165629217721, 22.334859533555822 ], [ 114.194163205806063, 22.334886625546186 ], [ 114.194161995773726, 22.334913717406703 ], [ 114.194160785740891, 22.334940809267071 ], [ 114.19416018725147, 22.334967901061962 ], [ 114.194160190598751, 22.334994992792467 ], [ 114.194160193946047, 22.335022084522823 ], [ 114.194161410674738, 22.33504917612338 ], [ 114.194162627403898, 22.335076267723782 ], [ 114.194164445970927, 22.335103359259708 ], [ 114.19416492249384, 22.33511045724212 ], [ 114.194166274245731, 22.335130450794562 ], [ 114.194169306196514, 22.335157542200459 ], [ 114.19417234778517, 22.335184064678884 ], [ 114.194175991283245, 22.335211156019053 ], [ 114.194183034388004, 22.335255486365885 ] ] ] ] } },
{ "type": "Feature", "properties": { "2024": 27, "2023": 31, "2022": 39, "2021": 85, "2020": 33, "2019": 38, "2018": 54, "2017": 62, "2016": 42, "2015": 54, "2014": 63, "2013": 49, "2012": 32, "2011": 30, "2010": 23, "2009": 29, "2008": 18, "2007": 32, "2006": 11, "2005": 19, "2004": 11, "2003": 24, "2002": 32, "2001": 27, "2000": 40, "1999": 833, "1998": 2829, "CACODE": "H05", "ENAME": "Fung Tak", "CNAME": "鳳德", "18_districts": "黃大仙區 ", "hk_islands": "76", "kowloon": "169", "new_towns": 86, "others": "--", "index_right": 148089, "location": "WONG TAI SIN, TSING YI & TSUEN WAN (1)", "estate_name": "FUNG TAK ESTATE", "transaction_price": 224200, "saleable_floor_area": 41, "floor_level": "L", "transaction_price_per_sq": 5468, "discount_rate": 70, "assignment_date": 13, "month": 6, "year": 1998, "credit_level": "F" }, "geometry": { "type": "MultiPolygon", "coordinates": [ [ [ [ 114.198959917846182, 22.344467956588193 ], [ 114.19907882034201, 22.344973390110365 ], [ 114.199144937723588, 22.345143652331011 ], [ 114.199250080805029, 22.345316022277348 ], [ 114.199338292091198, 22.345417360079583 ], [ 114.199546282450726, 22.345605807972863 ], [ 114.199730150086651, 22.345738423024049 ], [ 114.199844227098353, 22.34580218070716 ], [ 114.199992883957208, 22.345869328861323 ], [ 114.200185836728664, 22.345930817365094 ], [ 114.20040912258483, 22.345968605025245 ], [ 114.200924509467569, 22.346078142184673 ], [ 114.20097665204824, 22.346089223954312 ], [ 114.201853203963722, 22.346221244211062 ], [ 114.201869541473073, 22.34605394145326 ], [ 114.201900408395105, 22.345869153269661 ], [ 114.201935699632543, 22.345725426368343 ], [ 114.201984226921951, 22.345606332783213 ], [ 114.202098976856945, 22.345466693361615 ], [ 114.202222563564604, 22.345396867770532 ], [ 114.202359397504893, 22.345306504492541 ], [ 114.202509455416759, 22.345175077022247 ], [ 114.202606543829887, 22.345023131372105 ], [ 114.202807427464151, 22.343982534253882 ], [ 114.202563584937508, 22.343213259161047 ], [ 114.20220403299939, 22.343045410526631 ], [ 114.20168372496633, 22.342553388435825 ], [ 114.201636565130428, 22.342605664591943 ], [ 114.200883802454157, 22.342897031976104 ], [ 114.200488740284001, 22.343000752033877 ], [ 114.199921453682634, 22.343097424829946 ], [ 114.199607416392453, 22.343121030033654 ], [ 114.199138112410523, 22.343186494701129 ], [ 114.199292220472159, 22.343851050916467 ], [ 114.199551736600029, 22.343798818052353 ], [ 114.199600868659573, 22.343988037652302 ], [ 114.199664009324806, 22.344059803709971 ], [ 114.199849900448285, 22.344111974079624 ], [ 114.199772781193261, 22.344340359014225 ], [ 114.198959917846182, 22.344467956588193 ] ] ] ] } },
{ "type": "Feature", "properties": { "2024": 36, "2023": 33, "2022": 50, "2021": 117, "2020": 23, "2019": 46, "2018": 53, "2017": 84, "2016": 37, "2015": 76, "2014": 52, "2013": 60, "2012": 34, "2011": 56, "2010": 48, "2009": 19, "2008": 31, "2007": 31, "2006": 29, "2005": 26, "2004": 26, "2003": 41, "2002": 44, "2001": 64, "2000": 2152, "1999": 2770, "1998": 0, "CACODE": "H15", "ENAME": "Chuk Yuen North", "CNAME": "竹園北", "18_districts": "黃大仙區 ", "hk_islands": "45", "kowloon": "87", "new_towns": 110, "others": "25", "index_right": 133787, "location": "WONG TAI SIN, TSING YI & TSUEN WAN (1)", "estate_name": "CHUK YUEN (NORTH) ESTATE", "transaction_price": 247200, "saleable_floor_area": 41, "floor_level": "H", "transaction_price_per_sq": 6029, "discount_rate": 55, "assignment_date": 8, "month": 6, "year": 1999, "credit_level": "F" }, "geometry": { "type": "MultiPolygon", "coordinates": [ [ [ [ 114.191422318235922, 22.349923749752108 ], [ 114.191886650412144, 22.349873948872084 ], [ 114.192190126257557, 22.349797530869889 ], [ 114.192357933741221, 22.349741046776384 ], [ 114.192550731138468, 22.349697853070804 ], [ 114.1928577919319, 22.349651324624237 ], [ 114.193139857360563, 22.349631366023484 ], [ 114.193275529070206, 22.349644645292347 ], [ 114.193382652137046, 22.34968116299968 ], [ 114.193621886055737, 22.349827279939234 ], [ 114.193714729171518, 22.349867122151888 ], [ 114.193811133194558, 22.349890365767916 ], [ 114.193914680776416, 22.349900315588275 ], [ 114.194000945541077, 22.349890273514699 ], [ 114.194036313321362, 22.349742276936915 ], [ 114.194174734149584, 22.349454205349691 ], [ 114.19423477725654, 22.349366566346625 ], [ 114.194585424238923, 22.348924030794532 ], [ 114.194856977755336, 22.348554425068347 ], [ 114.195452343575624, 22.347781793121239 ], [ 114.195554411078533, 22.347623692324365 ], [ 114.195731917368875, 22.347313011312021 ], [ 114.195786828832212, 22.347124112603293 ], [ 114.195829106394953, 22.346978742670284 ], [ 114.195884025806066, 22.346707394872414 ], [ 114.195919897290565, 22.346286611515399 ], [ 114.195924108479147, 22.346129307617566 ], [ 114.195953680206912, 22.345999534916626 ], [ 114.195963517122692, 22.345878560310261 ], [ 114.195964234299495, 22.345869764455465 ], [ 114.195943068729449, 22.345708535248455 ], [ 114.195902902868568, 22.345602358598391 ], [ 114.195843697456937, 22.345476524631994 ], [ 114.195749898046188, 22.345311113717461 ], [ 114.195738711392039, 22.345286551885469 ], [ 114.195487742005284, 22.345253664570809 ], [ 114.194980731532652, 22.345227307761441 ], [ 114.194188994517432, 22.34521463433725 ], [ 114.193439253467034, 22.345202630036059 ], [ 114.19229433832615, 22.345184284886404 ], [ 114.192294381862453, 22.345578983806121 ], [ 114.19231144887199, 22.345585610611032 ], [ 114.192307770577216, 22.345594253213381 ], [ 114.19229438701332, 22.345625680858273 ], [ 114.192294418838202, 22.345914198376814 ], [ 114.192638240111378, 22.345914165193751 ], [ 114.192638354367588, 22.346927421586606 ], [ 114.192433524421077, 22.346895798348545 ], [ 114.192328716188896, 22.346877241569892 ], [ 114.19224677970648, 22.346858529028971 ], [ 114.192121611865986, 22.346819230847235 ], [ 114.191974386059385, 22.34676354415847 ], [ 114.191827167593829, 22.346684639754823 ], [ 114.191704889010296, 22.346608053783569 ], [ 114.1916000832164, 22.346517540997255 ], [ 114.191467819911125, 22.346389887914125 ], [ 114.191382970118411, 22.346264560354498 ], [ 114.191290739733091, 22.346112069468955 ], [ 114.190934330155869, 22.346240623883901 ], [ 114.190819051128685, 22.34625473962042 ], [ 114.190732291830528, 22.34625023180612 ], [ 114.190525958038137, 22.34621296217901 ], [ 114.189529026768298, 22.345935985660823 ], [ 114.189697689628346, 22.349947770622464 ], [ 114.189834197751821, 22.349978872104611 ], [ 114.190063889889146, 22.349966626124694 ], [ 114.190214816224028, 22.349911635673024 ], [ 114.19043793666107, 22.349807765638385 ], [ 114.190621678958209, 22.349783322433247 ], [ 114.191231998168206, 22.349801592331168 ], [ 114.191378692920367, 22.349857207475925 ], [ 114.191422318235922, 22.349923749752108 ] ] ] ] } },
{ "type": "Feature", "properties": { "2024": 192, "2023": 139, "2022": 166, "2021": 403, "2020": 141, "2019": 121, "2018": 542, "2017": 145, "2016": 204, "2015": 172, "2014": 348, "2013": 144, "2012": 183, "2011": 89, "2010": 75, "2009": 11, "2008": 48, "2007": 34, "2006": 45, "2005": 1164, "2004": 561, "2003": 0, "2002": 0, "2001": 0, "2000": 0, "1999": 0, "1998": 0, "CACODE": "L08", "ENAME": "Shan King", "CNAME": "山景", "18_districts": "屯門區 ", "hk_islands": "8", "kowloon": "67", "new_towns": 85, "others": "177", "index_right": 27438, "location": "TUEN MUN & YUEN LONG (1)", "estate_name": "SHAN KING ESTATE", "transaction_price": 394600, "saleable_floor_area": 46, "floor_level": "M", "transaction_price_per_sq": 8578, "discount_rate": 66, "assignment_date": 21, "month": 7, "year": 2014, "credit_level": "0" }, "geometry": { "type": "MultiPolygon", "coordinates": [ [ [ [ 113.967494814055115, 22.399253832094843 ], [ 113.967494659997257, 22.399252946910117 ], [ 113.967374632202421, 22.398587896594442 ], [ 113.967366149504954, 22.398305782981193 ], [ 113.967395308110596, 22.398056083298112 ], [ 113.967443138005805, 22.397646631789947 ], [ 113.967561176907125, 22.396389536261825 ], [ 113.967580598317568, 22.396033363723099 ], [ 113.966865818035217, 22.39598459378654 ], [ 113.966009798695595, 22.395916184993645 ], [ 113.965491917320705, 22.395833485267243 ], [ 113.965247843322857, 22.395821950254721 ], [ 113.96501402375749, 22.395836490227556 ], [ 113.964653035200598, 22.395870585583676 ], [ 113.964468235583595, 22.395867362943022 ], [ 113.964369389425556, 22.395858112331528 ], [ 113.963638767352975, 22.395748875461685 ], [ 113.963601001675684, 22.395754442615662 ], [ 113.963115091748193, 22.395487429549927 ], [ 113.962926374617211, 22.395226840771816 ], [ 113.962874441933906, 22.395256825453338 ], [ 113.962798906357847, 22.395289885359219 ], [ 113.962574208321769, 22.395360115723996 ], [ 113.96242036024519, 22.395457404696735 ], [ 113.962374841830297, 22.39549674425049 ], [ 113.961971453800714, 22.3959799977901 ], [ 113.96192393264846, 22.396064820993885 ], [ 113.961895719002797, 22.396135952573864 ], [ 113.961875898996553, 22.396211348654205 ], [ 113.961865377076677, 22.396290170607301 ], [ 113.961872013921621, 22.39635701388492 ], [ 113.961890925548218, 22.396430339289612 ], [ 113.961989317674821, 22.396583545417943 ], [ 113.962072090543543, 22.396669634405519 ], [ 113.962133651665766, 22.396719347576695 ], [ 113.962311523463654, 22.396826928755761 ], [ 113.962410428225326, 22.396874307317606 ], [ 113.962926162168458, 22.397251091080705 ], [ 113.9628840879259, 22.397419254863287 ], [ 113.963769243389507, 22.397688772844393 ], [ 113.964823629812102, 22.39767189012921 ], [ 113.964982809035135, 22.397607422587523 ], [ 113.965261465655416, 22.397376770134915 ], [ 113.965378097145489, 22.397268611323625 ], [ 113.965670708887288, 22.397873023318422 ], [ 113.965762683583861, 22.398498060428174 ], [ 113.965768672428666, 22.398538705324658 ], [ 113.965855092380636, 22.399131993013711 ], [ 113.96586950935702, 22.399250834634191 ], [ 113.965870037013332, 22.399255124791718 ], [ 113.967494814055115, 22.399253832094843 ] ] ] ] } },
{ "type": "Feature", "properties": { "2024": 18, "2023": 18, "2022": 14, "2021": 150, "2020": 14, "2019": 64, "2018": 58, "2017": 87, "2016": 25, "2015": 86, "2014": 38, "2013": 76, "2012": 40, "2011": 27, "2010": 23, "2009": 9, "2008": 11, "2007": 20, "2006": 8, "2005": 8, "2004": 9, "2003": 17, "2002": 15, "2001": 21, "2000": 685, "1999": 1300, "1998": 0, "CACODE": "L24", "ENAME": "Tin King", "CNAME": "田景", "18_districts": "屯門區 ", "hk_islands": "29", "kowloon": "10", "new_towns": 139, "others": "47", "index_right": 133305, "location": "TUEN MUN & YUEN LONG (3)", "estate_name": "TIN KING ESTATE", "transaction_price": 156100, "saleable_floor_area": 45, "floor_level": "H", "transaction_price_per_sq": 3469, "discount_rate": 55, "assignment_date": 15, "month": 6, "year": 1999, "credit_level": "F" }, "geometry": { "type": "MultiPolygon", "coordinates": [ [ [ [ 113.965715081016143, 22.407678351688176 ], [ 113.96574979551815, 22.40767592268169 ], [ 113.96621306557995, 22.407581905924502 ], [ 113.966533175346598, 22.407510169405615 ], [ 113.967149998844533, 22.40735295588243 ], [ 113.9671024282801, 22.406098202971918 ], [ 113.967065300704775, 22.405411551283215 ], [ 113.967049226845361, 22.404894383350971 ], [ 113.967073535168637, 22.404707005851431 ], [ 113.966524779663118, 22.40473149687174 ], [ 113.966117298009735, 22.404816665257449 ], [ 113.965823799623593, 22.404911048012398 ], [ 113.965091321215766, 22.405238717506112 ], [ 113.964528495123744, 22.405413820302016 ], [ 113.964245026430774, 22.405438218294922 ], [ 113.963917742174701, 22.405446872187589 ], [ 113.96381370790732, 22.405459982802927 ], [ 113.963675261152119, 22.405500699225634 ], [ 113.96355206218594, 22.405573105446965 ], [ 113.963451994132427, 22.405653642424181 ], [ 113.963428104508736, 22.405690726049599 ], [ 113.963374172285185, 22.405800158113074 ], [ 113.963365631778245, 22.405891625321924 ], [ 113.96337138315576, 22.405998463172228 ], [ 113.963440787302019, 22.406142960775011 ], [ 113.963690747443053, 22.40642045320336 ], [ 113.964054439706757, 22.406134007779588 ], [ 113.96417192403301, 22.406045257574604 ], [ 113.964554323684965, 22.406082134865557 ], [ 113.964779927406994, 22.40634106314879 ], [ 113.964736300948815, 22.406450111842517 ], [ 113.964708005985727, 22.406478367122183 ], [ 113.964512203406429, 22.40663167289922 ], [ 113.964279710689055, 22.406611157199436 ], [ 113.964021375186448, 22.406800664491705 ], [ 113.964051137884255, 22.406835525095975 ], [ 113.964278706871212, 22.407124293256292 ], [ 113.964515879376364, 22.407401993342727 ], [ 113.964736257744534, 22.407521665233343 ], [ 113.965279407528726, 22.407666223084782 ], [ 113.965497615094961, 22.407693590853501 ], [ 113.965715081016143, 22.407678351688176 ] ] ] ] } },
{ "type": "Feature", "properties": { "2024": 67, "2023": 48, "2022": 80, "2021": 314, "2020": 69, "2019": 93, "2018": 120, "2017": 124, "2016": 76, "2015": 128, "2014": 111, "2013": 409, "2012": 104, "2011": 72, "2010": 64, "2009": 22, "2008": 35, "2007": 26, "2006": 16, "2005": 28, "2004": 27, "2003": 33, "2002": 855, "2001": 2461, "2000": 0, "1999": 0, "1998": 0, "CACODE": "L23", "ENAME": "Leung King", "CNAME": "良景", "18_districts": "屯門區 ", "hk_islands": "6", "kowloon": "121", "new_towns": 115, "others": "1", "index_right": 93458, "location": "TUEN MUN & YUEN LONG (1)", "estate_name": "LEUNG KING ESTATE", "transaction_price": 134300, "saleable_floor_area": 41, "floor_level": "M", "transaction_price_per_sq": 3276, "discount_rate": 55, "assignment_date": 22, "month": 6, "year": 2001, "credit_level": "F" }, "geometry": { "type": "MultiPolygon", "coordinates": [ [ [ [ 113.965715081016143, 22.407678351688176 ], [ 113.965497615094961, 22.407693590853501 ], [ 113.965279407528726, 22.407666223084782 ], [ 113.964736257744534, 22.407521665233343 ], [ 113.964515879376364, 22.407401993342727 ], [ 113.964278706871212, 22.407124293256292 ], [ 113.964051137884255, 22.406835525095975 ], [ 113.964021375186448, 22.406800664491705 ], [ 113.964279710689055, 22.406611157199436 ], [ 113.964512203406429, 22.40663167289922 ], [ 113.964708005985727, 22.406478367122183 ], [ 113.964736300948815, 22.406450111842517 ], [ 113.964779927406994, 22.40634106314879 ], [ 113.964554323684965, 22.406082134865557 ], [ 113.96417192403301, 22.406045257574604 ], [ 113.964054439706757, 22.406134007779588 ], [ 113.963690747443053, 22.40642045320336 ], [ 113.963440787302019, 22.406142960775011 ], [ 113.96337138315576, 22.405998463172228 ], [ 113.963365631778245, 22.405891625321924 ], [ 113.963374172285185, 22.405800158113074 ], [ 113.963428104508736, 22.405690726049599 ], [ 113.963074268865952, 22.405679295570252 ], [ 113.962786226074883, 22.405969387956191 ], [ 113.962153437098976, 22.40543137234544 ], [ 113.961443126655354, 22.405420566209667 ], [ 113.961283866861322, 22.40556822758451 ], [ 113.960272624159117, 22.406346510991384 ], [ 113.960238154696469, 22.40639151772778 ], [ 113.960241324716307, 22.406401518684458 ], [ 113.96024404623526, 22.406443983510837 ], [ 113.960242453098346, 22.406463026596899 ], [ 113.960240231257046, 22.406505475768835 ], [ 113.960235248857117, 22.406555714520422 ], [ 113.960233481092715, 22.406605966609522 ], [ 113.960227252729993, 22.406658027841658 ], [ 113.96022391546677, 22.406680734952761 ], [ 113.960219335436719, 22.40670320560664 ], [ 113.960214472090797, 22.406733017636871 ], [ 113.960210092198849, 22.406764211973645 ], [ 113.960207464726352, 22.406792654371284 ], [ 113.960202589884929, 22.406823613252588 ], [ 113.960199962759617, 22.406851829889089 ], [ 113.960202512081182, 22.406880071523791 ], [ 113.960204321516684, 22.406909459033976 ], [ 113.960207403474968, 22.406932418568847 ], [ 113.960381665739817, 22.406976251026546 ], [ 113.960395059600202, 22.406981858810099 ], [ 113.960407237661371, 22.406988629892762 ], [ 113.960425937071179, 22.407004972952269 ], [ 113.960453165389794, 22.40703271482467 ], [ 113.960506588916644, 22.407084296018557 ], [ 113.960543266601292, 22.407118597598 ], [ 113.960554463394303, 22.407125611178714 ], [ 113.960567102578423, 22.407129384756878 ], [ 113.960607927536714, 22.407132157538342 ], [ 113.960716130223005, 22.407137603117185 ], [ 113.96090452868583, 22.407178320346297 ], [ 113.96087196335472, 22.40721038009125 ], [ 113.960868664247684, 22.407239878164262 ], [ 113.960884938678277, 22.407260606729547 ], [ 113.960926967564035, 22.407263642922146 ], [ 113.9609901628383, 22.407283007331809 ], [ 113.961131880891443, 22.407345678194293 ], [ 113.961175893448541, 22.407372340627123 ], [ 113.961283042274076, 22.407412623898491 ], [ 113.961311751940329, 22.407418315242637 ], [ 113.961391710971526, 22.407412037307218 ], [ 113.961427889065973, 22.40743040830651 ], [ 113.961439585824635, 22.407453352206534 ], [ 113.96146078423709, 22.407562387016803 ], [ 113.961538466279592, 22.407754423688189 ], [ 113.961576551904187, 22.407827034076785 ], [ 113.961625544904251, 22.407880270603009 ], [ 113.961673846808068, 22.407915607842902 ], [ 113.961829054641257, 22.40799169723903 ], [ 113.961918678352461, 22.408010112120039 ], [ 113.961997921962009, 22.408077720076115 ], [ 113.962058834668397, 22.408110211309509 ], [ 113.962111443528215, 22.408155379270987 ], [ 113.962129281057798, 22.408182972928795 ], [ 113.962162101702759, 22.408338719533855 ], [ 113.962198677636266, 22.408408130989645 ], [ 113.96237443950028, 22.408647192583615 ], [ 113.962431103661288, 22.408701730396562 ], [ 113.962454836186723, 22.408704254279442 ], [ 113.962674841841419, 22.408674384228927 ], [ 113.962777647290068, 22.408678909208486 ], [ 113.962899370209584, 22.408697248658864 ], [ 113.963168346243009, 22.408818495073305 ], [ 113.963402591558435, 22.408851124536024 ], [ 113.9634735483002, 22.40888929962237 ], [ 113.963790125048305, 22.40898461819922 ], [ 113.964045107014599, 22.408793481460048 ], [ 113.964761972108207, 22.40831087912369 ], [ 113.965715081016143, 22.407678351688176 ] ] ] ] } },
{ "type": "Feature", "properties": { "2024": 11, "2023": 9, "2022": 18, "2021": 63, "2020": 15, "2019": 23, "2018": 40, "2017": 36, "2016": 18, "2015": 30, "2014": 33, "2013": 25, "2012": 19, "2011": 14, "2010": 15, "2009": 6, "2008": 9, "2007": 3, "2006": 3, "2005": 9, "2004": 11, "2003": 5, "2002": 11, "2001": 9, "2000": 18, "1999": 323, "1998": 1606, "CACODE": "L26", "ENAME": "Kin Sang", "CNAME": "建生", "18_districts": "屯門區 ", "hk_islands": "166", "kowloon": "185", "new_towns": 555, "others": "87", "index_right": 29950, "location": "TUEN MUN & YUEN LONG (3)", "estate_name": "KIN SANG ESTATE", "transaction_price": 304800, "saleable_floor_area": 35, "floor_level": "M", "transaction_price_per_sq": 8709, "discount_rate": 64, "assignment_date": 4, "month": 11, "year": 2013, "credit_level": "0" }, "geometry": { "type": "MultiPolygon", "coordinates": [ [ [ [ 113.972309497691555, 22.40544962512169 ], [ 113.972028291016812, 22.405482040618026 ], [ 113.970859844865657, 22.405408800019195 ], [ 113.970401132168575, 22.40533710907291 ], [ 113.970321473891744, 22.40533808195276 ], [ 113.970103923824269, 22.405340756843589 ], [ 113.969895279888533, 22.405323521656843 ], [ 113.969671111159258, 22.405290183064128 ], [ 113.969463654442578, 22.405225620222506 ], [ 113.969336536204111, 22.405186066254949 ], [ 113.968762224264964, 22.404971170789537 ], [ 113.968389144534953, 22.404846683933311 ], [ 113.968173474112277, 22.404787789005947 ], [ 113.967788037665855, 22.404737596437847 ], [ 113.967155207870007, 22.404703084223712 ], [ 113.967073535168637, 22.404707005851431 ], [ 113.967049226845361, 22.404894383350971 ], [ 113.967065300704775, 22.405411551283215 ], [ 113.9671024282801, 22.406098202971918 ], [ 113.967149998844533, 22.40735295588243 ], [ 113.967220110043868, 22.409172276470255 ], [ 113.967261832451385, 22.40958737007864 ], [ 113.967282513346291, 22.409720921129594 ], [ 113.967331115170495, 22.40993979193928 ], [ 113.967374965938575, 22.410056287394049 ], [ 113.967739753697401, 22.409947771228492 ], [ 113.967896161384346, 22.409881193316782 ], [ 113.968015036734272, 22.409817483600982 ], [ 113.968132341581594, 22.409725768341755 ], [ 113.968181841844469, 22.409675568763763 ], [ 113.968301157746012, 22.409518195567706 ], [ 113.968390862342758, 22.409359926200892 ], [ 113.968472673304348, 22.40917389602766 ], [ 113.968628264523957, 22.408820129921128 ], [ 113.96874733833458, 22.408635357668231 ], [ 113.96882440105631, 22.408539408972256 ], [ 113.968905275403955, 22.408466483763785 ], [ 113.969067757597571, 22.40835623220811 ], [ 113.969453529171261, 22.408187641423574 ], [ 113.969904826992916, 22.408019142639784 ], [ 113.970317753785778, 22.407855605467219 ], [ 113.970596623612749, 22.407745166887572 ], [ 113.970711395548392, 22.407695907673421 ], [ 113.970899449302593, 22.407590834216819 ], [ 113.970983390688616, 22.407524729850014 ], [ 113.971062945400575, 22.407443231960336 ], [ 113.971120237711432, 22.40736993244311 ], [ 113.971404728555498, 22.406929580972147 ], [ 113.972309497691555, 22.40544962512169 ] ] ] ] } },
{ "type": "Feature", "properties": { "2024": 21, "2023": 23, "2022": 17, "2021": 65, "2020": 18, "2019": 26, "2018": 40, "2017": 41, "2016": 29, "2015": 46, "2014": 49, "2013": 44, "2012": 28, "2011": 39, "2010": 19, "2009": 5, "2008": 15, "2007": 9, "2006": 11, "2005": 11, "2004": 6, "2003": 14, "2002": 393, "2001": 1899, "2000": 0, "1999": 0, "1998": 0, "CACODE": "S23", "ENAME": "Tsing Yi Estate", "CNAME": "青衣?", "18_districts": "葵青區 ", "hk_islands": "50", "kowloon": "279", "new_towns": 263, "others": "1", "index_right": 96793, "location": "WONG TAI SIN, TSING YI & TSUEN WAN (2)", "estate_name": "TSING YI ESTATE", "transaction_price": 222700, "saleable_floor_area": 45, "floor_level": "M", "transaction_price_per_sq": 4949, "discount_rate": 55, "assignment_date": 14, "month": 5, "year": 2001, "credit_level": "F" }, "geometry": { "type": "MultiPolygon", "coordinates": [ [ [ [ 114.106971373693966, 22.354322237819996 ], [ 114.107031501317749, 22.353418459099043 ], [ 114.107040067224077, 22.353334126468667 ], [ 114.107062692281517, 22.353227214484225 ], [ 114.10714516173995, 22.353232424497943 ], [ 114.107229948773821, 22.353223556835388 ], [ 114.107311587628473, 22.353200518841085 ], [ 114.107380794860305, 22.353167921150803 ], [ 114.107449087185401, 22.353120350383556 ], [ 114.107506958070431, 22.353062037799994 ], [ 114.107552494018222, 22.352994933191827 ], [ 114.107582254325408, 22.352927090350633 ], [ 114.107599064480027, 22.352857788048869 ], [ 114.107603488214082, 22.352785744193117 ], [ 114.107596481649765, 22.352721109534077 ], [ 114.107576682135814, 22.352651340050294 ], [ 114.10752880692732, 22.352560779250201 ], [ 114.107496741317377, 22.352519983549676 ], [ 114.107418498284986, 22.352450062586122 ], [ 114.107325072095634, 22.352398783160375 ], [ 114.107268026398103, 22.352379297826438 ], [ 114.107128751043248, 22.352361501938312 ], [ 114.106991330034717, 22.35238259229045 ], [ 114.106866657018116, 22.352440361108094 ], [ 114.106765772761406, 22.352529683842821 ], [ 114.10671624340884, 22.352602954371648 ], [ 114.106683778149772, 22.352682192441161 ], [ 114.106548668182811, 22.35264351019077 ], [ 114.106422744376033, 22.352620030241329 ], [ 114.106269433176749, 22.352616685426195 ], [ 114.104318327394111, 22.352480500758436 ], [ 114.103929215968037, 22.352470798836979 ], [ 114.103599144185054, 22.352491149274176 ], [ 114.10340852761415, 22.352537227150894 ], [ 114.103171455731868, 22.352622458214785 ], [ 114.102907000700156, 22.352773409819502 ], [ 114.102707537120864, 22.352952042296366 ], [ 114.102556428170459, 22.353152559671269 ], [ 114.102401087194224, 22.353478698948589 ], [ 114.102354761648215, 22.353693062925913 ], [ 114.102319987913404, 22.353927534204608 ], [ 114.102283885601949, 22.35510789171212 ], [ 114.102305772890688, 22.355227240491349 ], [ 114.102252513260723, 22.355316771924905 ], [ 114.102242212594845, 22.355444432048305 ], [ 114.102192912306847, 22.355773861802476 ], [ 114.102075971684044, 22.356305237548142 ], [ 114.101985735429153, 22.356642270081124 ], [ 114.10187776900797, 22.356964691948384 ], [ 114.102161210231344, 22.357092713506564 ], [ 114.102239192461838, 22.357087114387106 ], [ 114.102453798363683, 22.357017867534577 ], [ 114.102687690170185, 22.357012719020741 ], [ 114.102833918351948, 22.356998589890491 ], [ 114.102984846952097, 22.357036867036307 ], [ 114.103081810889122, 22.357194367844276 ], [ 114.103120473501875, 22.357299284280412 ], [ 114.103183659992041, 22.357348962977582 ], [ 114.103304509895025, 22.357298464897671 ], [ 114.103356995316943, 22.356889666828042 ], [ 114.103453349281892, 22.355987992265707 ], [ 114.103538975066101, 22.355882653575126 ], [ 114.103821587231835, 22.355774568178955 ], [ 114.103865453647131, 22.355562785462237 ], [ 114.103904819655043, 22.355230542206787 ], [ 114.103890883549155, 22.355108623515616 ], [ 114.103878745052739, 22.355002418787311 ], [ 114.10386758019115, 22.354816312192806 ], [ 114.10388820611179, 22.354451902677244 ], [ 114.104851437182518, 22.354048171397721 ], [ 114.104914071338527, 22.354113083730915 ], [ 114.105098405833601, 22.354052769164522 ], [ 114.105257877282796, 22.354334141372366 ], [ 114.105546372141831, 22.354218460842361 ], [ 114.105609018378672, 22.354279489774925 ], [ 114.106083059660946, 22.354066748149936 ], [ 114.106090250944021, 22.354360370613964 ], [ 114.106106439430363, 22.354428170026711 ], [ 114.106132592253942, 22.354489011233479 ], [ 114.106206291370313, 22.354579935880082 ], [ 114.106259842242721, 22.354619783952099 ], [ 114.106324250106198, 22.354653739784425 ], [ 114.106386472587104, 22.35467041919803 ], [ 114.106529620634802, 22.354694511699009 ], [ 114.106944454406943, 22.354726876137299 ], [ 114.106971373693966, 22.354322237819996 ] ] ] ] } },
{ "type": "Feature", "properties": { "2024": 38, "2023": 26, "2022": 30, "2021": 137, "2020": 36, "2019": 47, "2018": 79, "2017": 79, "2016": 39, "2015": 92, "2014": 58, "2013": 78, "2012": 52, "2011": 51, "2010": 33, "2009": 37, "2008": 27, "2007": 43, "2006": 29, "2005": 21, "2004": 21, "2003": 24, "2002": 34, "2001": 22, "2000": 42, "1999": 593, "1998": 4943, "CACODE": "S21", "ENAME": "On Ho", "CNAME": "安灝", "18_districts": "葵青區 ", "hk_islands": "85", "kowloon": "378", "new_towns": 528, "others": "123", "index_right": 147584, "location": "WONG TAI SIN, TSING YI & TSUEN WAN (2)", "estate_name": "CHEUNG ON ESTATE", "transaction_price": 230400, "saleable_floor_area": 45, "floor_level": "H", "transaction_price_per_sq": 5120, "discount_rate": 70, "assignment_date": 17, "month": 6, "year": 1998, "credit_level": "F" }, "geometry": { "type": "MultiPolygon", "coordinates": [ [ [ [ 114.110092732215406, 22.364239887934875 ], [ 114.110081589934083, 22.360006337993582 ], [ 114.10904178768196, 22.359830252852372 ], [ 114.106710250593423, 22.359417349644293 ], [ 114.105926650938684, 22.359298419270555 ], [ 114.105665589060905, 22.359267998227406 ], [ 114.105214010051867, 22.359243470826886 ], [ 114.105003020166365, 22.359243377364496 ], [ 114.104760230575039, 22.359250367483789 ], [ 114.104332571195471, 22.359287680410691 ], [ 114.104065307362063, 22.359329046841179 ], [ 114.103467391173197, 22.359448350464024 ], [ 114.103345098384025, 22.359488336439508 ], [ 114.103338576396212, 22.359465477171486 ], [ 114.103322622879816, 22.359469407246653 ], [ 114.103329474346225, 22.359493440635639 ], [ 114.103238147969989, 22.359523308313889 ], [ 114.103185151591944, 22.359442524058977 ], [ 114.103138760004185, 22.359393340667292 ], [ 114.103071205062619, 22.359341041115098 ], [ 114.102970678304544, 22.359290713216723 ], [ 114.102912241285736, 22.359272706734544 ], [ 114.102799288438149, 22.359257294171925 ], [ 114.102711528941853, 22.359261751232765 ], [ 114.102653125076245, 22.359272895269932 ], [ 114.103305151968982, 22.360218600331454 ], [ 114.103583923826406, 22.3607690841175 ], [ 114.1036697574595, 22.360921820376628 ], [ 114.103715958478134, 22.360984016534566 ], [ 114.103828921748644, 22.361094068549956 ], [ 114.10386999214775, 22.361127572315596 ], [ 114.103980958513176, 22.361194746307682 ], [ 114.104142195367672, 22.361247259139112 ], [ 114.104269569409453, 22.36127797496815 ], [ 114.104440125785672, 22.361295227411016 ], [ 114.104876276962372, 22.361295421840719 ], [ 114.104882156676936, 22.36160534363826 ], [ 114.10489416133764, 22.361728950003265 ], [ 114.104912128900907, 22.361981768007769 ], [ 114.10491434480997, 22.362090785692121 ], [ 114.104921834193007, 22.362177924715152 ], [ 114.104924041325958, 22.362285145315116 ], [ 114.104930037018448, 22.36236942099065 ], [ 114.104928811701754, 22.36475614928003 ], [ 114.110094052842385, 22.364740216514672 ], [ 114.110092732215406, 22.364239887934875 ] ] ] ] } },
{ "type": "Feature", "properties": { "2024": 41, "2023": 17, "2022": 24, "2021": 147, "2020": 35, "2019": 45, "2018": 66, "2017": 96, "2016": 27, "2015": 71, "2014": 58, "2013": 58, "2012": 39, "2011": 24, "2010": 18, "2009": 10, "2008": 23, "2007": 258, "2006": 854, "2005": 0, "2004": 0, "2003": 0, "2002": 0, "2001": 0, "2000": 0, "1999": 0, "1998": 0, "CACODE": "S30", "ENAME": "Ching Fat", "CNAME": "青發", "18_districts": "葵青區 ", "hk_islands": "6", "kowloon": "224", "new_towns": 361, "others": "1", "index_right": 36907, "location": "WONG TAI SIN, TSING YI & TSUEN WAN (2)", "estate_name": "CHEUNG FAT ESTATE", "transaction_price": 357400, "saleable_floor_area": 33, "floor_level": "L", "transaction_price_per_sq": 10830, "discount_rate": 48, "assignment_date": 26, "month": 10, "year": 2010, "credit_level": "0" }, "geometry": { "type": "MultiPolygon", "coordinates": [ [ [ [ 114.098690721831389, 22.364775174690639 ], [ 114.104928811701754, 22.36475614928003 ], [ 114.104930037018448, 22.36236942099065 ], [ 114.104924041325958, 22.362285145315116 ], [ 114.104921834193007, 22.362177924715152 ], [ 114.10491434480997, 22.362090785692121 ], [ 114.104912128900907, 22.361981768007769 ], [ 114.10489416133764, 22.361728950003265 ], [ 114.104882156676936, 22.36160534363826 ], [ 114.104876276962372, 22.361295421840719 ], [ 114.104440125785672, 22.361295227411016 ], [ 114.104269569409453, 22.36127797496815 ], [ 114.104142195367672, 22.361247259139112 ], [ 114.103980958513176, 22.361194746307682 ], [ 114.103638387320217, 22.361722445052635 ], [ 114.103606793190281, 22.361780822249887 ], [ 114.103536199996327, 22.361780447145513 ], [ 114.103409372463787, 22.361780850235736 ], [ 114.102958364305053, 22.361782306692138 ], [ 114.102842430613165, 22.361781838346086 ], [ 114.102802574028004, 22.361729686808861 ], [ 114.102529236825703, 22.361387087321663 ], [ 114.102454451952383, 22.361510274729028 ], [ 114.102352574680097, 22.361641875134104 ], [ 114.102177903999589, 22.361838669524868 ], [ 114.102050867013972, 22.361940321885331 ], [ 114.101799806502754, 22.362099450291204 ], [ 114.101455379745801, 22.362249097945103 ], [ 114.101205855968871, 22.362311003333794 ], [ 114.101058212726812, 22.362328011051321 ], [ 114.100804200295329, 22.362323548274507 ], [ 114.100697213365763, 22.362313383791683 ], [ 114.100456235188489, 22.362264460215155 ], [ 114.100299068294674, 22.362208839137949 ], [ 114.100128408658577, 22.362130860927309 ], [ 114.099907012350641, 22.361996336281063 ], [ 114.099445728905835, 22.361650960134746 ], [ 114.099331855288398, 22.361577297721965 ], [ 114.098698529626219, 22.361273991559383 ], [ 114.09884921481671, 22.360691919349517 ], [ 114.098594893931065, 22.360654157354862 ], [ 114.098412475997463, 22.360600256101691 ], [ 114.097884030829761, 22.360486973019263 ], [ 114.097711883743528, 22.360470209575102 ], [ 114.0974680225751, 22.36042781825391 ], [ 114.097223595616043, 22.360407487902449 ], [ 114.097055448343653, 22.360374362384434 ], [ 114.09676304074577, 22.360353890292455 ], [ 114.096466621964581, 22.360353020988999 ], [ 114.096170249527916, 22.360339120093464 ], [ 114.095461135696894, 22.360327233262343 ], [ 114.09442335083348, 22.360330763087195 ], [ 114.092812940414248, 22.360319432887341 ], [ 114.091731685034389, 22.360330020901294 ], [ 114.089855608135608, 22.360326865653484 ], [ 114.089423104410173, 22.360336620515866 ], [ 114.08921097863653, 22.360333941183821 ], [ 114.088966165277299, 22.360312731228809 ], [ 114.088965646558918, 22.36107775320016 ], [ 114.088846850388379, 22.361075738088559 ], [ 114.08786005395757, 22.361043727385425 ], [ 114.087850386125197, 22.362232375854578 ], [ 114.087849543910906, 22.362335477052092 ], [ 114.087829438500975, 22.364807726909387 ], [ 114.098690721831389, 22.364775174690639 ] ] ] ] } },
{ "type": "Feature", "properties": { "2024": 7, "2023": 7, "2022": 12, "2021": 33, "2020": 13, "2019": 12, "2018": 18, "2017": 15, "2016": 11, "2015": 20, "2014": 15, "2013": 10, "2012": 11, "2011": 6, "2010": 3, "2009": 2, "2008": 7, "2007": 7, "2006": 3, "2005": 3, "2004": 5, "2003": 121, "2002": 1012, "2001": 0, "2000": 0, "1999": 0, "1998": 0, "CACODE": "S01", "ENAME": "Kwai Hing", "CNAME": "葵興", "18_districts": "葵青區 ", "hk_islands": "240", "kowloon": "265", "new_towns": 245, "others": "17", "index_right": 72487, "location": "KWAI CHUNG", "estate_name": "KWAI HING ESTATE", "transaction_price": 228300, "saleable_floor_area": 46, "floor_level": "M", "transaction_price_per_sq": 4963, "discount_rate": 55, "assignment_date": 20, "month": 8, "year": 2002, "credit_level": "F" }, "geometry": { "type": "MultiPolygon", "coordinates": [ [ [ [ 114.13132703308284, 22.366432333386612 ], [ 114.131306678861591, 22.367399335891875 ], [ 114.131481316965733, 22.36743826138559 ], [ 114.131577554301771, 22.367501980711175 ], [ 114.131629357118143, 22.367550624637644 ], [ 114.131663166749902, 22.367605097255243 ], [ 114.13190145841601, 22.368191823475595 ], [ 114.132224189450213, 22.368093768851086 ], [ 114.132301959727968, 22.368312266074657 ], [ 114.132310805249162, 22.368372393829858 ], [ 114.132307485278403, 22.368400947477596 ], [ 114.132389851087979, 22.368396816066536 ], [ 114.132487901996257, 22.368409169643261 ], [ 114.132533920057298, 22.368422782234312 ], [ 114.13256217974255, 22.368436272559162 ], [ 114.132617021296767, 22.368488023501055 ], [ 114.132751697287958, 22.368681395017386 ], [ 114.132773973010885, 22.368735457880639 ], [ 114.132778480503219, 22.368758884322002 ], [ 114.13277711577949, 22.368776078094037 ], [ 114.132850056827834, 22.36882470931457 ], [ 114.133159483619778, 22.369266052243898 ], [ 114.13353277714188, 22.369029561493949 ], [ 114.133808932966289, 22.368805208217641 ], [ 114.13402942685326, 22.368571764062231 ], [ 114.134083042782279, 22.36850561148043 ], [ 114.133894903201124, 22.368129493949851 ], [ 114.133475610442062, 22.366889985852598 ], [ 114.133411384769857, 22.366698728895475 ], [ 114.133402945524651, 22.366673594638865 ], [ 114.13304144792609, 22.365597056818089 ], [ 114.132839875573978, 22.36507281535852 ], [ 114.132815973251923, 22.365006091218955 ], [ 114.132400371995971, 22.363845923651425 ], [ 114.131913647029748, 22.363992959884126 ], [ 114.131457892152525, 22.36413063866009 ], [ 114.131501053557685, 22.364269350854439 ], [ 114.131767803253709, 22.365045700657017 ], [ 114.131849189826852, 22.365269950735094 ], [ 114.131852956378779, 22.365332262516841 ], [ 114.131837776337562, 22.365437374701212 ], [ 114.131765749122792, 22.365693369599903 ], [ 114.131711044822993, 22.365822671705207 ], [ 114.131703457926449, 22.365865293742374 ], [ 114.131701505419414, 22.365901415360675 ], [ 114.131711865514973, 22.366017714453385 ], [ 114.131793837910323, 22.366266473582698 ], [ 114.131815607446995, 22.366330057539127 ], [ 114.13132703308284, 22.366432333386612 ] ] ] ] } },
{ "type": "Feature", "properties": { "2024": 7, "2023": 6, "2022": 8, "2021": 31, "2020": 6, "2019": 6, "2018": 13, "2017": 11, "2016": 15, "2015": 14, "2014": 19, "2013": 15, "2012": 5, "2011": 5, "2010": 6, "2009": 5, "2008": 6, "2007": 5, "2006": 1, "2005": 1, "2004": 4, "2003": 8, "2002": 7, "2001": 225, "2000": 593, "1999": 0, "1998": 0, "CACODE": "C14", "ENAME": "Fei Tsui", "CNAME": "翡翠", "18_districts": "東區 ", "hk_islands": "356", "kowloon": "284", "new_towns": 197, "others": "120", "index_right": 111264, "location": "HONG KONG ISLAND & ISLANDS (1)", "estate_name": "FUNG WAH ESTATE", "transaction_price": 197700, "saleable_floor_area": 35, "floor_level": "M", "transaction_price_per_sq": 5649, "discount_rate": 55, "assignment_date": 29, "month": 6, "year": 2000, "credit_level": "F" }, "geometry": { "type": "MultiPolygon", "coordinates": [ [ [ [ 114.224790767137947, 22.268022606651449 ], [ 114.228996436061038, 22.265981638721485 ], [ 114.230931270185678, 22.264406854849771 ], [ 114.231996976131612, 22.264061028811515 ], [ 114.232594038118506, 22.264212160637367 ], [ 114.233101700318983, 22.264350019105102 ], [ 114.23367605473257, 22.263931618637859 ], [ 114.234221366682547, 22.264534737710935 ], [ 114.234481013354497, 22.264337913011857 ], [ 114.234010540359009, 22.263799364733366 ], [ 114.234173996681164, 22.263667748562231 ], [ 114.234673984603262, 22.263287543348 ], [ 114.234314945639937, 22.262542912752902 ], [ 114.234284593042148, 22.262436533349337 ], [ 114.234278288324745, 22.262345380151196 ], [ 114.234294582081205, 22.262165194764787 ], [ 114.234557721342242, 22.261624092988257 ], [ 114.234067850438279, 22.261436473830109 ], [ 114.23369075594691, 22.261319984356774 ], [ 114.23340969500579, 22.261259342289122 ], [ 114.233109810850351, 22.26121877237378 ], [ 114.232672055385606, 22.261185464845489 ], [ 114.232572595236121, 22.261171600821083 ], [ 114.232256776780147, 22.261071251851998 ], [ 114.232160634469835, 22.261056510469412 ], [ 114.232049817966313, 22.261078781647686 ], [ 114.230503385339134, 22.259496939084084 ], [ 114.229709354866458, 22.258764379557245 ], [ 114.228912508394501, 22.258028954254996 ], [ 114.2282542911164, 22.257196248025174 ], [ 114.222882775496274, 22.256691771913825 ], [ 114.221915204914723, 22.256761498085243 ], [ 114.221844341207913, 22.256752414824803 ], [ 114.221745846692741, 22.256711226139196 ], [ 114.221675756405986, 22.256693518308989 ], [ 114.221620804804047, 22.256688738184373 ], [ 114.22136176428684, 22.256697993567194 ], [ 114.221307351895362, 22.256710976501278 ], [ 114.221281666679758, 22.25672594733717 ], [ 114.221225914174454, 22.256796437866857 ], [ 114.221153996248177, 22.256859256724656 ], [ 114.220857108601024, 22.25699054392733 ], [ 114.2207956119546, 22.256997496127056 ], [ 114.22068352761265, 22.256994067672675 ], [ 114.220622722835643, 22.257010863041717 ], [ 114.220525098894271, 22.257054588696409 ], [ 114.220366344804475, 22.257161427916802 ], [ 114.220225358829808, 22.257283135736284 ], [ 114.220150920919764, 22.257324660520322 ], [ 114.220011874800448, 22.257382674379894 ], [ 114.219831904222417, 22.257432128858454 ], [ 114.219682540227765, 22.257442707101458 ], [ 114.219377160835265, 22.257573488116527 ], [ 114.219244881945372, 22.257650445873974 ], [ 114.219178519900993, 22.257674773723927 ], [ 114.219115529397627, 22.257683685330594 ], [ 114.218897199931476, 22.257676156248067 ], [ 114.218809177881255, 22.257681299398396 ], [ 114.218731103586677, 22.257698243010328 ], [ 114.218606703426659, 22.257747257349894 ], [ 114.218558310304402, 22.25777666458762 ], [ 114.218520495371294, 22.257817348392777 ], [ 114.218443987425886, 22.257980741695246 ], [ 114.218369383070865, 22.258085922832162 ], [ 114.218288412323332, 22.258151578355918 ], [ 114.218205878838162, 22.258181906291956 ], [ 114.218164664255113, 22.258176507416351 ], [ 114.218133320911775, 22.258153604600611 ], [ 114.218054981998364, 22.258030076024294 ], [ 114.217817671341706, 22.257775128253538 ], [ 114.21780104320375, 22.257743850236647 ], [ 114.217792630865262, 22.257673882793611 ], [ 114.217762078030049, 22.257633080934415 ], [ 114.21771511568204, 22.257612069378442 ], [ 114.217664512222271, 22.257614204309288 ], [ 114.217526904694935, 22.257719798235318 ], [ 114.217481257173588, 22.257716414133629 ], [ 114.217408755033972, 22.257678368019064 ], [ 114.21736859703752, 22.257635536585489 ], [ 114.21727197421022, 22.257454288194296 ], [ 114.217254418883357, 22.257436989815112 ], [ 114.217191951778673, 22.257410401015051 ], [ 114.217137302342366, 22.257411010604859 ], [ 114.217086850761618, 22.257435144010024 ], [ 114.217053827836168, 22.257474796793208 ], [ 114.21696778771306, 22.257727694654267 ], [ 114.216942807852774, 22.257768916761581 ], [ 114.216903212729576, 22.257794456211453 ], [ 114.216776265219522, 22.257826636625651 ], [ 114.216693648076941, 22.257836102988001 ], [ 114.216636511055754, 22.257857664154006 ], [ 114.21658684160208, 22.257903877177977 ], [ 114.216505008920109, 22.258011930980292 ], [ 114.216448130739138, 22.258091757841587 ], [ 114.216397348092826, 22.25818192330475 ], [ 114.216275268473993, 22.258241880453888 ], [ 114.216219933166371, 22.258254211699803 ], [ 114.216173585323645, 22.258279626178371 ], [ 114.216129814006862, 22.258325024872811 ], [ 114.216090114892111, 22.258396223168983 ], [ 114.216052832532071, 22.258436391521503 ], [ 114.21532064895392, 22.258998589775629 ], [ 114.215249668878187, 22.259027829791645 ], [ 114.215215894203723, 22.259053475818657 ], [ 114.215187496818317, 22.259088304750389 ], [ 114.215167502471559, 22.259127863760277 ], [ 114.215148118947127, 22.259201666885811 ], [ 114.215060599846851, 22.259419488955412 ], [ 114.215001067415287, 22.259483593544211 ], [ 114.214955885427514, 22.259517351727869 ], [ 114.214787830187362, 22.259589031299345 ], [ 114.214736953815162, 22.259625319336685 ], [ 114.214706852586247, 22.25967469697207 ], [ 114.214692559922838, 22.259776042362589 ], [ 114.214671061032703, 22.259813669097852 ], [ 114.214630101854098, 22.259857432176528 ], [ 114.214561944447453, 22.259886689294241 ], [ 114.214475657147787, 22.259890565402333 ], [ 114.214290971467335, 22.259850042369926 ], [ 114.214101911340791, 22.259776594347048 ], [ 114.214066187151786, 22.259769143214015 ], [ 114.214015757070669, 22.259769678542494 ], [ 114.213771793396887, 22.259840101095023 ], [ 114.213717439681645, 22.25986217534539 ], [ 114.213448505383056, 22.260053243654848 ], [ 114.213473455123577, 22.260077178306631 ], [ 114.213504184862273, 22.26009218032809 ], [ 114.213532448009829, 22.260098278671173 ], [ 114.213579520742485, 22.260095369188733 ], [ 114.213624174767972, 22.260081217069953 ], [ 114.21387449717777, 22.25995044139605 ], [ 114.213924446940197, 22.259930959898117 ], [ 114.21394532538244, 22.259931090589728 ], [ 114.213964906817537, 22.259942753726847 ], [ 114.213980206924873, 22.259980534506784 ], [ 114.213975146638134, 22.259996023244142 ], [ 114.213961828724806, 22.260006447669081 ], [ 114.213866755926659, 22.260027366315207 ], [ 114.213810413545971, 22.260050488606005 ], [ 114.213717032373879, 22.260121987500419 ], [ 114.213669451573708, 22.260185420614071 ], [ 114.213498623251908, 22.260492501656998 ], [ 114.213481708886761, 22.260551845930991 ], [ 114.213483890513928, 22.260621363447672 ], [ 114.213498138219265, 22.26067895777183 ], [ 114.213553581903739, 22.260817150443057 ], [ 114.213560416305981, 22.260907789613938 ], [ 114.213553614940736, 22.26094377832397 ], [ 114.213517548229774, 22.261037687254699 ], [ 114.213421128871801, 22.261181233245686 ], [ 114.213415517922371, 22.261206159124871 ], [ 114.213423355061238, 22.261235642457404 ], [ 114.213447150648733, 22.261260245638155 ], [ 114.213530459428881, 22.261290172500662 ], [ 114.213655096594181, 22.261312486143808 ], [ 114.213926230699855, 22.26132462487762 ], [ 114.213996924496413, 22.261344801270379 ], [ 114.214064983553413, 22.261380754794956 ], [ 114.214088633033271, 22.261402657748068 ], [ 114.214103843325006, 22.261430279040326 ], [ 114.214114626331579, 22.261555721428184 ], [ 114.214150766397694, 22.261629701305267 ], [ 114.214199220783058, 22.261676414787409 ], [ 114.214439556931879, 22.261852854488996 ], [ 114.214490928323244, 22.261922866302221 ], [ 114.21450622596781, 22.261986357303723 ], [ 114.214471094791364, 22.262275761871599 ], [ 114.214454122819006, 22.262336632427925 ], [ 114.214425425350271, 22.262377186719071 ], [ 114.214393172226011, 22.262400150108519 ], [ 114.214348721738176, 22.26241600015171 ], [ 114.21427280564825, 22.26242473225015 ], [ 114.214243925776515, 22.26243633426666 ], [ 114.214214614885307, 22.262468932653213 ], [ 114.214200905235558, 22.262502945259229 ], [ 114.214187832350191, 22.262742847646965 ], [ 114.214281605965397, 22.263010259898689 ], [ 114.214286533150769, 22.26304119778916 ], [ 114.214280125816686, 22.263062764472149 ], [ 114.214249707640491, 22.263091127740427 ], [ 114.214209504599694, 22.263100086375754 ], [ 114.213975342736248, 22.263018439745057 ], [ 114.21389091442019, 22.263015180900094 ], [ 114.21385296376323, 22.26302985533852 ], [ 114.213833080218819, 22.263051578595817 ], [ 114.213650453881044, 22.263369544320511 ], [ 114.2136199043658, 22.263490056306402 ], [ 114.213615465906443, 22.263583831635028 ], [ 114.213632065723118, 22.263619020338229 ], [ 114.213653920263766, 22.263639560125974 ], [ 114.213702572753817, 22.263662730781586 ], [ 114.213757294932265, 22.263671207167175 ], [ 114.214076841573558, 22.263662184834875 ], [ 114.21415405516025, 22.263641134717027 ], [ 114.214260753883238, 22.263585210411996 ], [ 114.214305818159332, 22.263577532995999 ], [ 114.214334595367859, 22.263580307796488 ], [ 114.214369972630578, 22.263592888358222 ], [ 114.214399841521058, 22.263614545994596 ], [ 114.214473379452826, 22.263708005280428 ], [ 114.214490900151574, 22.263739274377471 ], [ 114.21449838339926, 22.263786394599578 ], [ 114.214478742477652, 22.263880941077883 ], [ 114.214491573262393, 22.26397050413701 ], [ 114.214517077937174, 22.264034552655154 ], [ 114.21461974584723, 22.264214509747543 ], [ 114.214638137569708, 22.264273457579517 ], [ 114.214640130829025, 22.264325636235981 ], [ 114.214610654641604, 22.264466440023288 ], [ 114.21461616190534, 22.264525408913325 ], [ 114.214624463306592, 22.264547893310599 ], [ 114.214653220464655, 22.264583602853818 ], [ 114.214746925107292, 22.264659185643104 ], [ 114.214773893515684, 22.264717526400389 ], [ 114.214758641294509, 22.264860133015326 ], [ 114.214722850219857, 22.265041594290025 ], [ 114.214726566927993, 22.265116475601019 ], [ 114.21475496482347, 22.265186619088436 ], [ 114.214858831044452, 22.265344694450821 ], [ 114.214866564011274, 22.265381646072662 ], [ 114.21485885152623, 22.265420488717158 ], [ 114.214831937845048, 22.265457656152851 ], [ 114.214685581551137, 22.265537394869487 ], [ 114.214653697436361, 22.26556409690679 ], [ 114.214579192735528, 22.265704604103835 ], [ 114.214527406721388, 22.265758185962099 ], [ 114.214489310488602, 22.265775217579098 ], [ 114.214319183435521, 22.265819769019252 ], [ 114.214289636061537, 22.265841313942371 ], [ 114.214228579100322, 22.265912155419379 ], [ 114.214194936747774, 22.265931497788621 ], [ 114.214154917424878, 22.26594116978751 ], [ 114.214090162340156, 22.265933273802656 ], [ 114.213858892110494, 22.265833772773956 ], [ 114.213800076770553, 22.26583307274932 ], [ 114.213771118990678, 22.265846381488814 ], [ 114.213710395182645, 22.265893706876263 ], [ 114.213664896588867, 22.265913069888658 ], [ 114.213474901354246, 22.265930009213129 ], [ 114.213316445840732, 22.265975360697453 ], [ 114.213256825791902, 22.266014603232946 ], [ 114.21320025099007, 22.266086599240875 ], [ 114.213163342478964, 22.266120255711567 ], [ 114.21311608976437, 22.266147927162379 ], [ 114.213068842535776, 22.266159298270722 ], [ 114.213022794878938, 22.266157041843677 ], [ 114.21262524903473, 22.26602630287514 ], [ 114.212419937790528, 22.265983027949204 ], [ 114.212273981983557, 22.265926979510464 ], [ 114.212246681044746, 22.265932006508219 ], [ 114.21223097642509, 22.265945384328198 ], [ 114.212223103593558, 22.265966924150273 ], [ 114.212229212641688, 22.265992028033207 ], [ 114.21224035394016, 22.266004271169674 ], [ 114.212462956001858, 22.266091277980227 ], [ 114.212603009560112, 22.266171719339788 ], [ 114.21265649037808, 22.26621682469175 ], [ 114.212723832478986, 22.266286887686118 ], [ 114.212997934362704, 22.266635157193463 ], [ 114.213063818484898, 22.266693570826817 ], [ 114.213108029881013, 22.266723000883033 ], [ 114.213266382278931, 22.266800493582984 ], [ 114.213400185178784, 22.266830075019659 ], [ 114.213527754828789, 22.266842770436007 ], [ 114.214121984069024, 22.266842011980124 ], [ 114.214236960430298, 22.266892232086985 ], [ 114.214459111731472, 22.267061577732044 ], [ 114.214530929043391, 22.267099616242788 ], [ 114.214621855337512, 22.267120139844103 ], [ 114.214886441112625, 22.267129298363002 ], [ 114.214932336444051, 22.267141027449878 ], [ 114.21497381021463, 22.267162745462262 ], [ 114.215026033202079, 22.267216474594512 ], [ 114.215521837691668, 22.268007171314565 ], [ 114.215626569067268, 22.268195688242852 ], [ 114.215720174053175, 22.268321354441419 ], [ 114.215808703283258, 22.268406429032069 ], [ 114.216063850580028, 22.268587811410708 ], [ 114.216194377323703, 22.268690295760255 ], [ 114.216250777033835, 22.268722340886349 ], [ 114.216316507712207, 22.268744287458656 ], [ 114.216368253179624, 22.268752104443315 ], [ 114.216474512519468, 22.268744601164165 ], [ 114.216528628432911, 22.268728784310099 ], [ 114.216886893197028, 22.268528197872385 ], [ 114.216989938985449, 22.268480246769688 ], [ 114.217558528377083, 22.268301009345777 ], [ 114.217889831199301, 22.268179454663301 ], [ 114.218032164902795, 22.26810992776992 ], [ 114.218194195519743, 22.2680112718906 ], [ 114.21827908067462, 22.26797389045235 ], [ 114.218811574115747, 22.267829470998869 ], [ 114.218877610883808, 22.267804330648776 ], [ 114.219151201846444, 22.267683790720877 ], [ 114.219412437474176, 22.267518876954856 ], [ 114.219482161058394, 22.267494277230799 ], [ 114.21956118350279, 22.267482859780277 ], [ 114.224571979627967, 22.268000031268794 ], [ 114.224583612381181, 22.267998718405018 ], [ 114.224589289346227, 22.268001814248624 ], [ 114.224790767137947, 22.268022606651449 ] ] ] ] } },
{ "type": "Feature", "properties": { "2024": 18, "2023": 26, "2022": 14, "2021": 73, "2020": 9, "2019": 33, "2018": 18, "2017": 21, "2016": 9, "2015": 31, "2014": 16, "2013": 44, "2012": 14, "2011": 11, "2010": 6, "2009": 3, "2008": 9, "2007": 11, "2006": 3, "2005": 1, "2004": 4, "2003": 13, "2002": 19, "2001": 17, "2000": 723, "1999": 885, "1998": 0, "CACODE": "C09", "ENAME": "Tsui Wan", "CNAME": "翠灣", "18_districts": "東區 ", "hk_islands": "386", "kowloon": "95", "new_towns": 110, "others": "3", "index_right": 128660, "location": "HONG KONG ISLAND & ISLANDS (2)", "estate_name": "TSUI WAN ESTATE", "transaction_price": 215100, "saleable_floor_area": 38, "floor_level": "L", "transaction_price_per_sq": 5661, "discount_rate": 55, "assignment_date": 22, "month": 9, "year": 1999, "credit_level": "F" }, "geometry": { "type": "MultiPolygon", "coordinates": [ [ [ [ 114.253287214437918, 22.277450401297404 ], [ 114.247492945771171, 22.267955726002285 ], [ 114.247556314503328, 22.26610701643963 ], [ 114.247561018278375, 22.265968240409133 ], [ 114.247567767899739, 22.265711017489796 ], [ 114.247564275801153, 22.265673830796455 ], [ 114.247535215031718, 22.265591574232005 ], [ 114.247479399347029, 22.26549763460849 ], [ 114.247405349370425, 22.265415334364423 ], [ 114.247301391311694, 22.265340641839273 ], [ 114.247293544939026, 22.265346099755423 ], [ 114.247081518016117, 22.265493481483865 ], [ 114.246883195190335, 22.265631338720102 ], [ 114.246609894814839, 22.26575348751582 ], [ 114.246468851130516, 22.265788803697163 ], [ 114.246158868578846, 22.265857506010693 ], [ 114.245910253753564, 22.26588903858643 ], [ 114.245655498598765, 22.265903433211101 ], [ 114.245431420527765, 22.265894957910305 ], [ 114.245167424572003, 22.26586078883922 ], [ 114.244990116743637, 22.26582302491207 ], [ 114.24504051773819, 22.265357925292516 ], [ 114.245330474686355, 22.265387205000653 ], [ 114.245332390370635, 22.265354970891778 ], [ 114.24533424369676, 22.265323786032887 ], [ 114.24533546627255, 22.265302852831677 ], [ 114.24532013408492, 22.264978990729734 ], [ 114.245315014880177, 22.264931701646784 ], [ 114.245223106119624, 22.264942899173253 ], [ 114.245013226261833, 22.264959269663343 ], [ 114.244485553322633, 22.264981362519261 ], [ 114.244240743204472, 22.264993213168914 ], [ 114.24412703307307, 22.265621667141151 ], [ 114.242871647344813, 22.265680050775575 ], [ 114.242902548147256, 22.265822830845703 ], [ 114.242951941728847, 22.266296387039684 ], [ 114.242951995154002, 22.266410091922076 ], [ 114.242918987069572, 22.266594240288935 ], [ 114.242840597453892, 22.266811992076018 ], [ 114.242679401349918, 22.267057528592503 ], [ 114.242375616286552, 22.267402053293718 ], [ 114.242265559048406, 22.267541214800303 ], [ 114.241919494836111, 22.267290410191549 ], [ 114.241738271296114, 22.267158274016598 ], [ 114.241499551544209, 22.266982966944948 ], [ 114.241485564890311, 22.266970835320908 ], [ 114.241325917935967, 22.266855008472028 ], [ 114.241245507369939, 22.266796666264927 ], [ 114.241223698984072, 22.266780835153483 ], [ 114.241170619323682, 22.266742322407637 ], [ 114.241081852419299, 22.26667792386263 ], [ 114.241034411750974, 22.266643499725067 ], [ 114.240694970961613, 22.266397214208869 ], [ 114.240275684985491, 22.266094038993455 ], [ 114.240233776833463, 22.266063658189058 ], [ 114.240200708435012, 22.266035405158824 ], [ 114.240171164171201, 22.266012027298512 ], [ 114.240007123454347, 22.265894412780288 ], [ 114.239785692712999, 22.265730258313521 ], [ 114.239764417182357, 22.265755362734719 ], [ 114.239736479702586, 22.265788326398788 ], [ 114.239733694241195, 22.265786286550476 ], [ 114.239711322797049, 22.265812420883083 ], [ 114.239670521908323, 22.265784279104565 ], [ 114.239658707069594, 22.265789918800426 ], [ 114.239633491112542, 22.265790425237174 ], [ 114.239606749724885, 22.265786055708357 ], [ 114.239584867504647, 22.265777945608836 ], [ 114.239560207248303, 22.265762675273482 ], [ 114.239528430735348, 22.265737293352863 ], [ 114.239273243725307, 22.265544623383292 ], [ 114.239150566309576, 22.26545199795747 ], [ 114.239218715795062, 22.265366596026251 ], [ 114.239170919105504, 22.265336831289872 ], [ 114.239109021209401, 22.265298285122768 ], [ 114.237957037639831, 22.264451710800749 ], [ 114.237858140993154, 22.264379024143498 ], [ 114.237535645476868, 22.264142027142242 ], [ 114.237502167418697, 22.264376511502398 ], [ 114.237506050663185, 22.264584567242057 ], [ 114.237557314574545, 22.264803830370955 ], [ 114.237635779709009, 22.265081349060125 ], [ 114.237749624353043, 22.265370079536368 ], [ 114.237770027646889, 22.265480941184112 ], [ 114.237793319328148, 22.265607469922681 ], [ 114.237816783893138, 22.265819401452429 ], [ 114.237758245444311, 22.266324020027152 ], [ 114.237691433443189, 22.266678434858942 ], [ 114.237656156537341, 22.266927079910499 ], [ 114.237624770845855, 22.267401905120963 ], [ 114.237617310202225, 22.267672547419281 ], [ 114.237640121812859, 22.26783267936716 ], [ 114.237749297488861, 22.268111360378953 ], [ 114.23796869542349, 22.268618114010227 ], [ 114.238198622406998, 22.269058722876181 ], [ 114.238401957976848, 22.26910422359666 ], [ 114.23842072284441, 22.269171287095002 ], [ 114.23843156052628, 22.269259918781255 ], [ 114.238454234194066, 22.269323910372083 ], [ 114.23876648036898, 22.269919227254022 ], [ 114.238936738464673, 22.270199943071805 ], [ 114.239018015873341, 22.270285486367492 ], [ 114.239082448449622, 22.270324338612145 ], [ 114.239140395900478, 22.270354523899627 ], [ 114.239253826884422, 22.270394070691353 ], [ 114.239372666095932, 22.270420394456572 ], [ 114.239571429238225, 22.270433249679847 ], [ 114.240319134335181, 22.270120896145336 ], [ 114.240513162847719, 22.270499411919491 ], [ 114.240824620400417, 22.271234528449067 ], [ 114.241214644845087, 22.272120135940593 ], [ 114.241342457298302, 22.272456043195092 ], [ 114.241408767212633, 22.272691834009017 ], [ 114.241462797110657, 22.272977370452924 ], [ 114.241496057051265, 22.273312673975887 ], [ 114.241508222729649, 22.273836771434823 ], [ 114.241502966923321, 22.273949087610571 ], [ 114.242008372383538, 22.274042921614832 ], [ 114.242333344374615, 22.274073919479797 ], [ 114.24233588649993, 22.274073882331848 ], [ 114.242368945513974, 22.274097836313945 ], [ 114.242549819101328, 22.274228915210799 ], [ 114.242862133314659, 22.274454238456993 ], [ 114.243035009586961, 22.275073588690795 ], [ 114.246630774643279, 22.281008695789325 ], [ 114.251937572421241, 22.278171909144231 ], [ 114.253287214437918, 22.277450401297404 ] ] ] ] } },
{ "type": "Feature", "properties": { "2024": 8, "2023": 10, "2022": 10, "2021": 64, "2020": 21, "2019": 26, "2018": 30, "2017": 27, "2016": 23, "2015": 30, "2014": 34, "2013": 30, "2012": 25, "2011": 16, "2010": 14, "2009": 2, "2008": 13, "2007": 24, "2006": 3, "2005": 2, "2004": 7, "2003": 29, "2002": 290, "2001": 1534, "2000": 0, "1999": 0, "1998": 0, "CACODE": "J18", "ENAME": "Hing Tin", "CNAME": "興田", "18_districts": "觀塘區 ", "hk_islands": "125", "kowloon": "232", "new_towns": 271, "others": "11", "index_right": 91412, "location": "KOWLOON EAST (1)", "estate_name": "HING TIN ESTATE", "transaction_price": 205300, "saleable_floor_area": 35, "floor_level": "H", "transaction_price_per_sq": 5866, "discount_rate": 55, "assignment_date": 3, "month": 8, "year": 2001, "credit_level": "F" }, "geometry": { "type": "MultiPolygon", "coordinates": [ [ [ [ 114.240058416536343, 22.314987685356073 ], [ 114.240368902536574, 22.314670292080493 ], [ 114.240518832891752, 22.314493974094255 ], [ 114.240594877543643, 22.314368120914761 ], [ 114.240634258234394, 22.314272344982296 ], [ 114.24065065233745, 22.314211210424329 ], [ 114.240665382320373, 22.314097599722793 ], [ 114.240665316079955, 22.313951909132999 ], [ 114.240641176343601, 22.313840869384226 ], [ 114.240608275755662, 22.313736967247475 ], [ 114.240566627270539, 22.313647327853687 ], [ 114.240487736304701, 22.313531216329199 ], [ 114.240412151796079, 22.313450756266466 ], [ 114.240319041926057, 22.313376425774351 ], [ 114.240128476111693, 22.313274617063712 ], [ 114.239885348709819, 22.313158569258096 ], [ 114.23952941607358, 22.31300283010507 ], [ 114.239286275130425, 22.312854171911194 ], [ 114.239130939490479, 22.312747255190729 ], [ 114.238714521991824, 22.312432607957195 ], [ 114.238495462172182, 22.312283939373494 ], [ 114.238320675636842, 22.312193762961545 ], [ 114.238215837897499, 22.312150997636614 ], [ 114.237984327338637, 22.3120700806227 ], [ 114.237858859444756, 22.312035251709709 ], [ 114.238153470140418, 22.311349943842423 ], [ 114.238341292723618, 22.310914850648128 ], [ 114.238431993117558, 22.310701892726158 ], [ 114.238490253555469, 22.310567314637847 ], [ 114.238498242656107, 22.31054884402193 ], [ 114.238522199752126, 22.310492321411523 ], [ 114.23853974825181, 22.310450945553303 ], [ 114.238658360106115, 22.310170780168917 ], [ 114.238689656308381, 22.310096789550794 ], [ 114.238750611259917, 22.309955256769133 ], [ 114.238933271783893, 22.309531146004034 ], [ 114.238954223247902, 22.309482201149162 ], [ 114.239010610852532, 22.309350531426794 ], [ 114.239065746149095, 22.30921835644968 ], [ 114.239096302344223, 22.309139895881053 ], [ 114.239128057793835, 22.309052052049523 ], [ 114.23915201974738, 22.308985749192352 ], [ 114.239204496118575, 22.308833039593988 ], [ 114.239225298700092, 22.308755260043252 ], [ 114.239242737303101, 22.308685934427746 ], [ 114.239128716017021, 22.308698097329643 ], [ 114.239123746766893, 22.308719583042055 ], [ 114.239107906425886, 22.308716401321945 ], [ 114.239108074788504, 22.308702123874365 ], [ 114.239108054573123, 22.30870030873097 ], [ 114.23910803447788, 22.308698764505621 ], [ 114.238869430752686, 22.308719012247241 ], [ 114.238863471800329, 22.30871914095475 ], [ 114.238816153100117, 22.308706182068313 ], [ 114.238777931184018, 22.308677976036581 ], [ 114.238662004385873, 22.308528446393208 ], [ 114.2386407602079, 22.308485559125714 ], [ 114.238644982503601, 22.308442662152117 ], [ 114.238668745076509, 22.308408174251998 ], [ 114.237684639710153, 22.308503430992111 ], [ 114.237707987178467, 22.308809324875888 ], [ 114.237724413988474, 22.308934049394555 ], [ 114.237706389396735, 22.309332531492782 ], [ 114.237764951874269, 22.31009503545615 ], [ 114.237763168327248, 22.31016728093676 ], [ 114.23773045764591, 22.31027057620835 ], [ 114.237689838378017, 22.310332116940423 ], [ 114.237351052253473, 22.311003325712981 ], [ 114.237179112042199, 22.31136554394141 ], [ 114.237157592596731, 22.3114273754347 ], [ 114.237138394943102, 22.311539560686178 ], [ 114.237118591957056, 22.311959906337549 ], [ 114.237108891778135, 22.311994795148344 ], [ 114.237077688360856, 22.312039137954603 ], [ 114.237083807303691, 22.312185341082539 ], [ 114.23710075195153, 22.312589779188574 ], [ 114.237109793067361, 22.312805589072571 ], [ 114.236959501140262, 22.313049949639897 ], [ 114.238204433972854, 22.313594227008423 ], [ 114.238430761155755, 22.313734115457347 ], [ 114.238646777720149, 22.313887553413231 ], [ 114.238774810057819, 22.313989098776201 ], [ 114.239955748726146, 22.315092633782225 ], [ 114.240058416536343, 22.314987685356073 ] ] ] ] } },
{ "type": "Feature", "properties": { "2024": 43, "2023": 48, "2022": 45, "2021": 116, "2020": 43, "2019": 59, "2018": 60, "2017": 76, "2016": 35, "2015": 78, "2014": 54, "2013": 76, "2012": 44, "2011": 54, "2010": 26, "2009": 21, "2008": 30, "2007": 32, "2006": 15, "2005": 19, "2004": 17, "2003": 22, "2002": 30, "2001": 20, "2000": 1295, "1999": 1821, "1998": 0, "CACODE": "J17", "ENAME": "Kwong Tak", "CNAME": "廣德", "18_districts": "觀塘區 ", "hk_islands": "217", "kowloon": "373", "new_towns": 262, "others": "4", "index_right": 128094, "location": "KOWLOON EAST (1)", "estate_name": "TAK TIN ESTATE", "transaction_price": 214700, "saleable_floor_area": 36, "floor_level": "H", "transaction_price_per_sq": 5964, "discount_rate": 55, "assignment_date": 14, "month": 10, "year": 1999, "credit_level": "F" }, "geometry": { "type": "MultiPolygon", "coordinates": [ [ [ [ 114.242067914094633, 22.315424033438905 ], [ 114.242088586169501, 22.315400906798377 ], [ 114.242138111402497, 22.31537382216791 ], [ 114.24217491433663, 22.315371612907814 ], [ 114.242225329319297, 22.315400282785493 ], [ 114.242362095400907, 22.315427996654865 ], [ 114.242452120107671, 22.315437478497561 ], [ 114.242694518922491, 22.315435754720458 ], [ 114.242812174555709, 22.315422025540325 ], [ 114.242851395239569, 22.31542200957751 ], [ 114.242929828014297, 22.315403726794759 ], [ 114.243047473891522, 22.31538999744793 ], [ 114.243165143466513, 22.315385388906876 ], [ 114.243439689292344, 22.315408078621928 ], [ 114.243557341625021, 22.315408030253742 ], [ 114.243635786179127, 22.315394316605811 ], [ 114.243714214489856, 22.31536691254497 ], [ 114.243753430805469, 22.315357766434492 ], [ 114.243831869959351, 22.315353173594698 ], [ 114.243910304749946, 22.315339459818041 ], [ 114.244027966729689, 22.315339411104524 ], [ 114.244106401493184, 22.315325697233074 ], [ 114.244145603688168, 22.315307421102297 ], [ 114.244184829673131, 22.315298292944703 ], [ 114.244224041564536, 22.315280034852105 ], [ 114.244302476275479, 22.31526632088584 ], [ 114.244322072968359, 22.31524806189897 ], [ 114.244351486483666, 22.315238928753974 ], [ 114.244366183999418, 22.31522524128253 ], [ 114.244385794772853, 22.315216103182848 ], [ 114.244400483498836, 22.315184164879643 ], [ 114.244424986849268, 22.3151567919654 ], [ 114.24445926782181, 22.315097473755674 ], [ 114.24447396402708, 22.315060974991809 ], [ 114.244517997997761, 22.314878493443842 ], [ 114.244557183320097, 22.314805491812642 ], [ 114.244625776689929, 22.314732477879947 ], [ 114.244762979545527, 22.314600140302037 ], [ 114.244867131687144, 22.314441979941634 ], [ 114.244915058421526, 22.314362698289045 ], [ 114.2449931491455, 22.314261378322929 ], [ 114.245183179964073, 22.314131483523486 ], [ 114.245228080855625, 22.314077434536568 ], [ 114.245292438382933, 22.314037049646863 ], [ 114.245341378626009, 22.313986891109753 ], [ 114.245414834152314, 22.313795619125706 ], [ 114.245444730250966, 22.313742018921076 ], [ 114.245575703996025, 22.313597212024586 ], [ 114.245468778641737, 22.31351950387792 ], [ 114.245325452609109, 22.313471386241794 ], [ 114.245273718400938, 22.31346399396357 ], [ 114.245171711534496, 22.313500800540535 ], [ 114.2450389289707, 22.313578971101887 ], [ 114.244789319812313, 22.313535729027425 ], [ 114.244716493848273, 22.313504992285385 ], [ 114.244652739765868, 22.313367907408647 ], [ 114.244477542491524, 22.313241976661828 ], [ 114.244425763025561, 22.313160470021074 ], [ 114.244453577626629, 22.313056687833271 ], [ 114.244497287029247, 22.312926963132696 ], [ 114.244438898173286, 22.312865525237907 ], [ 114.24435744591176, 22.312817678944786 ], [ 114.244074552141115, 22.312761924179433 ], [ 114.243881614048675, 22.312594414228769 ], [ 114.243791544419565, 22.312466758786968 ], [ 114.243778637277771, 22.312347045476994 ], [ 114.243834285769495, 22.312219329837578 ], [ 114.243992796582447, 22.312079615101077 ], [ 114.24406558856586, 22.311939917704844 ], [ 114.24400552840531, 22.311812249927687 ], [ 114.243949301214769, 22.311662636184671 ], [ 114.24389782831787, 22.311570879501094 ], [ 114.243790661629745, 22.311511068970862 ], [ 114.243567758202261, 22.311431348409986 ], [ 114.243538119825018, 22.311394606064219 ], [ 114.243540493679106, 22.311345388321971 ], [ 114.243600518018596, 22.311235750207498 ], [ 114.243626891423247, 22.311141794022028 ], [ 114.243595641517871, 22.311083631766948 ], [ 114.243511505035599, 22.311000909965017 ], [ 114.243506676442735, 22.310949464623722 ], [ 114.243528243714721, 22.310830902042149 ], [ 114.24349938675627, 22.310783936725905 ], [ 114.24337200675869, 22.310687795084775 ], [ 114.243143105756587, 22.310646618990933 ], [ 114.242984513000209, 22.310610769057778 ], [ 114.242894545279981, 22.310674652071302 ], [ 114.242855485103959, 22.310724236940423 ], [ 114.242811391911005, 22.310761885394246 ], [ 114.242754356588549, 22.310789208090522 ], [ 114.24269607022228, 22.310797910177612 ], [ 114.242634531375387, 22.310783395890798 ], [ 114.242580779007042, 22.310754050178954 ], [ 114.242538424939724, 22.310712896837497 ], [ 114.242475215928607, 22.310613423280195 ], [ 114.242411782373921, 22.310448586302183 ], [ 114.242372292497677, 22.310409517826088 ], [ 114.242309579823853, 22.310395681184261 ], [ 114.24224993564026, 22.310406090442815 ], [ 114.242193996993052, 22.310433277041831 ], [ 114.242014318185284, 22.31059244143955 ], [ 114.241963077669013, 22.310621477343368 ], [ 114.241897197084739, 22.31062014919608 ], [ 114.241869254100962, 22.310575522146262 ], [ 114.2418533393583, 22.310517046359276 ], [ 114.241838522378075, 22.310460827780414 ], [ 114.241826143122509, 22.310429189517535 ], [ 114.241813757654143, 22.310384113722463 ], [ 114.241812696106649, 22.310334247171362 ], [ 114.241819891131669, 22.310278615788611 ], [ 114.241851802896619, 22.310196126522463 ], [ 114.241877018944152, 22.310115780187058 ], [ 114.241872453689879, 22.310002908537122 ], [ 114.241808829712127, 22.309885852295988 ], [ 114.241814682942348, 22.309845916632799 ], [ 114.24189104720422, 22.309663702669909 ], [ 114.241863207839685, 22.309486136087642 ], [ 114.241856578736829, 22.309359520680186 ], [ 114.241868647443383, 22.309244700770748 ], [ 114.241856115095587, 22.30921757786756 ], [ 114.241822299449751, 22.309191167879625 ], [ 114.241767481013468, 22.309163402673505 ], [ 114.241410061000266, 22.309069175582263 ], [ 114.241336798706669, 22.30907493013655 ], [ 114.241244499880523, 22.309113130141334 ], [ 114.241181751842007, 22.309126511308499 ], [ 114.241127886336699, 22.309123579663282 ], [ 114.241064900810827, 22.309105805302337 ], [ 114.241026504718448, 22.309079956859023 ], [ 114.240986688750894, 22.309026466294934 ], [ 114.240954988776991, 22.308999441207387 ], [ 114.240914139417498, 22.308978217375223 ], [ 114.240833157214723, 22.308953315857288 ], [ 114.240778624828096, 22.308913702052511 ], [ 114.240744695141771, 22.308870684605651 ], [ 114.240692086041634, 22.308770546915788 ], [ 114.240660932899004, 22.308729262233022 ], [ 114.240592332848863, 22.308571912902284 ], [ 114.24057590626559, 22.308517347426324 ], [ 114.240570416504411, 22.308460664489857 ], [ 114.240579962667667, 22.308345475398291 ], [ 114.240617665522947, 22.308234564770846 ], [ 114.240403704219986, 22.307439919535124 ], [ 114.240023218116548, 22.306585655624499 ], [ 114.240010296062266, 22.306402845088552 ], [ 114.240105918672299, 22.306335087308653 ], [ 114.240126619373044, 22.306313116800613 ], [ 114.240126800221944, 22.306262175085529 ], [ 114.240103182120023, 22.30620643837262 ], [ 114.239939351204541, 22.306055429192938 ], [ 114.239887137109136, 22.305988424342914 ], [ 114.239863860757808, 22.305936995059103 ], [ 114.239860043161684, 22.305907529675938 ], [ 114.239880437303086, 22.305851288168331 ], [ 114.239917120837219, 22.305804793378019 ], [ 114.240058765664614, 22.30571852303618 ], [ 114.240175422282832, 22.305594478273935 ], [ 114.240203580839434, 22.305539525068429 ], [ 114.240199107822505, 22.305498699445415 ], [ 114.240153544642297, 22.305459668896322 ], [ 114.240016421104897, 22.305391450981357 ], [ 114.239956531624244, 22.305326788064274 ], [ 114.23995844273341, 22.30528187811489 ], [ 114.24001959576178, 22.305199793184812 ], [ 114.240107611888732, 22.305160331248537 ], [ 114.240123703675422, 22.305140854983158 ], [ 114.240138599695655, 22.30509529879091 ], [ 114.240143616975047, 22.30500874749848 ], [ 114.240151722675094, 22.3049917667941 ], [ 114.240255281587906, 22.304964047528799 ], [ 114.240433991750507, 22.304927584214436 ], [ 114.240454461574629, 22.304932118582691 ], [ 114.240561945894854, 22.305000329717323 ], [ 114.240592734471974, 22.305010052612705 ], [ 114.240616918146202, 22.305007604841631 ], [ 114.240644441007532, 22.304985288418766 ], [ 114.240664124323814, 22.304946187178306 ], [ 114.240677009153728, 22.304725275403047 ], [ 114.240691854874996, 22.304697653963412 ], [ 114.240714255456922, 22.304679746480577 ], [ 114.240739310273824, 22.30467236763678 ], [ 114.240755383931599, 22.304677346198815 ], [ 114.240870503461068, 22.304761276409025 ], [ 114.240912018384861, 22.304776268883863 ], [ 114.240943112536741, 22.304775127772292 ], [ 114.240978683847359, 22.304759689433698 ], [ 114.24100832974608, 22.304732468489547 ], [ 114.241027876374474, 22.304649406263263 ], [ 114.241037352027931, 22.304636109459654 ], [ 114.241299111390404, 22.304482873642904 ], [ 114.241352477486089, 22.304458840041985 ], [ 114.241440667173421, 22.304439849697971 ], [ 114.241470353264049, 22.304415951916063 ], [ 114.241491065504135, 22.30437796092783 ], [ 114.241493809211988, 22.30428758151632 ], [ 114.241461123014815, 22.304182062863408 ], [ 114.24137152970394, 22.304018409739228 ], [ 114.241377299018225, 22.303986186235651 ], [ 114.241392415472333, 22.30395684880661 ], [ 114.241438592055047, 22.303916129474111 ], [ 114.241539788751467, 22.303861092739311 ], [ 114.241632802092198, 22.303843671691887 ], [ 114.241679294744088, 22.303815125423643 ], [ 114.241707938193912, 22.303782468323909 ], [ 114.241743760121352, 22.303701052094517 ], [ 114.241777778036877, 22.303559122473896 ], [ 114.241825705770822, 22.303486217241062 ], [ 114.242027970232471, 22.303288699892345 ], [ 114.242103458188396, 22.303296499075412 ], [ 114.242172758706261, 22.303292569955307 ], [ 114.242193676642927, 22.303280270870857 ], [ 114.242232465255711, 22.303234984798454 ], [ 114.242243120624565, 22.303212954848544 ], [ 114.242236100272862, 22.303142374443048 ], [ 114.242194459195886, 22.303064095849212 ], [ 114.24216642920517, 22.302975417532256 ], [ 114.24215983458167, 22.302922834953176 ], [ 114.242166419487219, 22.302871059821083 ], [ 114.242205089520169, 22.302842290784529 ], [ 114.242271511635963, 22.302826451409224 ], [ 114.242409761509762, 22.302815784618883 ], [ 114.24248542654297, 22.302787668822074 ], [ 114.242583403818358, 22.302720016973179 ], [ 114.242622341138059, 22.302702743693793 ], [ 114.242693878298013, 22.302688446305247 ], [ 114.242800403939825, 22.302617819783823 ], [ 114.242842108502941, 22.302603588641574 ], [ 114.242914019839645, 22.302600913397534 ], [ 114.242970920832605, 22.302583975879426 ], [ 114.243048685413982, 22.302542800702888 ], [ 114.243128221404447, 22.302533168682725 ], [ 114.243191824364843, 22.302507775698096 ], [ 114.243377968753393, 22.302398329743518 ], [ 114.24343105604656, 22.302382278627856 ], [ 114.243513898812495, 22.302387951943771 ], [ 114.243576192692501, 22.302365087916918 ], [ 114.243657134176701, 22.302290967478555 ], [ 114.243724861154405, 22.302203785156703 ], [ 114.24379628883932, 22.302042739716441 ], [ 114.24232725266269, 22.300945641850035 ], [ 114.242294665956152, 22.300928334289814 ], [ 114.242088235124569, 22.30081867746512 ], [ 114.24179495634354, 22.300685539461444 ], [ 114.241776638834622, 22.300843112899489 ], [ 114.241758647020205, 22.300928549681426 ], [ 114.24168041668517, 22.301221055364081 ], [ 114.241605779164274, 22.301434550753825 ], [ 114.241474322097346, 22.301673309309002 ], [ 114.241403407789207, 22.301775013189058 ], [ 114.24130614085523, 22.301888891743634 ], [ 114.241196612029228, 22.301992687912513 ], [ 114.240966103386782, 22.302160242828915 ], [ 114.240866382958046, 22.302215594704116 ], [ 114.240761854803907, 22.302262640251488 ], [ 114.240493084790984, 22.302356862953939 ], [ 114.240033196888803, 22.302470367883561 ], [ 114.239651007050256, 22.302588699909975 ], [ 114.239442351398893, 22.302670444371767 ], [ 114.239271817594187, 22.302755740987624 ], [ 114.239141545643108, 22.302833734263327 ], [ 114.238978431224069, 22.30295290153493 ], [ 114.238761162062602, 22.303156769343705 ], [ 114.238586280204458, 22.303376162405414 ], [ 114.238443533540234, 22.303602180569616 ], [ 114.238318688501806, 22.303931203966304 ], [ 114.238254555860095, 22.304280152891053 ], [ 114.238258259510047, 22.304582541383635 ], [ 114.238311964591475, 22.304888243216439 ], [ 114.238415654440161, 22.305180632998194 ], [ 114.238576514059631, 22.305532810657805 ], [ 114.238891814207193, 22.306090727604108 ], [ 114.237616894551422, 22.306635882296895 ], [ 114.237544459497116, 22.306666857308354 ], [ 114.23768429808689, 22.308498951941129 ], [ 114.237684639710153, 22.308503430992111 ], [ 114.238668745076509, 22.308408174251998 ], [ 114.238644982503601, 22.308442662152117 ], [ 114.2386407602079, 22.308485559125714 ], [ 114.238662004385873, 22.308528446393208 ], [ 114.238777931184018, 22.308677976036581 ], [ 114.238816153100117, 22.308706182068313 ], [ 114.238863471800329, 22.30871914095475 ], [ 114.238869430752686, 22.308719012247241 ], [ 114.23910803447788, 22.308698764505621 ], [ 114.239108054573123, 22.30870030873097 ], [ 114.239108074788504, 22.308702123874365 ], [ 114.239107906425886, 22.308716401321945 ], [ 114.239123746766893, 22.308719583042055 ], [ 114.239128716017021, 22.308698097329643 ], [ 114.239242737303101, 22.308685934427746 ], [ 114.239225298700092, 22.308755260043252 ], [ 114.239204496118575, 22.308833039593988 ], [ 114.23915201974738, 22.308985749192352 ], [ 114.239128057793835, 22.309052052049523 ], [ 114.239096302344223, 22.309139895881053 ], [ 114.239065746149095, 22.30921835644968 ], [ 114.239010610852532, 22.309350531426794 ], [ 114.238954223247902, 22.309482201149162 ], [ 114.238933271783893, 22.309531146004034 ], [ 114.238750611259917, 22.309955256769133 ], [ 114.238689656308381, 22.310096789550794 ], [ 114.238658360106115, 22.310170780168917 ], [ 114.23853974825181, 22.310450945553303 ], [ 114.238522199752126, 22.310492321411523 ], [ 114.238498242656107, 22.31054884402193 ], [ 114.238490253555469, 22.310567314637847 ], [ 114.238431993117558, 22.310701892726158 ], [ 114.238341292723618, 22.310914850648128 ], [ 114.238153470140418, 22.311349943842423 ], [ 114.237858859444756, 22.312035251709709 ], [ 114.237984327338637, 22.3120700806227 ], [ 114.238215837897499, 22.312150997636614 ], [ 114.238320675636842, 22.312193762961545 ], [ 114.238495462172182, 22.312283939373494 ], [ 114.238714521991824, 22.312432607957195 ], [ 114.239130939490479, 22.312747255190729 ], [ 114.239286275130425, 22.312854171911194 ], [ 114.23952941607358, 22.31300283010507 ], [ 114.239885348709819, 22.313158569258096 ], [ 114.240128476111693, 22.313274617063712 ], [ 114.240319041926057, 22.313376425774351 ], [ 114.240412151796079, 22.313450756266466 ], [ 114.240487736304701, 22.313531216329199 ], [ 114.240566627270539, 22.313647327853687 ], [ 114.240608275755662, 22.313736967247475 ], [ 114.240641176343601, 22.313840869384226 ], [ 114.240665316079955, 22.313951909132999 ], [ 114.240665382320373, 22.314097599722793 ], [ 114.24065065233745, 22.314211210424329 ], [ 114.240634258234394, 22.314272344982296 ], [ 114.240594877543643, 22.314368120914761 ], [ 114.240518832891752, 22.314493974094255 ], [ 114.240368902536574, 22.314670292080493 ], [ 114.240058416536343, 22.314987685356073 ], [ 114.240156288358378, 22.314944535103319 ], [ 114.240205560402657, 22.314936614084097 ], [ 114.240265020813041, 22.314944492607374 ], [ 114.240309205544762, 22.314976091433202 ], [ 114.240895879692317, 22.315499436578442 ], [ 114.241005527612515, 22.315569001049298 ], [ 114.241126377253821, 22.315620057315485 ], [ 114.241225047210108, 22.315645087095355 ], [ 114.241325478582539, 22.315659107819513 ], [ 114.24143166010164, 22.315661485754202 ], [ 114.241638251488041, 22.315631195983514 ], [ 114.241754855992312, 22.31558959957492 ], [ 114.241937777541892, 22.315502001712094 ], [ 114.242067914094633, 22.315424033438905 ] ] ] ] } },
{ "type": "Feature", "properties": { "2024": 80, "2023": 90, "2022": 103, "2021": 211, "2020": 67, "2019": 95, "2018": 143, "2017": 166, "2016": 73, "2015": 115, "2014": 109, "2013": 96, "2012": 56, "2011": 39, "2010": 30, "2009": 29, "2008": 28, "2007": 30, "2006": 19, "2005": 25, "2004": 27, "2003": 584, "2002": 2132, "2001": 0, "2000": 0, "1999": 0, "1998": 0, "CACODE": "J31", "ENAME": "Po Lok", "CNAME": "寶樂", "18_districts": "觀塘區 ", "hk_islands": "47", "kowloon": "260", "new_towns": 98, "others": "--", "index_right": 65279, "location": "KOWLOON EAST (2)", "estate_name": "TSUI PING (NORTH) ESTATE", "transaction_price": 236100, "saleable_floor_area": 41, "floor_level": "M", "transaction_price_per_sq": 5759, "discount_rate": 55, "assignment_date": 10, "month": 3, "year": 2003, "credit_level": "F" }, "geometry": { "type": "MultiPolygon", "coordinates": [ [ [ [ 114.228948889995635, 22.317574684648356 ], [ 114.22897329479126, 22.317534039129303 ], [ 114.229209363585511, 22.316944933498466 ], [ 114.229243041171202, 22.316732875220154 ], [ 114.22942982685754, 22.315250767553778 ], [ 114.228554465988452, 22.315156408465743 ], [ 114.228697599109054, 22.314588085339189 ], [ 114.228699488928214, 22.314580562247155 ], [ 114.228699013318874, 22.314580472093304 ], [ 114.228636446386957, 22.314568490428805 ], [ 114.228572773819238, 22.314558667405691 ], [ 114.228471829117666, 22.314541992976743 ], [ 114.228420094894744, 22.314533249763219 ], [ 114.228344318376202, 22.314520531678607 ], [ 114.22834426984474, 22.314520522663422 ], [ 114.228341668577471, 22.314520090021027 ], [ 114.228293234515604, 22.314511977860519 ], [ 114.228216167274056, 22.31449954007407 ], [ 114.228124734697516, 22.314484307310106 ], [ 114.227964902396153, 22.314457536911405 ], [ 114.227843846115661, 22.314436262826561 ], [ 114.227352046229853, 22.315983177402938 ], [ 114.227313258223134, 22.316080268388447 ], [ 114.227278098052608, 22.316144622325471 ], [ 114.227236870543507, 22.316205591667121 ], [ 114.227162894391924, 22.316289707551931 ], [ 114.22704645930628, 22.316384564903554 ], [ 114.226912429165651, 22.316456851117188 ], [ 114.226421746710315, 22.316655115120842 ], [ 114.227150785878692, 22.318305231633747 ], [ 114.22753045918968, 22.318139230393104 ], [ 114.227589536032056, 22.318131364324827 ], [ 114.228264685161847, 22.318233242430686 ], [ 114.228374387892785, 22.318225360010004 ], [ 114.228484076159219, 22.318178203469156 ], [ 114.228593758557423, 22.318115333623247 ], [ 114.228694986144617, 22.317997497184486 ], [ 114.228948889995635, 22.317574684648356 ] ] ] ] } },
{ "type": "Feature", "properties": { "2024": 14, "2023": 19, "2022": 16, "2021": 54, "2020": 19, "2019": 17, "2018": 23, "2017": 29, "2016": 31, "2015": 37, "2014": 27, "2013": 30, "2012": 10, "2011": 14, "2010": 10, "2009": 9, "2008": 12, "2007": 14, "2006": 7, "2005": 2, "2004": 5, "2003": 16, "2002": 25, "2001": 252, "2000": 1242, "1999": 0, "1998": 0, "CACODE": "J07", "ENAME": "Jordan Valley", "CNAME": "佐敦谷", "18_districts": "觀塘區 ", "hk_islands": "301", "kowloon": "1210", "new_towns": 457, "others": "6", "index_right": 12508, "location": "KOWLOON EAST (2)", "estate_name": "CHOI HA ESTATE", "transaction_price": 456800, "saleable_floor_area": 38, "floor_level": "L", "transaction_price_per_sq": 12021, "discount_rate": 76, "assignment_date": 27, "month": 6, "year": 2019, "credit_level": "F" }, "geometry": { "type": "MultiPolygon", "coordinates": [ [ [ [ 114.219498638053409, 22.325571587248408 ], [ 114.219486648200814, 22.325563508029312 ], [ 114.21759005832665, 22.324293139868161 ], [ 114.217555029671814, 22.324367443009283 ], [ 114.217290811023901, 22.324726791082892 ], [ 114.217054625033484, 22.325093256891314 ], [ 114.21680974845566, 22.32562255498431 ], [ 114.216744691148989, 22.325741368375496 ], [ 114.216690030446756, 22.32579587238062 ], [ 114.216652793705777, 22.325819668095587 ], [ 114.216054163619702, 22.326073934730925 ], [ 114.21583358008894, 22.326195873768139 ], [ 114.215673501179594, 22.326299827152152 ], [ 114.215580037989042, 22.326370721554987 ], [ 114.215572992580732, 22.326376060314921 ], [ 114.215424108451316, 22.326528514048334 ], [ 114.215327340140732, 22.326653240408611 ], [ 114.215297058660752, 22.326698508889532 ], [ 114.215081701578825, 22.327020491170792 ], [ 114.215050091262199, 22.327069841741551 ], [ 114.215025268913976, 22.327130749854906 ], [ 114.215011007780404, 22.3271937054195 ], [ 114.214996137505409, 22.327301100631772 ], [ 114.214984998276364, 22.327422338848827 ], [ 114.214985028420372, 22.327533189262919 ], [ 114.214981334367792, 22.327619793433914 ], [ 114.214973905464362, 22.32767868362059 ], [ 114.21494257416056, 22.327755333556141 ], [ 114.214885804433493, 22.327841128409911 ], [ 114.215205897327735, 22.328053876711479 ], [ 114.215896641552206, 22.327585837164438 ], [ 114.215917874990225, 22.327604678874565 ], [ 114.215967460198215, 22.327654633131406 ], [ 114.216033595549163, 22.327775690188165 ], [ 114.216091466943098, 22.327917880783534 ], [ 114.216101837213685, 22.328069700442207 ], [ 114.216103916009132, 22.328110057615994 ], [ 114.216258885223112, 22.328261833131506 ], [ 114.216285245852518, 22.328287663215935 ], [ 114.216326259976228, 22.328680501649206 ], [ 114.216292016653512, 22.328893234394599 ], [ 114.216200623525012, 22.329116610013912 ], [ 114.216189233862679, 22.32927615607597 ], [ 114.21628072281753, 22.329393134055781 ], [ 114.216463677836572, 22.329510080612341 ], [ 114.216658054898431, 22.329616395159491 ], [ 114.216822573769392, 22.329652034479182 ], [ 114.21680440800651, 22.330249186150933 ], [ 114.217750210411026, 22.331411294182651 ], [ 114.218738486453532, 22.331598904803919 ], [ 114.217960276280138, 22.330123669897002 ], [ 114.218411217245446, 22.329390966984121 ], [ 114.218796541536648, 22.329550131017537 ], [ 114.219780478552792, 22.326255958963692 ], [ 114.219360529075999, 22.325774631111354 ], [ 114.219498638053409, 22.325571587248408 ] ] ] ] } },
{ "type": "Feature", "properties": { "2024": 11, "2023": 12, "2022": 13, "2021": 68, "2020": 23, "2019": 36, "2018": 60, "2017": 68, "2016": 31, "2015": 70, "2014": 62, "2013": 53, "2012": 39, "2011": 33, "2010": 32, "2009": 31, "2008": 29, "2007": 22, "2006": 10, "2005": 12, "2004": 18, "2003": 50, "2002": 55, "2001": 874, "2000": 3907, "1999": 0, "1998": 0, "CACODE": "R17", "ENAME": "Keng Hau", "CNAME": "徑口", "18_districts": "沙田區 ", "hk_islands": "168", "kowloon": "368", "new_towns": 273, "others": "143", "index_right": 107822, "location": "TAI PO, NORTH & SHATIN (1)", "estate_name": "HIN KENG ESTATE", "transaction_price": 166200, "saleable_floor_area": 36, "floor_level": "H", "transaction_price_per_sq": 4617, "discount_rate": 55, "assignment_date": 21, "month": 8, "year": 2000, "credit_level": "F" }, "geometry": { "type": "MultiPolygon", "coordinates": [ [ [ [ 114.176155470033279, 22.36739999336401 ], [ 114.176505200553976, 22.366630700674765 ], [ 114.176976854854544, 22.365536018567578 ], [ 114.177057790080326, 22.365311690748147 ], [ 114.177131549947291, 22.365063531290502 ], [ 114.177212814435805, 22.364718844288525 ], [ 114.177265359587651, 22.364545972448539 ], [ 114.177333400433142, 22.364408762160934 ], [ 114.177414344517587, 22.364274134532373 ], [ 114.177523114600078, 22.364133221485748 ], [ 114.177922173717988, 22.363758216881795 ], [ 114.178060536120384, 22.363629530621782 ], [ 114.178164159530994, 22.363515997786102 ], [ 114.178244927751294, 22.363402465083428 ], [ 114.178291762955737, 22.363298197988048 ], [ 114.178305956263131, 22.363178136753337 ], [ 114.178285721301705, 22.363042606502873 ], [ 114.178238893594383, 22.362918445938302 ], [ 114.17814375421861, 22.36280491470956 ], [ 114.176259084619844, 22.361021647800062 ], [ 114.17670760477219, 22.360584353488875 ], [ 114.175724439193147, 22.359599279366503 ], [ 114.175604186345737, 22.35962751702781 ], [ 114.174792221073929, 22.359818234039075 ], [ 114.174787312206604, 22.360225015072327 ], [ 114.174731173712104, 22.361668502348842 ], [ 114.17427239113222, 22.361583482167934 ], [ 114.173918610502469, 22.361507168058345 ], [ 114.173420245316564, 22.361443980608314 ], [ 114.172953841800791, 22.361395132902704 ], [ 114.172784614714658, 22.361442647501953 ], [ 114.172722380689308, 22.361446312336199 ], [ 114.172564085816305, 22.36148886921114 ], [ 114.172127561724523, 22.361578629786685 ], [ 114.171971081921825, 22.361625863957453 ], [ 114.171938225732006, 22.361663023670445 ], [ 114.171805843445156, 22.361704993598586 ], [ 114.171656664596213, 22.361749256641119 ], [ 114.171571216572843, 22.361748928786874 ], [ 114.171556069940621, 22.361768759375938 ], [ 114.171531430083462, 22.361989961825692 ], [ 114.171477568962572, 22.362648350125177 ], [ 114.171593308106381, 22.36268591195482 ], [ 114.171915092693283, 22.362952828873318 ], [ 114.171735404782211, 22.363055599958997 ], [ 114.171222967182132, 22.363466436719609 ], [ 114.170886837255424, 22.363095305417257 ], [ 114.170764510816909, 22.362936363268968 ], [ 114.170589760594822, 22.362678986057499 ], [ 114.170492678096906, 22.362520947722025 ], [ 114.170435398731826, 22.362445088877578 ], [ 114.170063548125313, 22.362400824077696 ], [ 114.169989235716258, 22.362403629453372 ], [ 114.170011651452597, 22.362847924251241 ], [ 114.170071525397233, 22.363277410495698 ], [ 114.170143377999096, 22.363559329050538 ], [ 114.17023766770798, 22.363857954987765 ], [ 114.170371481236842, 22.364204182442567 ], [ 114.170499143194419, 22.36447670222903 ], [ 114.170638476159922, 22.364745546921409 ], [ 114.170949708205811, 22.365282388235915 ], [ 114.171164227359696, 22.365631426387598 ], [ 114.17136802934543, 22.365962195090905 ], [ 114.171667985880489, 22.366468809339761 ], [ 114.171900809156739, 22.366858303875233 ], [ 114.172341081182253, 22.367583622679625 ], [ 114.172607802086389, 22.368018721312087 ], [ 114.17268728857681, 22.368148365805119 ], [ 114.172726376526882, 22.368212140476942 ], [ 114.172806416657522, 22.36834222741895 ], [ 114.172914648072577, 22.368299244704634 ], [ 114.174420045307883, 22.367701289822222 ], [ 114.175011258483337, 22.367442256490239 ], [ 114.175160685221499, 22.367385275388887 ], [ 114.175275158149518, 22.367351050780314 ], [ 114.175395844878921, 22.367325224549283 ], [ 114.175526629131511, 22.367308970683769 ], [ 114.175757030507995, 22.367307166271679 ], [ 114.176013355405701, 22.367350875592876 ], [ 114.176155470033279, 22.36739999336401 ] ] ] ] } },
{ "type": "Feature", "properties": { "2024": 36, "2023": 33, "2022": 22, "2021": 99, "2020": 54, "2019": 58, "2018": 63, "2017": 63, "2016": 40, "2015": 37, "2014": 58, "2013": 68, "2012": 42, "2011": 31, "2010": 29, "2009": 28, "2008": 38, "2007": 37, "2006": 13, "2005": 14, "2004": 42, "2003": 481, "2002": 3454, "2001": 0, "2000": 0, "1999": 0, "1998": 0, "CACODE": "R08", "ENAME": "Pok Hong", "CNAME": "博康", "18_districts": "沙田區 ", "hk_islands": "37", "kowloon": "151", "new_towns": 226, "others": "1", "index_right": 37759, "location": "TAI PO, NORTH & SHATIN (1)", "estate_name": "POK HONG ESTATE", "transaction_price": 323000, "saleable_floor_area": 35, "floor_level": "H", "transaction_price_per_sq": 9229, "discount_rate": 53, "assignment_date": 18, "month": 1, "year": 2010, "credit_level": "0" }, "geometry": { "type": "MultiPolygon", "coordinates": [ [ [ [ 114.192614587560371, 22.373710839732421 ], [ 114.192184633768335, 22.373558951381668 ], [ 114.19189495923537, 22.374239366104792 ], [ 114.191873692252585, 22.374305598014221 ], [ 114.191826014352912, 22.374368969690178 ], [ 114.191689186995731, 22.374486866888226 ], [ 114.191260572705914, 22.375097739933807 ], [ 114.191093590583066, 22.375266372834041 ], [ 114.191269650623511, 22.37527857553458 ], [ 114.191421875821405, 22.375317483477637 ], [ 114.192632816640256, 22.375810229125342 ], [ 114.192888121953018, 22.375925858016043 ], [ 114.193141176915802, 22.376057994540258 ], [ 114.193393846848053, 22.376214540231544 ], [ 114.193873489034601, 22.37655062485997 ], [ 114.195759835113321, 22.377904407742772 ], [ 114.196066267201573, 22.378140050359242 ], [ 114.196119678751543, 22.378186099699533 ], [ 114.196223398152497, 22.378302815919703 ], [ 114.19638791940605, 22.378539242452309 ], [ 114.196714543293368, 22.3790630364992 ], [ 114.196855643270951, 22.37901261972506 ], [ 114.197137743045118, 22.378892659161014 ], [ 114.197299591884857, 22.378833579117451 ], [ 114.197622572273033, 22.378726625521331 ], [ 114.197874809854028, 22.378654655730056 ], [ 114.199092887116038, 22.37833167845265 ], [ 114.199269264761, 22.378297870886165 ], [ 114.199415627047543, 22.378254630416475 ], [ 114.199486842884411, 22.378219966730956 ], [ 114.199458053570524, 22.378155135154994 ], [ 114.199324017588893, 22.377855575975552 ], [ 114.19920363688918, 22.377583511845621 ], [ 114.199086076783715, 22.377325850020696 ], [ 114.199018499606851, 22.377175248123372 ], [ 114.198942541236818, 22.377008094378628 ], [ 114.198848952871643, 22.376798833631355 ], [ 114.198847253998991, 22.376794996790128 ], [ 114.198837646394324, 22.37677273783958 ], [ 114.198826855091241, 22.376750098863933 ], [ 114.198815830984444, 22.376728932798649 ], [ 114.198802786927658, 22.376705942839621 ], [ 114.198795230020536, 22.376689527264105 ], [ 114.198786856652561, 22.376674022979504 ], [ 114.198767947569692, 22.37663713492363 ], [ 114.198749890647434, 22.376604013384231 ], [ 114.198700977845093, 22.376517011742159 ], [ 114.198672956422527, 22.376470101016441 ], [ 114.198645209418515, 22.376426912633423 ], [ 114.198615936471171, 22.376380300976546 ], [ 114.198588373230166, 22.376338465332076 ], [ 114.198540134128493, 22.376267925302677 ], [ 114.198526623679115, 22.376248584620154 ], [ 114.198511949537689, 22.376226343485822 ], [ 114.198495612902121, 22.376203046000512 ], [ 114.198478578196031, 22.376180174847942 ], [ 114.198463116027639, 22.376160535510355 ], [ 114.198426473955166, 22.376111324009461 ], [ 114.198393066167966, 22.37606772905951 ], [ 114.198321305317592, 22.375979934749207 ], [ 114.198248099658045, 22.375891689973805 ], [ 114.19822995872498, 22.375872880873544 ], [ 114.198211263088396, 22.375852275671765 ], [ 114.198193266490037, 22.375831156538215 ], [ 114.198178108430753, 22.375812247702406 ], [ 114.19812465555151, 22.375754703166791 ], [ 114.198075787715581, 22.375709954274527 ], [ 114.198020813163893, 22.375657385726566 ], [ 114.198001573812832, 22.375636636985661 ], [ 114.197973897832838, 22.375611209723314 ], [ 114.197956952571673, 22.375594487391361 ], [ 114.197876417635811, 22.375520899049953 ], [ 114.197818635595013, 22.375471337964058 ], [ 114.197751873012592, 22.375415656220767 ], [ 114.19771146453418, 22.375383277048496 ], [ 114.197658889443048, 22.37534304467545 ], [ 114.197568947055146, 22.37527674412522 ], [ 114.197493182982384, 22.375223130515653 ], [ 114.197466547220202, 22.375205108971723 ], [ 114.197439298584385, 22.375185796135316 ], [ 114.197364922927875, 22.375137520235867 ], [ 114.197327555897672, 22.375112870716247 ], [ 114.197281547616569, 22.375084863825048 ], [ 114.197236916724052, 22.375060405746193 ], [ 114.19721962207548, 22.375050429187574 ], [ 114.197171262969462, 22.375021600782439 ], [ 114.19710968791388, 22.374986516763279 ], [ 114.196974430451988, 22.374914424851848 ], [ 114.19691120539855, 22.374883339681816 ], [ 114.196817799366968, 22.374838604954491 ], [ 114.196729940596981, 22.374800633360046 ], [ 114.19668296062089, 22.374779715385039 ], [ 114.196626923127852, 22.374757191069609 ], [ 114.196581264214046, 22.374739812872182 ], [ 114.19653317944136, 22.374719861255382 ], [ 114.196385543320474, 22.374667222123126 ], [ 114.196296307281543, 22.374638578999068 ], [ 114.196238190739308, 22.374620886133638 ], [ 114.196233432299067, 22.374619547858973 ], [ 114.196119182904667, 22.374587416046776 ], [ 114.195792788102224, 22.374507172273212 ], [ 114.19574009304101, 22.374494600494977 ], [ 114.193308574696871, 22.373906462241091 ], [ 114.192614587560371, 22.373710839732421 ] ] ] ] } },
{ "type": "Feature", "properties": { "2024": 33, "2023": 29, "2022": 23, "2021": 95, "2020": 29, "2019": 42, "2018": 91, "2017": 74, "2016": 35, "2015": 115, "2014": 71, "2013": 93, "2012": 49, "2011": 28, "2010": 38, "2009": 10, "2008": 27, "2007": 30, "2006": 9, "2005": 20, "2004": 13, "2003": 29, "2002": 746, "2001": 2037, "2000": 0, "1999": 0, "1998": 0, "CACODE": "R41", "ENAME": "Kwong Yuen", "CNAME": "廣源", "18_districts": "沙田區 ", "hk_islands": "21", "kowloon": "171", "new_towns": 238, "others": "18", "index_right": 90254, "location": "TAI PO, NORTH & SHATIN (3)", "estate_name": "KWONG YUEN ESTATE", "transaction_price": 227800, "saleable_floor_area": 56, "floor_level": "L", "transaction_price_per_sq": 4068, "discount_rate": 55, "assignment_date": 24, "month": 8, "year": 2001, "credit_level": "F" }, "geometry": { "type": "MultiPolygon", "coordinates": [ [ [ [ 114.215518090678344, 22.379890315585396 ], [ 114.215466856939045, 22.37991480958231 ], [ 114.21537714110778, 22.379936739034591 ], [ 114.215382551764108, 22.379873849162955 ], [ 114.215375904682745, 22.379854480268207 ], [ 114.215196306100509, 22.379572725380807 ], [ 114.215099938285277, 22.379378962133387 ], [ 114.215034552910922, 22.379388441575401 ], [ 114.214939672133696, 22.379483790185851 ], [ 114.214922817331242, 22.379491072758714 ], [ 114.21488299648658, 22.379492536042484 ], [ 114.214813564694609, 22.379476459956773 ], [ 114.214773114999062, 22.379450606018523 ], [ 114.214638032368342, 22.379288115248819 ], [ 114.214348502642608, 22.379384836362412 ], [ 114.214250657587101, 22.379362914838726 ], [ 114.214200194653145, 22.379365030612981 ], [ 114.214139745496865, 22.379387756335966 ], [ 114.214060269584735, 22.379466186702743 ], [ 114.21397283820167, 22.379497542721577 ], [ 114.213953056018369, 22.379524169253063 ], [ 114.213923738325391, 22.379586865890651 ], [ 114.213908902306542, 22.379700861624766 ], [ 114.213884291280962, 22.379790043708674 ], [ 114.2138505689325, 22.379867262425577 ], [ 114.213817199515248, 22.379920613373798 ], [ 114.213841326552398, 22.379947085359511 ], [ 114.213833601079614, 22.379961517906857 ], [ 114.213791029840124, 22.380027911032489 ], [ 114.213668985382228, 22.380111696990344 ], [ 114.213585781408085, 22.380195157969325 ], [ 114.213468986652131, 22.380266570762188 ], [ 114.21340509843985, 22.380284926212969 ], [ 114.213275157309056, 22.380249808725168 ], [ 114.213183387361369, 22.380253613158288 ], [ 114.213032547459648, 22.38024618776106 ], [ 114.212753863287588, 22.380465619398212 ], [ 114.212894510200897, 22.380482737080719 ], [ 114.213019526408075, 22.380510225180618 ], [ 114.213109936428864, 22.380541288003904 ], [ 114.213210323031646, 22.380588359655256 ], [ 114.213277887458233, 22.38062876508215 ], [ 114.213377407694239, 22.380704301039806 ], [ 114.213503703596672, 22.380834004989072 ], [ 114.213567453503515, 22.380916719167562 ], [ 114.213632969333162, 22.381030976541616 ], [ 114.213680524135995, 22.381155939150549 ], [ 114.213904518362426, 22.382212423177617 ], [ 114.21414944983357, 22.383262327705427 ], [ 114.214255900070341, 22.383244431713873 ], [ 114.214390307763509, 22.383195102946896 ], [ 114.214604189144907, 22.383088664570739 ], [ 114.21479358750733, 22.382971738189905 ], [ 114.214948989315133, 22.382853871393937 ], [ 114.215055535716189, 22.382762954046193 ], [ 114.215222097023243, 22.382584363112329 ], [ 114.21534517268509, 22.382432503678508 ], [ 114.215450846719918, 22.382314160574893 ], [ 114.21554204698019, 22.382212039684219 ], [ 114.215902539995383, 22.38175073710261 ], [ 114.215986037339448, 22.381676287340607 ], [ 114.216076576643871, 22.381609322131453 ], [ 114.216247615391794, 22.381512762314639 ], [ 114.216390806392212, 22.381455943433391 ], [ 114.216505972476597, 22.38142990732576 ], [ 114.216678608596325, 22.381420536371355 ], [ 114.216834715816461, 22.381438107373633 ], [ 114.216997570182443, 22.381484185914957 ], [ 114.217149467874194, 22.381551488753924 ], [ 114.217222850856047, 22.381593624937448 ], [ 114.217296575995306, 22.381643554343935 ], [ 114.21743220206568, 22.381752934194534 ], [ 114.217503863835177, 22.380883764363052 ], [ 114.216479522422873, 22.380884018604984 ], [ 114.2164561348212, 22.380830735207201 ], [ 114.21640414312202, 22.38085387510516 ], [ 114.216306778615575, 22.380612594230858 ], [ 114.216208416698066, 22.38041436204745 ], [ 114.215979931052161, 22.380536103817271 ], [ 114.215922572265626, 22.380603404127729 ], [ 114.215892671969144, 22.38076814618632 ], [ 114.215725162067088, 22.380806954581175 ], [ 114.215463451706739, 22.380383097334242 ], [ 114.215538225985327, 22.380123208030962 ], [ 114.215518090678344, 22.379890315585396 ] ] ] ] } },
{ "type": "Feature", "properties": { "2024": 32, "2023": 18, "2022": 9, "2021": 105, "2020": 20, "2019": 35, "2018": 74, "2017": 71, "2016": 59, "2015": 71, "2014": 70, "2013": 70, "2012": 31, "2011": 44, "2010": 33, "2009": 27, "2008": 17, "2007": 33, "2006": 19, "2005": 20, "2004": 19, "2003": 31, "2002": 49, "2001": 8, "2000": 28, "1999": 731, "1998": 3887, "CACODE": "R34", "ENAME": "Heng On", "CNAME": "恆安", "18_districts": "沙田區 ", "hk_islands": "66", "kowloon": "261", "new_towns": 131, "others": "15", "index_right": 141676, "location": "TAI PO, NORTH & SHATIN (3)", "estate_name": "HENG ON ESTATE", "transaction_price": 197300, "saleable_floor_area": 41, "floor_level": "M", "transaction_price_per_sq": 4812, "discount_rate": 70, "assignment_date": 25, "month": 9, "year": 1998, "credit_level": "F" }, "geometry": { "type": "MultiPolygon", "coordinates": [ [ [ [ 114.229865928728017, 22.418406818099676 ], [ 114.231461446328538, 22.417588440976921 ], [ 114.231730598116798, 22.417467648334195 ], [ 114.232528407654584, 22.417109587605388 ], [ 114.232307944313902, 22.416929460146505 ], [ 114.230564946745474, 22.415566256336326 ], [ 114.229806723017134, 22.415035631512783 ], [ 114.229098494918588, 22.414658974777907 ], [ 114.228817251566383, 22.414511949835628 ], [ 114.2283739890578, 22.414720804403139 ], [ 114.228149548452507, 22.414820012500847 ], [ 114.227897088087772, 22.415002715983842 ], [ 114.227571673302009, 22.415232400515503 ], [ 114.227364084302138, 22.415362901889331 ], [ 114.227128421987089, 22.415456901481836 ], [ 114.226903968090966, 22.415524799155126 ], [ 114.226657056913496, 22.415561403779435 ], [ 114.226219346411028, 22.41561371627671 ], [ 114.225978050633415, 22.415655528737513 ], [ 114.225641376589735, 22.415780856507805 ], [ 114.225517930025831, 22.415812202435614 ], [ 114.225405683378952, 22.415791366759937 ], [ 114.225147496590324, 22.415692307486346 ], [ 114.225101967395076, 22.415674838071659 ], [ 114.225144296084451, 22.41581814825523 ], [ 114.22529199619234, 22.416293604217277 ], [ 114.225355111502793, 22.416495922315615 ], [ 114.2254899388072, 22.416455443267971 ], [ 114.225890451654607, 22.417506732384457 ], [ 114.226248660633189, 22.418500933567383 ], [ 114.226264867847888, 22.418545900411115 ], [ 114.226382402239324, 22.418845107492078 ], [ 114.227451649976061, 22.418275521598279 ], [ 114.227613427072356, 22.418222967617641 ], [ 114.22769687059187, 22.418224864867064 ], [ 114.227813145581109, 22.418259234363642 ], [ 114.227891526777725, 22.418308895329783 ], [ 114.228083758144194, 22.418401523344738 ], [ 114.228265446141236, 22.418427283766814 ], [ 114.228460325178091, 22.41842931669445 ], [ 114.22856278930945, 22.418438639505098 ], [ 114.228642744953504, 22.418411359895114 ], [ 114.22877497208205, 22.418350063687285 ], [ 114.228846784174195, 22.418311742314028 ], [ 114.229587169888532, 22.417916653498636 ], [ 114.229865928728017, 22.418406818099676 ] ] ] ] } },
{ "type": "Feature", "properties": { "2024": 31, "2023": 23, "2022": 19, "2021": 135, "2020": 11, "2019": 44, "2018": 52, "2017": 87, "2016": 29, "2015": 85, "2014": 39, "2013": 106, "2012": 39, "2011": 52, "2010": 36, "2009": 11, "2008": 25, "2007": 13, "2006": 16, "2005": 7, "2004": 6, "2003": 22, "2002": 25, "2001": 21, "2000": 1958, "1999": 1422, "1998": 0, "CACODE": "R33", "ENAME": "Yiu On", "CNAME": "耀安", "18_districts": "沙田區 ", "hk_islands": "28", "kowloon": "227", "new_towns": 226, "others": "1", "index_right": 126523, "location": "TAI PO, NORTH & SHATIN (3)", "estate_name": "YIU ON ESTATE", "transaction_price": 191700, "saleable_floor_area": 41, "floor_level": "M", "transaction_price_per_sq": 4676, "discount_rate": 55, "assignment_date": 10, "month": 12, "year": 1999, "credit_level": "F" }, "geometry": { "type": "MultiPolygon", "coordinates": [ [ [ [ 114.231730598116798, 22.417467648334195 ], [ 114.231461446328538, 22.417588440976921 ], [ 114.229865928728017, 22.418406818099676 ], [ 114.22976519679699, 22.418457674679065 ], [ 114.229674785606122, 22.418523807395964 ], [ 114.229589119319826, 22.4186035022963 ], [ 114.229510255795873, 22.418693444529698 ], [ 114.2294266556775, 22.418818164649558 ], [ 114.229352036684716, 22.418986228115937 ], [ 114.229319159683826, 22.419092473378985 ], [ 114.229278124038132, 22.419302806605938 ], [ 114.22929114560867, 22.419526460296908 ], [ 114.229339256122088, 22.419739744621459 ], [ 114.229406978998071, 22.419931981527025 ], [ 114.230025546457611, 22.420924075272104 ], [ 114.230067679788462, 22.420894152449559 ], [ 114.230783399239996, 22.422094074660539 ], [ 114.231280810260586, 22.421804815120776 ], [ 114.232410897275045, 22.421147607548587 ], [ 114.232328684445477, 22.41996966397662 ], [ 114.232328582145243, 22.419712186965793 ], [ 114.232305236150268, 22.419330621064791 ], [ 114.232260852477012, 22.418827340505466 ], [ 114.232235409649974, 22.418643705364079 ], [ 114.232154833711192, 22.418305026698459 ], [ 114.232048782844799, 22.417994351179019 ], [ 114.231946481447935, 22.417781799520277 ], [ 114.231730598116798, 22.417467648334195 ] ] ] ] } },
{ "type": "Feature", "properties": { "2024": 70, "2023": 37, "2022": 46, "2021": 237, "2020": 90, "2019": 86, "2018": 145, "2017": 129, "2016": 111, "2015": 148, "2014": 211, "2013": 141, "2012": 110, "2011": 108, "2010": 96, "2009": 37, "2008": 53, "2007": 44, "2006": 511, "2005": 3683, "2004": 0, "2003": 0, "2002": 0, "2001": 0, "2000": 0, "1999": 0, "1998": 0, "CACODE": "D05", "ENAME": "Lei Tung II", "CNAME": "利東二", "18_districts": "南區 ", "hk_islands": "86", "kowloon": "36", "new_towns": 119, "others": "78", "index_right": 56429, "location": "HONG KONG ISLAND & ISLANDS (2)", "estate_name": "LEI TUNG ESTATE", "transaction_price": 206500, "saleable_floor_area": 35, "floor_level": "M", "transaction_price_per_sq": 5900, "discount_rate": 60, "assignment_date": 30, "month": 6, "year": 2005, "credit_level": "H" }, "geometry": { "type": "MultiPolygon", "coordinates": [ [ [ [ 114.157440677109605, 22.240891975566409 ], [ 114.157449045586063, 22.240405123878073 ], [ 114.157352873179079, 22.24040467723772 ], [ 114.157257058535194, 22.240404232202316 ], [ 114.157121377559875, 22.240403601901026 ], [ 114.156950080353255, 22.240402805984054 ], [ 114.156814262843056, 22.240475034778008 ], [ 114.156378939965208, 22.240490225314659 ], [ 114.156203271408586, 22.240436000077452 ], [ 114.155893776805712, 22.240367327352146 ], [ 114.155723926420421, 22.240329638426353 ], [ 114.155609745495937, 22.24030430153767 ], [ 114.15552959285985, 22.240286509648037 ], [ 114.155525256876615, 22.240285551827881 ], [ 114.155489724843051, 22.240279379213948 ], [ 114.155450952683765, 22.240274253725506 ], [ 114.155411966866311, 22.240270771783706 ], [ 114.155380634445621, 22.240269304684119 ], [ 114.155372854692672, 22.240268942430649 ], [ 114.155347526584777, 22.24026946286666 ], [ 114.155324817404619, 22.240271356308604 ], [ 114.155301040930638, 22.240274802883388 ], [ 114.155277564946218, 22.24027972149559 ], [ 114.155247385800124, 22.240285343608136 ], [ 114.155215955076656, 22.240292329181688 ], [ 114.155210697190967, 22.240293692115785 ], [ 114.155184824898171, 22.240300407501632 ], [ 114.155156954062889, 22.240308648802245 ], [ 114.155100853903548, 22.240322277645848 ], [ 114.155044181750682, 22.240333657753737 ], [ 114.155040999904216, 22.240334163045667 ], [ 114.154987044312435, 22.240342789139678 ], [ 114.154929538602275, 22.240349635693519 ], [ 114.154871761626666, 22.240354206458672 ], [ 114.154865213739981, 22.240354458433568 ], [ 114.154813839499283, 22.240356474359849 ], [ 114.154755859527597, 22.240356439408735 ], [ 114.154707919886235, 22.240354509359843 ], [ 114.154697938119199, 22.24035411065185 ], [ 114.154674191587716, 22.240352021331205 ], [ 114.154647573865333, 22.240348911148509 ], [ 114.154603486128138, 22.240341933443251 ], [ 114.154584628919707, 22.240338192162927 ], [ 114.154580157122751, 22.240337306544436 ], [ 114.154554102484568, 22.240331351758805 ], [ 114.154530123806836, 22.240325090210469 ], [ 114.154528261384172, 22.240324611328962 ], [ 114.154505505033327, 22.240317970656033 ], [ 114.154110723755068, 22.240194719429155 ], [ 114.154078354900946, 22.240184022577232 ], [ 114.154045578951809, 22.240171338911786 ], [ 114.154005586311172, 22.240155719255625 ], [ 114.153985963590017, 22.240147128322317 ], [ 114.153964197333323, 22.240136857378513 ], [ 114.153942799801413, 22.240125954335991 ], [ 114.153924098901186, 22.240115728971539 ], [ 114.153887657691754, 22.24009384249328 ], [ 114.153838782876278, 22.240057134900841 ], [ 114.15379240102105, 22.240020987549002 ], [ 114.153754438415731, 22.239989717946727 ], [ 114.153749928294474, 22.239986014727236 ], [ 114.153740403727838, 22.239977994129813 ], [ 114.15372901676777, 22.239969368211682 ], [ 114.153717891544574, 22.239961826011708 ], [ 114.153705573146382, 22.239954382978873 ], [ 114.153675301062933, 22.239935287810372 ], [ 114.153644534150075, 22.239916878897489 ], [ 114.15360879118613, 22.239896717316078 ], [ 114.153572456349551, 22.239877485802367 ], [ 114.153540195197863, 22.239861442694604 ], [ 114.153502831830068, 22.239844017154368 ], [ 114.153464954184486, 22.239827566845261 ], [ 114.15345329498858, 22.239822869215242 ], [ 114.15342659135753, 22.239812118863235 ], [ 114.153422837500813, 22.239810745659383 ], [ 114.153215068928404, 22.24023844483553 ], [ 114.153195392768666, 22.24025951055733 ], [ 114.153172950853005, 22.240287159241213 ], [ 114.153158394874225, 22.240318204606044 ], [ 114.153148087336362, 22.240351499227859 ], [ 114.15313959369459, 22.240385363046048 ], [ 114.153109858406296, 22.240519690096068 ], [ 114.153064965305916, 22.240686751142913 ], [ 114.15305162163898, 22.240718925508915 ], [ 114.153035251589031, 22.240749961565129 ], [ 114.153021296871145, 22.240781566906097 ], [ 114.153012201833619, 22.24081487072554 ], [ 114.153009159839343, 22.24084873533323 ], [ 114.153007939926169, 22.240892190790653 ], [ 114.15301267336379, 22.241583607468495 ], [ 114.153020548318338, 22.24165246755657 ], [ 114.153025994338051, 22.241686333403564 ], [ 114.153035087885158, 22.241719630851172 ], [ 114.153045995449233, 22.241752937594075 ], [ 114.1530599298016, 22.241785106912957 ], [ 114.153076299299286, 22.241815587849072 ], [ 114.153096297119234, 22.241844380575852 ], [ 114.153118118759423, 22.24187260463324 ], [ 114.153142365848908, 22.241899131273108 ], [ 114.153169038670143, 22.241922280788035 ], [ 114.153198137036199, 22.241943163950427 ], [ 114.153229660943722, 22.241961798820366 ], [ 114.153262397721761, 22.241978736092143 ], [ 114.153295745930691, 22.241993975678024 ], [ 114.153364247625532, 22.242018819945656 ], [ 114.153400021761612, 22.242029553551028 ], [ 114.153470949679772, 22.242048185015655 ], [ 114.153507325925204, 22.242054963246222 ], [ 114.153543702453135, 22.242060052731638 ], [ 114.15361706703014, 22.242067965064791 ], [ 114.153691032777388, 22.242077566187405 ], [ 114.153728011127185, 22.24208039804731 ], [ 114.153764388501799, 22.242080403210903 ], [ 114.153800766614211, 22.242075893026669 ], [ 114.15387292249612, 22.242060099539415 ], [ 114.153909300875966, 22.242053891563199 ], [ 114.15405541525223, 22.242032464227137 ], [ 114.154163949257963, 22.242011600459048 ], [ 114.154200928235156, 22.242010476773842 ], [ 114.154238517265696, 22.242016126174676 ], [ 114.154251850928588, 22.242045477735097 ], [ 114.154256694554533, 22.242087245300457 ], [ 114.154294284329779, 22.242088379348736 ], [ 114.154328845976721, 22.242099103551002 ], [ 114.154362184447677, 22.242115480782299 ], [ 114.154390070180696, 22.242138061331225 ], [ 114.1544137159363, 22.242165716532828 ], [ 114.154427650819727, 22.242196765928945 ], [ 114.154419763847429, 22.242259979597961 ], [ 114.154285266033384, 22.242734866359815 ], [ 114.15454404080063, 22.242860934181401 ], [ 114.155134017661013, 22.243172996814309 ], [ 114.155423494771711, 22.243312179868571 ], [ 114.155609144685869, 22.243392766880827 ], [ 114.155768044142093, 22.243446980637962 ], [ 114.155966290211367, 22.24349900483762 ], [ 114.156064410827952, 22.243514477917444 ], [ 114.156070054195652, 22.242806753399815 ], [ 114.156072801719475, 22.242462278499474 ], [ 114.156852618352332, 22.242462376162777 ], [ 114.157098089516822, 22.242075450546906 ], [ 114.157099608470361, 22.241272776789817 ], [ 114.156969360297666, 22.241206969624773 ], [ 114.157143896037255, 22.240893791576301 ], [ 114.157440677109605, 22.240891975566409 ] ] ] ] } },
{ "type": "Feature", "properties": { "2024": 27, "2023": 15, "2022": 15, "2021": 82, "2020": 10, "2019": 25, "2018": 29, "2017": 37, "2016": 14, "2015": 33, "2014": 33, "2013": 37, "2012": 14, "2011": 15, "2010": 21, "2009": 19, "2008": 16, "2007": 23, "2006": 10, "2005": 15, "2004": 5, "2003": 26, "2002": 17, "2001": 11, "2000": 17, "1999": 447, "1998": 0, "CACODE": "D08", "ENAME": "Wah Kwai", "CNAME": "華貴", "18_districts": "南區 ", "hk_islands": "104", "kowloon": "26", "new_towns": 143, "others": "2", "index_right": 154166, "location": "HONG KONG ISLAND & ISLANDS (1)", "estate_name": "WAH KWAI ESTATE", "transaction_price": 291000, "saleable_floor_area": 51, "floor_level": "H", "transaction_price_per_sq": 5706, "discount_rate": 70, "assignment_date": 2, "month": 5, "year": 1998, "credit_level": "F" }, "geometry": { "type": "MultiPolygon", "coordinates": [ [ [ [ 114.141314192920134, 22.250529932420665 ], [ 114.141411417733508, 22.250262862550244 ], [ 114.141517502373972, 22.250061140465174 ], [ 114.141654532623704, 22.249862676045687 ], [ 114.141949647672988, 22.249605374560485 ], [ 114.142095310038755, 22.249528365098335 ], [ 114.141692473521516, 22.249164080607525 ], [ 114.141512414494613, 22.249034153449074 ], [ 114.141497854351897, 22.248990586327942 ], [ 114.141719863893115, 22.24891404530447 ], [ 114.141647636020579, 22.248732468042732 ], [ 114.141522900103212, 22.248768355980729 ], [ 114.141433274100976, 22.248797424283545 ], [ 114.141390320871153, 22.248668935563714 ], [ 114.141374393744314, 22.2486222164273 ], [ 114.141265977103458, 22.24830423182711 ], [ 114.142151880079894, 22.248019957038704 ], [ 114.144211623904056, 22.248148953021062 ], [ 114.144773719324874, 22.246754512168952 ], [ 114.145526773246019, 22.244886302569114 ], [ 114.145224480506869, 22.244866665585565 ], [ 114.145166987000295, 22.24485206082759 ], [ 114.144815778839202, 22.244593841150586 ], [ 114.14413021216437, 22.243762160019603 ], [ 114.139607174108974, 22.238785435434618 ], [ 114.132613427923005, 22.244124292765765 ], [ 114.135015151677351, 22.246752295217579 ], [ 114.137411872888578, 22.249374678618796 ], [ 114.137408120561332, 22.249956812761816 ], [ 114.137447080569601, 22.249956488070303 ], [ 114.137447321099216, 22.250033041115547 ], [ 114.137518954607003, 22.250033058453919 ], [ 114.137519533076613, 22.250115490545998 ], [ 114.137525445911152, 22.25013301147467 ], [ 114.137528351227914, 22.250151073516165 ], [ 114.137528249101337, 22.250169405750601 ], [ 114.137525236668139, 22.250187556667946 ], [ 114.137519314078418, 22.250204984427928 ], [ 114.137518708644905, 22.250288698587028 ], [ 114.137420804176074, 22.250288638758988 ], [ 114.13742069618803, 22.250570603317492 ], [ 114.137894698574328, 22.251093719692488 ], [ 114.138178490699843, 22.251406916813412 ], [ 114.138188131809045, 22.251414053333413 ], [ 114.138200101485253, 22.251420242186089 ], [ 114.138213032140868, 22.251424417427156 ], [ 114.138225177607779, 22.251426352875033 ], [ 114.138864734335485, 22.251425952634193 ], [ 114.139185807818635, 22.251425756385313 ], [ 114.139189339703918, 22.251786469176988 ], [ 114.139504809261524, 22.25184966628942 ], [ 114.1396305210218, 22.251914625608109 ], [ 114.139851285904044, 22.252055283475439 ], [ 114.140376932973098, 22.252578232691484 ], [ 114.140574043284687, 22.252396895825775 ], [ 114.140706796883052, 22.252243945876483 ], [ 114.140756485418805, 22.252174781998036 ], [ 114.140903043916566, 22.251906423012549 ], [ 114.140957305211941, 22.251784791899368 ], [ 114.141314192920134, 22.250529932420665 ] ] ] ] } },
{ "type": "Feature", "properties": { "2024": 27, "2023": 25, "2022": 18, "2021": 63, "2020": 16, "2019": 34, "2018": 29, "2017": 54, "2016": 22, "2015": 60, "2014": 23, "2013": 47, "2012": 12, "2011": 27, "2010": 10, "2009": 11, "2008": 6, "2007": 27, "2006": 570, "2005": 455, "2004": 0, "2003": 0, "2002": 0, "2001": 0, "2000": 0, "1999": 0, "1998": 0, "CACODE": "F08", "ENAME": "Nam Cheong West", "CNAME": "南昌西", "18_districts": "深水埗區 ", "hk_islands": "164", "kowloon": "1146", "new_towns": 799, "others": "110", "index_right": 18767, "location": "KOWLOON WEST & SAI KUNG (1)", "estate_name": "NAM CHEONG ESTATE", "transaction_price": 912500, "saleable_floor_area": 40, "floor_level": "L", "transaction_price_per_sq": 22813, "discount_rate": 75, "assignment_date": 18, "month": 7, "year": 2017, "credit_level": "0" }, "geometry": { "type": "MultiPolygon", "coordinates": [ [ [ [ 114.156003196577274, 22.326150923303967 ], [ 114.156185838050305, 22.326352944205283 ], [ 114.156707092667091, 22.32692950291468 ], [ 114.156798066724349, 22.327031568830495 ], [ 114.15727086527842, 22.32756091820195 ], [ 114.157654584368714, 22.327994196209239 ], [ 114.157724856735683, 22.328073544154186 ], [ 114.157768092532635, 22.328122363733815 ], [ 114.157838919009862, 22.328242437700904 ], [ 114.157880391265607, 22.32831275155111 ], [ 114.157883487202852, 22.328316182631934 ], [ 114.156957726495961, 22.329035746081793 ], [ 114.15688523933612, 22.329090029044853 ], [ 114.156729964990561, 22.32920631474402 ], [ 114.156769279681171, 22.3292548138459 ], [ 114.156860886172453, 22.329357231969301 ], [ 114.156905248257473, 22.329406833390209 ], [ 114.157113151951393, 22.329637283164733 ], [ 114.157305996019034, 22.329486829909399 ], [ 114.158141287243552, 22.330407885223998 ], [ 114.159095368681321, 22.329661822509252 ], [ 114.160016974112153, 22.328973338769583 ], [ 114.160872436595241, 22.328310815188349 ], [ 114.161236280028874, 22.328032582172451 ], [ 114.161750274960482, 22.327641949646583 ], [ 114.161821109374472, 22.327587718527152 ], [ 114.161376334650015, 22.327076057949288 ], [ 114.161421463925393, 22.327041827295272 ], [ 114.161649445982803, 22.326869632349339 ], [ 114.16219820018074, 22.32645515500392 ], [ 114.162647685609485, 22.32694679296981 ], [ 114.163384210608754, 22.326375670260138 ], [ 114.163450984667534, 22.326323753930957 ], [ 114.161877295580837, 22.32626773202 ], [ 114.16058711211457, 22.326209690206174 ], [ 114.161891543578278, 22.325229233873909 ], [ 114.161923198166917, 22.324615472870626 ], [ 114.161855414119998, 22.32475093447874 ], [ 114.161763382548358, 22.324895117352423 ], [ 114.161651995374967, 22.324958194649625 ], [ 114.160947467803751, 22.324972738645318 ], [ 114.160411741127106, 22.32500591783548 ], [ 114.159099239350596, 22.324994690029534 ], [ 114.158730193596313, 22.324922657397728 ], [ 114.158367110600523, 22.324756462662918 ], [ 114.158079111949803, 22.32447989493296 ], [ 114.158572414285629, 22.324064998061647 ], [ 114.158572674792609, 22.324064783266351 ], [ 114.158924254262047, 22.323769084471099 ], [ 114.159004996635304, 22.323648471787767 ], [ 114.159049050671982, 22.323516476499798 ], [ 114.15905886224526, 22.323297973428829 ], [ 114.159055747628685, 22.322982859682337 ], [ 114.159012444088233, 22.322785879695203 ], [ 114.158914629563526, 22.32252185960337 ], [ 114.158670782196637, 22.322138267159442 ], [ 114.158606274211564, 22.322070142172876 ], [ 114.158509821994784, 22.322012434855772 ], [ 114.15839270210661, 22.321980362980344 ], [ 114.158188212738054, 22.3219823624489 ], [ 114.15795339498743, 22.321959578189059 ], [ 114.157674564534602, 22.32183209675031 ], [ 114.157349170120739, 22.322294081077931 ], [ 114.156889223313172, 22.322913090194152 ], [ 114.156738191925172, 22.323135612375495 ], [ 114.15647941867563, 22.323439513624294 ], [ 114.155609457237276, 22.324403390359311 ], [ 114.154973077510519, 22.325056334717132 ], [ 114.155588294702042, 22.32574766019383 ], [ 114.155654136421873, 22.325811654027433 ], [ 114.15598538028479, 22.326133606803527 ], [ 114.156003196577274, 22.326150923303967 ] ] ] ] } },
{ "type": "Feature", "properties": { "2024": 48, "2023": 35, "2022": 27, "2021": 134, "2020": 44, "2019": 47, "2018": 70, "2017": 64, "2016": 35, "2015": 67, "2014": 76, "2013": 58, "2012": 38, "2011": 42, "2010": 43, "2009": 29, "2008": 28, "2007": 37, "2006": 19, "2005": 20, "2004": 26, "2003": 616, "2002": 2547, "2001": 0, "2000": 0, "1999": 0, "1998": 0, "CACODE": "F21", "ENAME": "Lei Cheng Uk", "CNAME": "李鄭屋", "18_districts": "深水埗區 ", "hk_islands": "84", "kowloon": "175", "new_towns": 206, "others": "78", "index_right": 20555, "location": "KOWLOON WEST & SAI KUNG (1)", "estate_name": "LEI CHENG UK ESTATE", "transaction_price": 441400, "saleable_floor_area": 26, "floor_level": "M", "transaction_price_per_sq": 16977, "discount_rate": 76, "assignment_date": 7, "month": 12, "year": 2016, "credit_level": "0" }, "geometry": { "type": "MultiPolygon", "coordinates": [ [ [ [ 114.162659910437384, 22.337953372974592 ], [ 114.162374060274189, 22.337677743642033 ], [ 114.161885885588106, 22.337931584901742 ], [ 114.160996445265596, 22.336933333002712 ], [ 114.160655196342134, 22.336550420360428 ], [ 114.160576199865034, 22.336611466417089 ], [ 114.160117022647214, 22.336966315368496 ], [ 114.159707774272391, 22.3372825677836 ], [ 114.15698581884125, 22.339385820891195 ], [ 114.157844951145563, 22.340347376713961 ], [ 114.157950118271557, 22.340465080365178 ], [ 114.158621936276504, 22.341213082784986 ], [ 114.158581918582655, 22.34159760912274 ], [ 114.158582729903344, 22.341598498423782 ], [ 114.158576626349969, 22.341660000917255 ], [ 114.158511314839757, 22.342318109317635 ], [ 114.158391169901563, 22.342424204867655 ], [ 114.158394277570409, 22.342857618314227 ], [ 114.158539158825974, 22.342825522940711 ], [ 114.158687806013205, 22.342782643554834 ], [ 114.158832825575189, 22.342730725836699 ], [ 114.159042772674653, 22.342637065910317 ], [ 114.159248197990209, 22.342518992182995 ], [ 114.159333743619456, 22.342435362827104 ], [ 114.159448930213969, 22.342305714322826 ], [ 114.159669164407177, 22.341997253570678 ], [ 114.159848529002204, 22.341769006775316 ], [ 114.160050657939038, 22.341533764345691 ], [ 114.160075872892406, 22.341500774478011 ], [ 114.1600894940063, 22.341482953348489 ], [ 114.160094961141809, 22.341476437671741 ], [ 114.160113164246468, 22.34145474339013 ], [ 114.160138038450924, 22.341426516394247 ], [ 114.160150447093599, 22.341413332219666 ], [ 114.160163533304086, 22.341399427310073 ], [ 114.160175693758831, 22.341387065930842 ], [ 114.160189621450016, 22.341372908111644 ], [ 114.160216930721688, 22.341346948026448 ], [ 114.160219592021619, 22.341344526245027 ], [ 114.160244833044203, 22.341321549472955 ], [ 114.160244878490602, 22.341321512441297 ], [ 114.160273356501634, 22.34129728476605 ], [ 114.160295847049781, 22.341279782849291 ], [ 114.160303083543582, 22.341274151481514 ], [ 114.16033343185542, 22.341251010127202 ], [ 114.160345456371559, 22.341242283836323 ], [ 114.160363760609656, 22.341228998037924 ], [ 114.160377314188366, 22.341220033915025 ], [ 114.160395312363434, 22.341208121209554 ], [ 114.160427475613247, 22.341187804783814 ], [ 114.160436149458548, 22.341182725519008 ], [ 114.160460240585252, 22.341168618136727 ], [ 114.160473123915793, 22.341161433452619 ], [ 114.160493233978116, 22.341150218612647 ], [ 114.160493612199915, 22.341149993471387 ], [ 114.160493984443931, 22.341149815337879 ], [ 114.160527595244517, 22.341132503551702 ], [ 114.160545769430342, 22.341123607817003 ], [ 114.160562184932658, 22.341115572903885 ], [ 114.160596754095664, 22.341099774680032 ], [ 114.160597186777352, 22.34109959737205 ], [ 114.160632557910802, 22.341085102684318 ], [ 114.160647945165721, 22.341079041712256 ], [ 114.160668359711266, 22.341071000509412 ], [ 114.160694021306099, 22.341061850122387 ], [ 114.160700728642723, 22.341059457713179 ], [ 114.1607047651801, 22.341058019080421 ], [ 114.16074116954097, 22.341046174591924 ], [ 114.160759854693524, 22.341039357752088 ], [ 114.160795866406531, 22.341026219714969 ], [ 114.160803037803831, 22.341023603395946 ], [ 114.160829308278224, 22.341013075685659 ], [ 114.16083824838789, 22.341009492997397 ], [ 114.160874041540723, 22.3409942568716 ], [ 114.160878219008907, 22.340992351168357 ], [ 114.160905543298966, 22.340979871476812 ], [ 114.160908631024128, 22.340978460956961 ], [ 114.160943210857198, 22.340962091927896 ], [ 114.160967454488215, 22.34095001229565 ], [ 114.160977188883166, 22.340945162034124 ], [ 114.161006231716868, 22.340929727106364 ], [ 114.161011167028178, 22.340927104214998 ], [ 114.161038618487495, 22.340911792601972 ], [ 114.161044544335809, 22.340908487337796 ], [ 114.161109461558738, 22.340868976777642 ], [ 114.16117256473639, 22.340826654799397 ], [ 114.161233241328077, 22.340781508703337 ], [ 114.161573578379432, 22.340569711017707 ], [ 114.162373086214856, 22.34003148181489 ], [ 114.16248620823356, 22.339952275815808 ], [ 114.162522584629144, 22.339924808034169 ], [ 114.162538786789597, 22.339910097760313 ], [ 114.162552496849713, 22.339897457072151 ], [ 114.162588138322818, 22.339863367072521 ], [ 114.162596057153436, 22.339855792945293 ], [ 114.16275900964483, 22.339644018796204 ], [ 114.16277005379203, 22.339629665719272 ], [ 114.162789600011237, 22.339604263260924 ], [ 114.162902748121979, 22.339439667133476 ], [ 114.162911327110152, 22.339427187292745 ], [ 114.162955055904817, 22.33936357504167 ], [ 114.162978902298619, 22.3393288742033 ], [ 114.16304124108423, 22.339239829951985 ], [ 114.163041926910893, 22.339238004889598 ], [ 114.163042177679031, 22.339237915811008 ], [ 114.163065680846884, 22.339174792945908 ], [ 114.163077572327694, 22.3391407166216 ], [ 114.163104091467019, 22.339055593183179 ], [ 114.163113943789256, 22.339020602273589 ], [ 114.163122540121478, 22.3389839264917 ], [ 114.163125611844904, 22.338970821146638 ], [ 114.163128665265617, 22.338951178550634 ], [ 114.163132441817638, 22.3389309750116 ], [ 114.16313369820044, 22.338921350320753 ], [ 114.163135766879847, 22.338905493982761 ], [ 114.163139781593202, 22.338879667384017 ], [ 114.163140287026593, 22.338870835434086 ], [ 114.163142253371419, 22.338855758339097 ], [ 114.1631424208922, 22.338833548225164 ], [ 114.163142877888305, 22.338772959076675 ], [ 114.163142235070111, 22.338740421857569 ], [ 114.163138832047196, 22.338711413375862 ], [ 114.16312712986452, 22.338622148853254 ], [ 114.163123662797915, 22.338604666631408 ], [ 114.163086040863107, 22.33847583694218 ], [ 114.163055056792558, 22.338405690924183 ], [ 114.163044325053136, 22.338381391200343 ], [ 114.162995884324062, 22.338297114665391 ], [ 114.162994259355216, 22.338295048994567 ], [ 114.162902072106277, 22.338177768658099 ], [ 114.162891269237718, 22.338163753429104 ], [ 114.162885228747697, 22.338155649736919 ], [ 114.162807667064854, 22.338088667994803 ], [ 114.162659910437384, 22.337953372974592 ] ] ] ] } },
{ "type": "Feature", "properties": { "2024": 21, "2023": 13, "2022": 12, "2021": 37, "2020": 22, "2019": 23, "2018": 40, "2017": 29, "2016": 28, "2015": 46, "2014": 42, "2013": 25, "2012": 24, "2011": 17, "2010": 21, "2009": 8, "2008": 6, "2007": 10, "2006": 8, "2005": 9, "2004": 8, "2003": 16, "2002": 10, "2001": 10, "2000": 20, "1999": 451, "1998": 1399, "CACODE": "P11", "ENAME": "Wan Tau Tong", "CNAME": "運頭塘", "18_districts": "大埔區 ", "hk_islands": "57", "kowloon": "67", "new_towns": 208, "others": "--", "index_right": 147266, "location": "TAI PO, NORTH & SHATIN (2)", "estate_name": "WAN TAU TONG ESTATE", "transaction_price": 170300, "saleable_floor_area": 35, "floor_level": "H", "transaction_price_per_sq": 4866, "discount_rate": 70, "assignment_date": 18, "month": 6, "year": 1998, "credit_level": "F" }, "geometry": { "type": "MultiPolygon", "coordinates": [ [ [ [ 114.171214989634137, 22.443325992889378 ], [ 114.170772780133433, 22.442933152007978 ], [ 114.170418290671066, 22.442638320963482 ], [ 114.16993892535217, 22.442292091506904 ], [ 114.16952342125937, 22.442023940859507 ], [ 114.169285092923062, 22.441900944076149 ], [ 114.169036145995719, 22.441797723130033 ], [ 114.168778455239178, 22.441715072746717 ], [ 114.168344050290784, 22.441614848508678 ], [ 114.168070545099383, 22.441533297876941 ], [ 114.16794868147322, 22.441469463931529 ], [ 114.167845644529848, 22.441405676095734 ], [ 114.167677738875298, 22.441278544888132 ], [ 114.167548010939626, 22.441155100132676 ], [ 114.167488534005088, 22.441088822160665 ], [ 114.167305084424243, 22.440842749481352 ], [ 114.167139961960359, 22.440662302037691 ], [ 114.16695854792907, 22.440495913850917 ], [ 114.166802602197251, 22.440373794356205 ], [ 114.166474831013275, 22.440227814326629 ], [ 114.16624860916734, 22.440148810213717 ], [ 114.166075367321099, 22.440099302806335 ], [ 114.16572169334809, 22.440025897323327 ], [ 114.165507211985258, 22.440007225482599 ], [ 114.165242538378266, 22.43996843892505 ], [ 114.164934794050367, 22.439900597773136 ], [ 114.165133123452932, 22.441502037821465 ], [ 114.165150820908949, 22.44164492804731 ], [ 114.165218142034803, 22.441878442495518 ], [ 114.165297999716842, 22.44205577932728 ], [ 114.165439222137351, 22.442256509345672 ], [ 114.165621559007221, 22.442429301862166 ], [ 114.165734308881426, 22.442509644606027 ], [ 114.165919827948144, 22.442620451940826 ], [ 114.166377130629442, 22.442860782686679 ], [ 114.16654594402425, 22.44293953009208 ], [ 114.166720769651434, 22.443035688417982 ], [ 114.166984973205786, 22.443215835280764 ], [ 114.167111350862669, 22.443341709448706 ], [ 114.167228410539906, 22.443495559315217 ], [ 114.167442341725732, 22.443832967811478 ], [ 114.1675042841796, 22.443946150108808 ], [ 114.16822938827552, 22.443542321319573 ], [ 114.168457375815223, 22.443447504494635 ], [ 114.168677531478636, 22.443380428513208 ], [ 114.168922925218297, 22.443316143881457 ], [ 114.170073083953454, 22.443064363832594 ], [ 114.17023192580865, 22.443080291106607 ], [ 114.170274747715808, 22.44307678000564 ], [ 114.170493819068611, 22.443109479017931 ], [ 114.170717076983721, 22.4431538903941 ], [ 114.170989373063108, 22.443223922651256 ], [ 114.171183990565424, 22.443323056908145 ], [ 114.171214989634137, 22.443325992889378 ] ] ] ] } },
{ "type": "Feature", "properties": { "2024": 50, "2023": 45, "2022": 62, "2021": 209, "2020": 46, "2019": 54, "2018": 98, "2017": 115, "2016": 71, "2015": 128, "2014": 118, "2013": 136, "2012": 81, "2011": 78, "2010": 49, "2009": 21, "2008": 22, "2007": 25, "2006": 22, "2005": 13, "2004": 12, "2003": 30, "2002": 37, "2001": 958, "2000": 3512, "1999": 0, "1998": 0, "CACODE": "P15", "ENAME": "Tai Wo", "CNAME": "太和", "18_districts": "大埔區 ", "hk_islands": "5", "kowloon": "83", "new_towns": 118, "others": "14", "index_right": 117719, "location": "TAI PO, NORTH & SHATIN (2)", "estate_name": "TAI WO ESTATE", "transaction_price": 145700, "saleable_floor_area": 32, "floor_level": "M", "transaction_price_per_sq": 4553, "discount_rate": 55, "assignment_date": 5, "month": 5, "year": 2000, "credit_level": "F" }, "geometry": { "type": "MultiPolygon", "coordinates": [ [ [ [ 114.165115680718998, 22.45150562915769 ], [ 114.165054198785612, 22.451329440650106 ], [ 114.164899363798909, 22.451047769605832 ], [ 114.164779884191319, 22.450860469231888 ], [ 114.164724222490577, 22.450793910660817 ], [ 114.164611827961039, 22.450690774466615 ], [ 114.164491757737807, 22.45059838383942 ], [ 114.164336325165323, 22.45050219759808 ], [ 114.164151978656264, 22.450429406827912 ], [ 114.164342346563032, 22.450198657594804 ], [ 114.16386920744678, 22.450060887861483 ], [ 114.163232864036743, 22.449848954045951 ], [ 114.162877356475235, 22.449615197597062 ], [ 114.162593780856369, 22.44946710053809 ], [ 114.162317595015082, 22.449823236848403 ], [ 114.161044647940628, 22.451260529879423 ], [ 114.160544993597725, 22.45172487095704 ], [ 114.160045328875526, 22.452167094894914 ], [ 114.159605160907617, 22.452498763873852 ], [ 114.159090040124283, 22.452812534098626 ], [ 114.159259051428549, 22.453002589295338 ], [ 114.159408009002561, 22.453130160494858 ], [ 114.1596015122919, 22.453249834679678 ], [ 114.159786733470781, 22.453331236729515 ], [ 114.159899406146167, 22.453372129420931 ], [ 114.160038806309757, 22.453407109876622 ], [ 114.160240044756719, 22.453437870335883 ], [ 114.160457423378872, 22.453442967658528 ], [ 114.160706555480047, 22.453413923752969 ], [ 114.160974608845322, 22.453334437257134 ], [ 114.161198682480816, 22.453241075294798 ], [ 114.161415131047661, 22.453132306351637 ], [ 114.161678673517059, 22.452982570415845 ], [ 114.162013002622942, 22.452813705050602 ], [ 114.162305141809156, 22.452698918535749 ], [ 114.163061042600546, 22.452322812574593 ], [ 114.16356052303712, 22.452088965878691 ], [ 114.163887448758558, 22.451981710739023 ], [ 114.164302203822118, 22.451821453058429 ], [ 114.164520026442901, 22.451722586437018 ], [ 114.164915640616357, 22.451568917938534 ], [ 114.165115680718998, 22.45150562915769 ] ] ] ] } },
{ "type": "Feature", "properties": { "2024": 61, "2023": 63, "2022": 51, "2021": 233, "2020": 34, "2019": 131, "2018": 83, "2017": 220, "2016": 54, "2015": 148, "2014": 64, "2013": 170, "2012": 65, "2011": 80, "2010": 39, "2009": 32, "2008": 32, "2007": 242, "2006": 2487, "2005": 1, "2004": 0, "2003": 0, "2002": 0, "2001": 0, "2000": 0, "1999": 0, "1998": 0, "CACODE": "P07", "ENAME": "Fu Ming Sun", "CNAME": "富明新", "18_districts": "大埔區 ", "hk_islands": "17", "kowloon": "88", "new_towns": 272, "others": "76", "index_right": 42912, "location": "TAI PO, NORTH & SHATIN (3)", "estate_name": "FU SHIN ESTATE", "transaction_price": 195300, "saleable_floor_area": 46, "floor_level": "L", "transaction_price_per_sq": 4246, "discount_rate": 60, "assignment_date": 8, "month": 1, "year": 2007, "credit_level": "F" }, "geometry": { "type": "MultiPolygon", "coordinates": [ [ [ [ 114.177125970496149, 22.450954655558711 ], [ 114.177118324347362, 22.450772213426024 ], [ 114.177048928738571, 22.45027924134034 ], [ 114.176986625756484, 22.449949521652119 ], [ 114.176934076877046, 22.449533624339615 ], [ 114.176790460008419, 22.449567578851106 ], [ 114.176667565178192, 22.449600268995063 ], [ 114.176550596439853, 22.449635487581922 ], [ 114.176497843903689, 22.449653187160216 ], [ 114.176252053786257, 22.449745026125186 ], [ 114.176073685716673, 22.449815101665575 ], [ 114.17601937861464, 22.44983858056732 ], [ 114.175865589324729, 22.449908926913366 ], [ 114.175663224451711, 22.450011150251374 ], [ 114.175513320705292, 22.450092242522935 ], [ 114.175458236113627, 22.450124209850799 ], [ 114.175298675185473, 22.450221935925935 ], [ 114.175076140515557, 22.450361436022792 ], [ 114.175022318690537, 22.450392229256238 ], [ 114.17491263484176, 22.450451196814473 ], [ 114.174814026236064, 22.450499327898715 ], [ 114.174648868964283, 22.450570305067895 ], [ 114.174524709531028, 22.450618525930352 ], [ 114.174297181204878, 22.450686431479628 ], [ 114.174122794677928, 22.450728600832857 ], [ 114.174011070755668, 22.450751084730229 ], [ 114.173881568203228, 22.450772845789519 ], [ 114.17380443019546, 22.450782777850659 ], [ 114.173723697676706, 22.45078900732176 ], [ 114.173714011723632, 22.450789458656917 ], [ 114.173458519778535, 22.450576560685697 ], [ 114.172995099876019, 22.450619553309288 ], [ 114.172079473342635, 22.450619899152375 ], [ 114.17221014520959, 22.451082063232533 ], [ 114.172405075212581, 22.451807963172694 ], [ 114.172433759048474, 22.451967152679288 ], [ 114.172457487687993, 22.452142867760863 ], [ 114.172480804688163, 22.452435707715516 ], [ 114.17248351811368, 22.452654398107882 ], [ 114.17246734173024, 22.452981642974045 ], [ 114.172450888989715, 22.453135349744944 ], [ 114.172413177425767, 22.45334554136608 ], [ 114.172366837946186, 22.453575446195927 ], [ 114.172309393724746, 22.453805440999016 ], [ 114.172169555352554, 22.454277133260049 ], [ 114.172324969613939, 22.454335582718588 ], [ 114.172895237696309, 22.454429974837574 ], [ 114.173838811154582, 22.454428965670534 ], [ 114.173839165965688, 22.453290840646396 ], [ 114.175811937462996, 22.453290865264265 ], [ 114.175811940984346, 22.452812928919844 ], [ 114.1757638215783, 22.452796791199162 ], [ 114.17578375761525, 22.452745426153275 ], [ 114.175795726741896, 22.452749435749197 ], [ 114.175727089913579, 22.452594581198756 ], [ 114.175755060286448, 22.452559642592224 ], [ 114.176223346251049, 22.451869131948762 ], [ 114.176307538553573, 22.451686681092269 ], [ 114.176424219496909, 22.451020487246428 ], [ 114.177125970496149, 22.450954655558711 ] ] ] ] } },
{ "type": "Feature", "properties": { "2024": 48, "2023": 45, "2022": 53, "2021": 145, "2020": 30, "2019": 60, "2018": 98, "2017": 92, "2016": 53, "2015": 95, "2014": 107, "2013": 98, "2012": 82, "2011": 48, "2010": 28, "2009": 21, "2008": 12, "2007": 12, "2006": 13, "2005": 8, "2004": 14, "2003": 27, "2002": 32, "2001": 775, "2000": 2815, "1999": 0, "1998": 0, "CACODE": "P05", "ENAME": "Fu Heng", "CNAME": "富亨", "18_districts": "大埔區 ", "hk_islands": "7", "kowloon": "22", "new_towns": 195, "others": "26", "index_right": 101249, "location": "TAI PO, NORTH & SHATIN (3)", "estate_name": "FU HENG ESTATE", "transaction_price": 141400, "saleable_floor_area": 33, "floor_level": "M", "transaction_price_per_sq": 4285, "discount_rate": 55, "assignment_date": 10, "month": 1, "year": 2001, "credit_level": "F" }, "geometry": { "type": "MultiPolygon", "coordinates": [ [ [ [ 114.177030877215699, 22.456655413064361 ], [ 114.176940163612812, 22.45664535323419 ], [ 114.176673113834568, 22.456587657686633 ], [ 114.176464065766012, 22.456521175222132 ], [ 114.176326494687018, 22.456459704624738 ], [ 114.176100318873921, 22.456339038979916 ], [ 114.175996470586853, 22.45626879066095 ], [ 114.175906107428077, 22.456204818510521 ], [ 114.175570285181408, 22.45592609161217 ], [ 114.175413838454702, 22.455818212637681 ], [ 114.175234871283109, 22.455737930320993 ], [ 114.175028516380991, 22.455668935553625 ], [ 114.174777654623355, 22.455647611667494 ], [ 114.174518913137703, 22.455662029771265 ], [ 114.172265002937721, 22.455926672923603 ], [ 114.172093971937059, 22.455935075326469 ], [ 114.171901479454917, 22.455944542484961 ], [ 114.171269437879005, 22.456023231242533 ], [ 114.170934825238859, 22.456087615430118 ], [ 114.170575424771272, 22.456227122212042 ], [ 114.169675875919822, 22.456672782246997 ], [ 114.169747939721219, 22.456786090381403 ], [ 114.169954188455165, 22.457214819516494 ], [ 114.170009186149599, 22.457452999734475 ], [ 114.170018211959714, 22.457650288154817 ], [ 114.170732267217502, 22.457650316761807 ], [ 114.1707567393441, 22.458572659748068 ], [ 114.170772671005594, 22.458617984124135 ], [ 114.170886986167631, 22.459276740859583 ], [ 114.17089271722466, 22.459304726400763 ], [ 114.171141608491027, 22.460379294314059 ], [ 114.170559100601309, 22.460804073492767 ], [ 114.17058172729665, 22.460834597249388 ], [ 114.17070827891456, 22.460976434151998 ], [ 114.170932882323513, 22.461127729439951 ], [ 114.171128370124379, 22.461224985251693 ], [ 114.17138624447874, 22.461297038997969 ], [ 114.171652446769201, 22.46133666430195 ], [ 114.171906165521975, 22.461343878548661 ], [ 114.172247231222968, 22.461300659918351 ], [ 114.172476001967681, 22.461235836763983 ], [ 114.172692288217746, 22.461152997242927 ], [ 114.172883624944561, 22.4610377375528 ], [ 114.173008408658433, 22.460904469375873 ], [ 114.173034603634136, 22.460860609163056 ], [ 114.173400911454564, 22.461128631724598 ], [ 114.174094375399605, 22.461718612460412 ], [ 114.174259522460574, 22.461878255234787 ], [ 114.174378431522044, 22.462068600619741 ], [ 114.174530363785792, 22.462344898073738 ], [ 114.174702128054165, 22.462541384653246 ], [ 114.174887087457705, 22.462707167726371 ], [ 114.175091878670372, 22.46278084939464 ], [ 114.175250422697246, 22.462817695209292 ], [ 114.175541094528953, 22.462768572245469 ], [ 114.175844980201049, 22.462664191607541 ], [ 114.176234336337757, 22.462543194738547 ], [ 114.176524997312413, 22.462592321135524 ], [ 114.176749609738806, 22.462592321417837 ], [ 114.1768817266463, 22.462432681403186 ], [ 114.176657124466885, 22.462223915697649 ], [ 114.176314349138281, 22.461932439570255 ], [ 114.176268519563706, 22.461893464052931 ], [ 114.176263137015965, 22.461883828558612 ], [ 114.17616767848169, 22.461924410968159 ], [ 114.176036156145102, 22.461695877121446 ], [ 114.176181486790526, 22.461487112153954 ], [ 114.176313613573157, 22.461180113917248 ], [ 114.176329858423557, 22.46117679979913 ], [ 114.176352525440066, 22.461169142058839 ], [ 114.176373531052988, 22.461160707692997 ], [ 114.176392486633489, 22.461150367896575 ], [ 114.176406594021671, 22.461140190632822 ], [ 114.176420992887898, 22.461128071824682 ], [ 114.17644056059126, 22.461105540934444 ], [ 114.176448673321687, 22.461094343212633 ], [ 114.176494172586104, 22.461036656885799 ], [ 114.1765249231848, 22.460999397365992 ], [ 114.17654124577399, 22.460978130717997 ], [ 114.176556587070877, 22.460952854552538 ], [ 114.176561930784104, 22.460940248071761 ], [ 114.176565622814252, 22.460926115444142 ], [ 114.176569178826881, 22.460909743267788 ], [ 114.176596927402471, 22.460755223502105 ], [ 114.176631136764826, 22.460694268098532 ], [ 114.17670997072247, 22.460553826819293 ], [ 114.176855153430452, 22.460335859199269 ], [ 114.176956294177614, 22.460040301957367 ], [ 114.177026626026361, 22.459785282317512 ], [ 114.177147897110572, 22.459571640019274 ], [ 114.177358202033489, 22.459269201057715 ], [ 114.176540162907145, 22.458510924654163 ], [ 114.176298070520048, 22.458101727697379 ], [ 114.176067764114649, 22.457769298189103 ], [ 114.176048013829757, 22.457508950488148 ], [ 114.176302319883973, 22.457155283342619 ], [ 114.176516168716333, 22.457042827827582 ], [ 114.177030877215699, 22.456655413064361 ] ] ] ] } },
{ "type": "Feature", "properties": { "2024": 43, "2023": 34, "2022": 41, "2021": 184, "2020": 58, "2019": 86, "2018": 86, "2017": 122, "2016": 53, "2015": 155, "2014": 84, "2013": 158, "2012": 57, "2011": 69, "2010": 44, "2009": 17, "2008": 31, "2007": 35, "2006": 11, "2005": 6, "2004": 15, "2003": 27, "2002": 21, "2001": 15, "2000": 1685, "1999": 1545, "1998": 0, "CACODE": "N05", "ENAME": "Wah Ming", "CNAME": "華明", "18_districts": "北區 ", "hk_islands": "11", "kowloon": "75", "new_towns": 89, "others": "40", "index_right": 132495, "location": "TAI PO, NORTH & SHATIN (2)", "estate_name": "WAH MING ESTATE", "transaction_price": 144000, "saleable_floor_area": 41, "floor_level": "L", "transaction_price_per_sq": 3512, "discount_rate": 55, "assignment_date": 28, "month": 6, "year": 1999, "credit_level": "F" }, "geometry": { "type": "MultiPolygon", "coordinates": [ [ [ [ 114.143459779098336, 22.483324397645706 ], [ 114.143336935062464, 22.483232108454523 ], [ 114.142763221758457, 22.48295832159544 ], [ 114.142020814504846, 22.482621581464215 ], [ 114.141558279303865, 22.482395964431706 ], [ 114.141204568116834, 22.482251156224059 ], [ 114.141066574547679, 22.482207373316843 ], [ 114.140909149287879, 22.482190505619666 ], [ 114.14073519061742, 22.48219046675468 ], [ 114.140519434432107, 22.482203882634828 ], [ 114.140299795269442, 22.482239178033979 ], [ 114.14008985067909, 22.482323275688845 ], [ 114.139899344776921, 22.482427569524791 ], [ 114.13975353726984, 22.482535241766325 ], [ 114.13964077764787, 22.482644610190263 ], [ 114.139463839517873, 22.482881861379365 ], [ 114.139397717602378, 22.48300974374601 ], [ 114.139343264730641, 22.483142685827978 ], [ 114.139284874241085, 22.483427085016753 ], [ 114.139274141095342, 22.483590325243242 ], [ 114.139279946547148, 22.483682888300237 ], [ 114.139466294348352, 22.4845967639124 ], [ 114.139495397018479, 22.484781894041895 ], [ 114.13950313983942, 22.484898017862815 ], [ 114.139491445922772, 22.485020864833967 ], [ 114.139452499881074, 22.485159662215764 ], [ 114.139399360403118, 22.485283962484253 ], [ 114.139251142596208, 22.485560384906019 ], [ 114.139772536694679, 22.485739009720088 ], [ 114.140267621124536, 22.485939092157317 ], [ 114.140396690899223, 22.485710895893053 ], [ 114.140555916682729, 22.48547114738674 ], [ 114.14072957849244, 22.485245326839856 ], [ 114.140796962230311, 22.485159968438364 ], [ 114.141148892576354, 22.484811202052096 ], [ 114.141227940478288, 22.484749415415216 ], [ 114.141625734291893, 22.484480197939757 ], [ 114.142237703693667, 22.484111682049001 ], [ 114.143255738987165, 22.483465121309855 ], [ 114.143459779098336, 22.483324397645706 ] ] ] ] } },
{ "type": "Feature", "properties": { "2024": 62, "2023": 46, "2022": 63, "2021": 154, "2020": 57, "2019": 57, "2018": 157, "2017": 87, "2016": 80, "2015": 100, "2014": 202, "2013": 85, "2012": 144, "2011": 47, "2010": 80, "2009": 23, "2008": 52, "2007": 41, "2006": 45, "2005": 1385, "2004": 1221, "2003": 0, "2002": 0, "2001": 0, "2000": 0, "1999": 0, "1998": 0, "CACODE": "N03", "ENAME": "Cheung Wah", "CNAME": "祥華", "18_districts": "北區 ", "hk_islands": "41", "kowloon": "308", "new_towns": 243, "others": "44", "index_right": 61705, "location": "TAI PO, NORTH & SHATIN (2)", "estate_name": "CHEUNG WAH ESTATE", "transaction_price": 154900, "saleable_floor_area": 35, "floor_level": "H", "transaction_price_per_sq": 4426, "discount_rate": 60, "assignment_date": 1, "month": 2, "year": 2005, "credit_level": "H" }, "geometry": { "type": "MultiPolygon", "coordinates": [ [ [ [ 114.140264998608487, 22.490261242191508 ], [ 114.140183448111699, 22.490328906533016 ], [ 114.139906549771823, 22.490578010184954 ], [ 114.13922523886815, 22.491158227524789 ], [ 114.138643810368336, 22.491606468266518 ], [ 114.138347175217319, 22.491835164838967 ], [ 114.137999086207046, 22.492120089800114 ], [ 114.137965191116294, 22.492150631472544 ], [ 114.138656672555669, 22.49289735803664 ], [ 114.138946580090447, 22.49318485505697 ], [ 114.139007959150959, 22.493256724366613 ], [ 114.139047931638132, 22.493320361939773 ], [ 114.139138039341034, 22.493420900420823 ], [ 114.139223678749218, 22.493370666262074 ], [ 114.139285681472714, 22.493365027693198 ], [ 114.139317048709543, 22.493374851044042 ], [ 114.139347159370018, 22.49339562797077 ], [ 114.139378819232888, 22.493437563477414 ], [ 114.139395834250394, 22.493478538353145 ], [ 114.139402644639958, 22.493521994216273 ], [ 114.139398920558705, 22.493565772726011 ], [ 114.139383430120432, 22.493601258594598 ], [ 114.139357446335595, 22.493628641753222 ], [ 114.139716465816633, 22.493975483146247 ], [ 114.139959992488414, 22.494229013320915 ], [ 114.140147801845174, 22.494424528196014 ], [ 114.140555565466627, 22.494757670638176 ], [ 114.140597468372718, 22.494727166353698 ], [ 114.140646686719791, 22.494705531552203 ], [ 114.140691538562649, 22.494695599151868 ], [ 114.140750148970938, 22.494694637006205 ], [ 114.140799495079975, 22.494704879491298 ], [ 114.140845155445362, 22.494725063606122 ], [ 114.140882048393678, 22.494751657334305 ], [ 114.140915226265165, 22.494788924156026 ], [ 114.141305014528243, 22.494549849523526 ], [ 114.142080045946827, 22.494121553255283 ], [ 114.142303259929193, 22.494009217937109 ], [ 114.142537286015838, 22.493912191135973 ], [ 114.142812799305759, 22.493811027805979 ], [ 114.142995247414134, 22.493728122012069 ], [ 114.14322763803851, 22.493598611514138 ], [ 114.143444442756405, 22.493459516195468 ], [ 114.143651581957059, 22.493302059789364 ], [ 114.143805228227635, 22.493162978050719 ], [ 114.144055990484006, 22.492883213284959 ], [ 114.144424748978665, 22.492431217003983 ], [ 114.144553863483509, 22.492258202382299 ], [ 114.14471785062058, 22.492064018317201 ], [ 114.144555799964365, 22.491869985824923 ], [ 114.144403575906637, 22.491712022567437 ], [ 114.144254320429695, 22.49157734013923 ], [ 114.144110926768406, 22.491477091683464 ], [ 114.143991264807013, 22.491416581706172 ], [ 114.143868713759062, 22.491368605246446 ], [ 114.143574543950635, 22.491282006453005 ], [ 114.142392087801696, 22.490968565638155 ], [ 114.142319692982738, 22.490954634297921 ], [ 114.142149944269732, 22.4909411606106 ], [ 114.142037621858861, 22.490953435802027 ], [ 114.141879393540506, 22.490998743204962 ], [ 114.141675411542366, 22.49112781551522 ], [ 114.141341284810736, 22.491417563979816 ], [ 114.141035203544718, 22.491666121282279 ], [ 114.140632460676542, 22.492011389961728 ], [ 114.140047583484545, 22.491392792405478 ], [ 114.140444919157218, 22.490987363401505 ], [ 114.140601629751217, 22.490763851108657 ], [ 114.140598671544609, 22.490741789170563 ], [ 114.140600226745207, 22.490740480111945 ], [ 114.14059818659635, 22.490738158839768 ], [ 114.140579292834047, 22.490597478980984 ], [ 114.140264998608487, 22.490261242191508 ] ] ] ] } },
{ "type": "Feature", "properties": { "2024": 6, "2023": 1, "2022": 5, "2021": 63, "2020": 14, "2019": 19, "2018": 19, "2017": 23, "2016": 25, "2015": 41, "2014": 32, "2013": 17, "2012": 19, "2011": 20, "2010": 20, "2009": 12, "2008": 12, "2007": 8, "2006": 7, "2005": 7, "2004": 21, "2003": 193, "2002": 792, "2001": 0, "2000": 0, "1999": 0, "1998": 0, "CACODE": "N10", "ENAME": "Yu Tai", "CNAME": "御太", "18_districts": "北區 ", "hk_islands": "121", "kowloon": "356", "new_towns": 819, "others": "427", "index_right": 12146, "location": "TAI PO, NORTH & SHATIN (2)", "estate_name": "TAI PING ESTATE", "transaction_price": 573000, "saleable_floor_area": 41, "floor_level": "L", "transaction_price_per_sq": 13976, "discount_rate": 76, "assignment_date": 21, "month": 8, "year": 2019, "credit_level": "0" }, "geometry": { "type": "MultiPolygon", "coordinates": [ [ [ [ 114.112004437705139, 22.47816689786735 ], [ 114.112109217026955, 22.478310036522156 ], [ 114.112167699275403, 22.478310489656668 ], [ 114.112169191824961, 22.478310452685633 ], [ 114.112174938440816, 22.478310492560087 ], [ 114.112178201848565, 22.478310229503602 ], [ 114.112190121516264, 22.478309934247669 ], [ 114.112213591240717, 22.478307376834167 ], [ 114.112217450264609, 22.478307065765314 ], [ 114.112229129302222, 22.478305746016691 ], [ 114.112241989221076, 22.478304282401165 ], [ 114.112276836682696, 22.478277120864675 ], [ 114.112341761580765, 22.47824400523147 ], [ 114.112469681159865, 22.478149056400579 ], [ 114.11253976587922, 22.478094450362413 ], [ 114.11256466328571, 22.478046960313517 ], [ 114.112589260749814, 22.478017711576616 ], [ 114.112620630492472, 22.477985005349577 ], [ 114.112638033414953, 22.477971924140071 ], [ 114.112698263490174, 22.477895206751324 ], [ 114.112699703333064, 22.477892503708471 ], [ 114.112764636843053, 22.477840062820576 ], [ 114.112869070258213, 22.477857448902643 ], [ 114.112978127036371, 22.477904557424559 ], [ 114.113056007013896, 22.477976996392051 ], [ 114.113122183524197, 22.478085634766931 ], [ 114.113192209471663, 22.478295646026819 ], [ 114.113188199622456, 22.478545452516144 ], [ 114.113176439772033, 22.47870474577039 ], [ 114.113191999323732, 22.478755437607084 ], [ 114.113273793749045, 22.478788053534661 ], [ 114.113461567391852, 22.478822859336926 ], [ 114.113583857984707, 22.478851665077382 ], [ 114.113626589555594, 22.478897729958664 ], [ 114.11364394095726, 22.478949488012034 ], [ 114.113593377101097, 22.478984949948298 ], [ 114.113427349014245, 22.478955355043677 ], [ 114.113300371986142, 22.478929324432883 ], [ 114.113077798136544, 22.478939639784048 ], [ 114.112998172707904, 22.4789501640156 ], [ 114.112874057078656, 22.47895266022643 ], [ 114.112559549629793, 22.479007090398891 ], [ 114.112355678570054, 22.479095856790099 ], [ 114.11233291915444, 22.479124033042858 ], [ 114.112316278407206, 22.479150544942801 ], [ 114.112285921897666, 22.479208206092181 ], [ 114.112273770331171, 22.479229693839148 ], [ 114.112266935958303, 22.4792713349553 ], [ 114.11234410927257, 22.479511082338242 ], [ 114.112395770519981, 22.479732870946751 ], [ 114.112440496496845, 22.479965873437092 ], [ 114.112506348035794, 22.48036844836944 ], [ 114.112676734564729, 22.481346339051921 ], [ 114.112756407576228, 22.481767295296653 ], [ 114.11281705396857, 22.481955152810592 ], [ 114.112837247354477, 22.482002144197736 ], [ 114.112863938371561, 22.482064257766421 ], [ 114.11291582905848, 22.48218500553477 ], [ 114.112927118514136, 22.482234379708476 ], [ 114.11286529277325, 22.482265166941982 ], [ 114.112736334360193, 22.482329376106595 ], [ 114.112672767410075, 22.482363919223427 ], [ 114.112614379875183, 22.482398175405393 ], [ 114.112589428313697, 22.482413959648159 ], [ 114.112539368287557, 22.482448580337607 ], [ 114.112515912295194, 22.482466261551224 ], [ 114.112469504940492, 22.482503032913275 ], [ 114.112427101609384, 22.482538677060511 ], [ 114.112397752784474, 22.482565259884971 ], [ 114.112368140439642, 22.482594307900115 ], [ 114.112357271065889, 22.482606034053642 ], [ 114.112339020669452, 22.482629821879254 ], [ 114.112326573024404, 22.482650315925806 ], [ 114.112319065051636, 22.482663723077764 ], [ 114.112309834444062, 22.482682890940382 ], [ 114.112301390136309, 22.482703783925214 ], [ 114.112294734191778, 22.482723855858374 ], [ 114.112289115506314, 22.482749301299506 ], [ 114.112284331418991, 22.482777094980758 ], [ 114.112280907678354, 22.482805051753889 ], [ 114.112275629323022, 22.482871910782784 ], [ 114.112272349612638, 22.48290358814123 ], [ 114.112262530083214, 22.482977290399361 ], [ 114.112245411789772, 22.483074170789241 ], [ 114.112232387285388, 22.483123110381221 ], [ 114.112216417801662, 22.48317337626127 ], [ 114.112201209831227, 22.483215948537254 ], [ 114.112183463791538, 22.483262466081904 ], [ 114.112174725761534, 22.483287982509427 ], [ 114.112154285328998, 22.483340242308877 ], [ 114.112130142430246, 22.483392798622678 ], [ 114.112113073034436, 22.483425996578863 ], [ 114.112104992426566, 22.483437787046562 ], [ 114.112095357220426, 22.483449188581943 ], [ 114.112084109241778, 22.483459921218763 ], [ 114.112072133131505, 22.483469208697041 ], [ 114.112050544746552, 22.483482366356359 ], [ 114.112036499985706, 22.483489178668933 ], [ 114.112023748423056, 22.483494293783586 ], [ 114.111988594977603, 22.483506615182531 ], [ 114.111930973094175, 22.483522973151299 ], [ 114.111910010473594, 22.483527823068826 ], [ 114.111888795676123, 22.483531652445958 ], [ 114.111851701994667, 22.483536992528336 ], [ 114.111837066112102, 22.483540264665443 ], [ 114.111821807807132, 22.48354462922946 ], [ 114.111789706077985, 22.483555895258018 ], [ 114.111772969480825, 22.48356293222146 ], [ 114.111757622186929, 22.483570565750941 ], [ 114.111741234263107, 22.483580059122623 ], [ 114.111729258554689, 22.483588416443435 ], [ 114.111708533405945, 22.483604906625668 ], [ 114.111693814711671, 22.483618997144212 ], [ 114.111681515813316, 22.483632718392737 ], [ 114.111628724652377, 22.483687845743763 ], [ 114.11159755820681, 22.483714590230058 ], [ 114.111584208209393, 22.483731733569876 ], [ 114.111566950098776, 22.483752550701926 ], [ 114.111559161959164, 22.483762182992741 ], [ 114.111557311282567, 22.483771510653874 ], [ 114.111378061228237, 22.483984979999331 ], [ 114.111369124889336, 22.483997844700014 ], [ 114.111362287481313, 22.484010764435187 ], [ 114.111356790363729, 22.484025192792444 ], [ 114.111354131843029, 22.484037247305569 ], [ 114.111353907285135, 22.484039495785652 ], [ 114.111352930842813, 22.484049492049323 ], [ 114.111353255262088, 22.484062188933041 ], [ 114.111355134516799, 22.484074778083453 ], [ 114.111358918102624, 22.484087964014225 ], [ 114.111363586508077, 22.484100012473043 ], [ 114.111445200925672, 22.484269934641443 ], [ 114.111534678991546, 22.484456204986735 ], [ 114.11161698309563, 22.484627554145135 ], [ 114.111619982019747, 22.484635592419966 ], [ 114.111622832682443, 22.484648967604794 ], [ 114.11162287840564, 22.484655081208242 ], [ 114.111615532774039, 22.484694947479333 ], [ 114.111608991748454, 22.484738950001418 ], [ 114.11160688327557, 22.484759231440187 ], [ 114.111605922117278, 22.484778113630227 ], [ 114.111606668058727, 22.484824503127591 ], [ 114.111629044601997, 22.485058589330482 ], [ 114.111629504784347, 22.485071945486645 ], [ 114.111631005273608, 22.485084155202095 ], [ 114.111633710552297, 22.485096744681908 ], [ 114.111637543181189, 22.485109072735884 ], [ 114.11164037271574, 22.485126087164549 ], [ 114.111642197743237, 22.485150804122835 ], [ 114.111652965627457, 22.48527336011097 ], [ 114.111660315626168, 22.485369491748553 ], [ 114.111662713641536, 22.485394958461221 ], [ 114.111667932050878, 22.485436229523327 ], [ 114.11167377127579, 22.485562901377843 ], [ 114.111673639885879, 22.485615232522303 ], [ 114.111675022386208, 22.485671925964109 ], [ 114.111674483884855, 22.485701310684295 ], [ 114.111675413058222, 22.485729991626073 ], [ 114.111617782352965, 22.485825356485204 ], [ 114.111509196130285, 22.485913675023955 ], [ 114.111478018550088, 22.485942324889624 ], [ 114.111423473026221, 22.485985811252803 ], [ 114.111367972562903, 22.486034796725797 ], [ 114.111347099875346, 22.486054194586057 ], [ 114.111313220528132, 22.486083321932888 ], [ 114.111163044324101, 22.48623018549516 ], [ 114.111107148027301, 22.486293872213317 ], [ 114.111074043053875, 22.486329185651432 ], [ 114.110909202847992, 22.486393279334916 ], [ 114.110883077824482, 22.486402154564892 ], [ 114.110815558155679, 22.486426888291081 ], [ 114.110836090958756, 22.486468761653114 ], [ 114.110851427676849, 22.486504717970636 ], [ 114.110864294071519, 22.486545034960574 ], [ 114.110870982246794, 22.486580807127797 ], [ 114.110871695620176, 22.486613398147352 ], [ 114.110867239009067, 22.48664647469267 ], [ 114.110860789850193, 22.48668048055373 ], [ 114.110845839327141, 22.486731758096397 ], [ 114.110812979471518, 22.486803093859237 ], [ 114.110788269888985, 22.486839286623887 ], [ 114.110741959120276, 22.486893730004166 ], [ 114.110674790518743, 22.486956201869454 ], [ 114.110624338324243, 22.486993666356597 ], [ 114.110590452897924, 22.48701435011769 ], [ 114.110558833513494, 22.48703115172999 ], [ 114.110525727443246, 22.487047708903496 ], [ 114.110459296242183, 22.487091831201351 ], [ 114.110320140090096, 22.48713230228396 ], [ 114.110260761815752, 22.487139890398616 ], [ 114.110376606243435, 22.487321593795389 ], [ 114.110413174892187, 22.487380162002626 ], [ 114.110452994862754, 22.487447364605551 ], [ 114.11049053067903, 22.487515713119034 ], [ 114.110643072739478, 22.487813399848591 ], [ 114.11067771225126, 22.487883074595445 ], [ 114.110697118216805, 22.487924441802896 ], [ 114.110706087365145, 22.48794545019906 ], [ 114.110739317886527, 22.488035569184301 ], [ 114.11075301350472, 22.488069330443793 ], [ 114.110769032191769, 22.488101963853975 ], [ 114.110788287599988, 22.488133072450879 ], [ 114.110807399620541, 22.488159187174336 ], [ 114.110833932896881, 22.488191770702556 ], [ 114.11090681421139, 22.488276731463042 ], [ 114.11095399831045, 22.488328440778197 ], [ 114.110986983933898, 22.488361604863776 ], [ 114.111017940720942, 22.488390225821846 ], [ 114.111053580451951, 22.488420970829765 ], [ 114.111151340961214, 22.488502555229708 ], [ 114.111179452274158, 22.488527463501612 ], [ 114.111206601151579, 22.488553202173573 ], [ 114.111232447345671, 22.488580042019702 ], [ 114.111257097785199, 22.488607910840877 ], [ 114.111354559315686, 22.488726510610608 ], [ 114.110969302102006, 22.488783543157425 ], [ 114.110792962762204, 22.488479209673809 ], [ 114.11042649780795, 22.488765006756736 ], [ 114.110274809623519, 22.488732958501075 ], [ 114.110231919247013, 22.488725264941042 ], [ 114.110193575711918, 22.488719785698024 ], [ 114.110145173986965, 22.488715024716328 ], [ 114.110096518547877, 22.488712467033018 ], [ 114.110048007862503, 22.488712022508931 ], [ 114.110014150199035, 22.488714311227341 ], [ 114.109965976036904, 22.488721353020853 ], [ 114.109727288233401, 22.488763633485334 ], [ 114.109589089638732, 22.488789402830015 ], [ 114.109465575091363, 22.488813931999392 ], [ 114.109370865950382, 22.48883417466341 ], [ 114.109271792207821, 22.488857115531935 ], [ 114.109173184120266, 22.488881627824792 ], [ 114.109075109748375, 22.488907630297675 ], [ 114.109038108656591, 22.488919227832689 ], [ 114.10900646185803, 22.488931188828747 ], [ 114.108976028869179, 22.488945001561802 ], [ 114.10895998977648, 22.488954874066511 ], [ 114.108756233362186, 22.489122916129514 ], [ 114.108669622131487, 22.489195881279869 ], [ 114.10863202963256, 22.489224275016124 ], [ 114.108596208350377, 22.489247368648243 ], [ 114.108571187953444, 22.489261373234193 ], [ 114.108545458628754, 22.489274411262969 ], [ 114.108514860206412, 22.489288449598043 ], [ 114.108483873617189, 22.489301367992969 ], [ 114.108434071013633, 22.489319181904676 ], [ 114.10832824725756, 22.489353055140853 ], [ 114.107984028886236, 22.48946167962756 ], [ 114.107841776673283, 22.48950763771284 ], [ 114.107727680496581, 22.48954613960699 ], [ 114.10770074734512, 22.48955654010711 ], [ 114.107669935240494, 22.489570063456537 ], [ 114.107627030287574, 22.489591456116358 ], [ 114.107556168020494, 22.489630798214868 ], [ 114.107481941485133, 22.489673895480614 ], [ 114.107412817228649, 22.489716028657028 ], [ 114.107328935385766, 22.489770021384931 ], [ 114.107237586998664, 22.489830422428273 ], [ 114.107179007183646, 22.489871015858135 ], [ 114.107129457291606, 22.489907395975617 ], [ 114.10709240821285, 22.489936331408245 ], [ 114.107063592578257, 22.489960339798706 ], [ 114.107039451895346, 22.489982968557456 ], [ 114.10701993786796, 22.490003639720172 ], [ 114.106999002663485, 22.490029033163548 ], [ 114.106982947124692, 22.490051782812152 ], [ 114.106968999994066, 22.490075237744254 ], [ 114.106955147515862, 22.490103713618236 ], [ 114.106941719890486, 22.490137616945187 ], [ 114.106930468543851, 22.49017253261955 ], [ 114.106918804306275, 22.490216875850773 ], [ 114.10690816794181, 22.490265617331247 ], [ 114.106903927265776, 22.490292318381687 ], [ 114.1069004616553, 22.49032371557583 ], [ 114.106891880082358, 22.490441161222439 ], [ 114.106599175623927, 22.490427587658406 ], [ 114.106494524573819, 22.490445927908027 ], [ 114.106466378361688, 22.490452498781536 ], [ 114.106445977522498, 22.490458576361284 ], [ 114.106421046455608, 22.490468029328373 ], [ 114.106399195609697, 22.490478142856976 ], [ 114.10637369880223, 22.490491740522501 ], [ 114.106345061344683, 22.490508849635486 ], [ 114.106308996370416, 22.490532014890736 ], [ 114.106281650368558, 22.490551102214784 ], [ 114.106255431048766, 22.490571336888294 ], [ 114.106234168758206, 22.490589740558136 ], [ 114.106214208077546, 22.490609282625776 ], [ 114.106192184903918, 22.490633357046999 ], [ 114.106168361552207, 22.490662090361432 ], [ 114.106142641000801, 22.490695166461844 ], [ 114.106115509157576, 22.490732549438746 ], [ 114.106071606900983, 22.490802949215457 ], [ 114.105719651092755, 22.49082898244416 ], [ 114.105705751726248, 22.490910520807521 ], [ 114.105700891214042, 22.490932607016504 ], [ 114.10569596508941, 22.490949970297986 ], [ 114.105686720049931, 22.490975495152682 ], [ 114.105675978605149, 22.491000721342839 ], [ 114.105661902009189, 22.491029684644154 ], [ 114.105646416646067, 22.491057997133169 ], [ 114.105629794671515, 22.491085550564904 ], [ 114.105614321800374, 22.491108417726071 ], [ 114.1055946201285, 22.491134235956476 ], [ 114.105573742939939, 22.49115935832398 ], [ 114.105546040513516, 22.491190853130554 ], [ 114.105530016741241, 22.491207778037669 ], [ 114.105462638258444, 22.491272947684262 ], [ 114.10567241965299, 22.491670152195859 ], [ 114.105675619775084, 22.491702446310384 ], [ 114.105675029892311, 22.491715756855758 ], [ 114.105673968536237, 22.491719865217902 ], [ 114.105670223247273, 22.491727458128285 ], [ 114.105661841084341, 22.491737821322729 ], [ 114.105651253373424, 22.49174735274595 ], [ 114.105624216967414, 22.491768489991873 ], [ 114.105543443354392, 22.491840634244589 ], [ 114.105503932471763, 22.491874092443194 ], [ 114.105466426047201, 22.491902521588429 ], [ 114.105422544386528, 22.491931426510824 ], [ 114.105388968869335, 22.491950339341066 ], [ 114.105354257715618, 22.49196657866295 ], [ 114.105336567520595, 22.491973424886641 ], [ 114.105322892119418, 22.49197778050041 ], [ 114.10529419172137, 22.491984152252527 ], [ 114.105274530949828, 22.491986771368673 ], [ 114.105254831877104, 22.491988279726577 ], [ 114.105235473457427, 22.491988767798581 ], [ 114.105221353572446, 22.491988174548638 ], [ 114.105207945138829, 22.491983617269387 ], [ 114.105181810958157, 22.491969789143734 ], [ 114.104963157064461, 22.4919131705187 ], [ 114.104908684731527, 22.4921074081157 ], [ 114.104715043081242, 22.492672795972688 ], [ 114.104684098035818, 22.492790881641596 ], [ 114.104582224059186, 22.492903282487958 ], [ 114.104548260572855, 22.492938783803332 ], [ 114.104502610350437, 22.493003854412464 ], [ 114.104473656744204, 22.493066846485053 ], [ 114.104449908993033, 22.493154259080342 ], [ 114.104428004956532, 22.493246828855398 ], [ 114.104405821541732, 22.493353314340208 ], [ 114.104382462244189, 22.493478392875705 ], [ 114.104361369838401, 22.493598433464847 ], [ 114.104350448365352, 22.493669913160229 ], [ 114.104340486514516, 22.493746107152141 ], [ 114.104315138685976, 22.493957118013778 ], [ 114.104300067012389, 22.494048236943012 ], [ 114.104292475757376, 22.494088238173845 ], [ 114.104282960525438, 22.494127832170129 ], [ 114.104270909093231, 22.494166982534242 ], [ 114.104258218845004, 22.49420117492296 ], [ 114.104245365997357, 22.494230355368327 ], [ 114.104211777933656, 22.494290554903809 ], [ 114.104181485740114, 22.494347965526007 ], [ 114.10417456741942, 22.494364695727164 ], [ 114.104170360287711, 22.494381743214358 ], [ 114.104170365393443, 22.494390574942233 ], [ 114.104172671232362, 22.494404121573385 ], [ 114.104189169423549, 22.494466059455558 ], [ 114.104204015718864, 22.494509050824238 ], [ 114.104236733541981, 22.494589544440252 ], [ 114.104239226584198, 22.494598205711334 ], [ 114.104240378434412, 22.494607037955635 ], [ 114.104240471208414, 22.494634111118632 ], [ 114.104237050998364, 22.494670258244732 ], [ 114.104229360342828, 22.49473303407801 ], [ 114.104216238524813, 22.494830574478883 ], [ 114.104171716689208, 22.49483626161679 ], [ 114.104135639939088, 22.494841925461625 ], [ 114.104103507420334, 22.494850146680179 ], [ 114.10408134679578, 22.494856322495629 ], [ 114.104050700071099, 22.494866603304224 ], [ 114.104030754646999, 22.494873800547794 ], [ 114.104014491352572, 22.494883004200354 ], [ 114.103993342137812, 22.494906347239098 ], [ 114.103981201841549, 22.494985005509115 ], [ 114.103979935573079, 22.49500911608736 ], [ 114.103980390062659, 22.495031999309973 ], [ 114.103982748041318, 22.495057312569052 ], [ 114.103986778311977, 22.495081163660313 ], [ 114.1039941445528, 22.495118543788827 ], [ 114.104004259807198, 22.495158282092031 ], [ 114.104013786729766, 22.495189477376517 ], [ 114.104027799599407, 22.49522804348824 ], [ 114.104032639378843, 22.495246377373341 ], [ 114.104038868694275, 22.495265027949827 ], [ 114.104046993014876, 22.495302336174426 ], [ 114.104053018036495, 22.495339977574822 ], [ 114.104056934086472, 22.495377861842869 ], [ 114.104058692619418, 22.495415898652926 ], [ 114.104061874406455, 22.49564990466251 ], [ 114.104063008803465, 22.495673519652083 ], [ 114.104065067404051, 22.495695274797995 ], [ 114.104068708255767, 22.495720507359614 ], [ 114.104072866134189, 22.495741992541607 ], [ 114.104075631938983, 22.495749425803734 ], [ 114.104086607229107, 22.49576146827286 ], [ 114.104091073893102, 22.495768577208509 ], [ 114.10409433521049, 22.495776236453846 ], [ 114.104096284379864, 22.495784256322509 ], [ 114.104102034275343, 22.495827731228317 ], [ 114.104110077850109, 22.495870873044456 ], [ 114.104121181298154, 22.495916644085074 ], [ 114.104132890728593, 22.495955823211581 ], [ 114.104137803354519, 22.495965009337301 ], [ 114.104146184752935, 22.495975416130705 ], [ 114.104217567828158, 22.496026208153662 ], [ 114.104249009788134, 22.49601957595214 ], [ 114.10426798326408, 22.496012911038367 ], [ 114.104285653284592, 22.496008566346305 ], [ 114.104304372058849, 22.496005784382291 ], [ 114.104321690474777, 22.496004789803582 ], [ 114.104354661855865, 22.496009771354462 ], [ 114.104389662902122, 22.496017535171998 ], [ 114.104717398606255, 22.496115391040266 ], [ 114.104805567950365, 22.496142440382965 ], [ 114.104826955136417, 22.496147606296482 ], [ 114.104848897693785, 22.496150009155148 ], [ 114.104859947262938, 22.496150158577692 ], [ 114.104878840268142, 22.496148740214061 ], [ 114.10496249108877, 22.496363113910007 ], [ 114.105592369837794, 22.496364405050826 ], [ 114.10575222257728, 22.496351155823078 ], [ 114.105925965176468, 22.49633300904701 ], [ 114.105969514459076, 22.496329551505557 ], [ 114.106027689675045, 22.496326181653963 ], [ 114.106105398428241, 22.49632312739061 ], [ 114.106197703586957, 22.496320892224816 ], [ 114.106299736323919, 22.496319437878601 ], [ 114.106411506326864, 22.496318827550475 ], [ 114.106654705566285, 22.496319195544359 ], [ 114.106708165131749, 22.496320338589246 ], [ 114.106751740762348, 22.496322407447973 ], [ 114.10678068062191, 22.49632462344891 ], [ 114.106804556579434, 22.496328209863421 ], [ 114.106828227691395, 22.496333313291323 ], [ 114.106894760352972, 22.496349750408296 ], [ 114.107076370562865, 22.49639778955277 ], [ 114.107390969378685, 22.496087957223732 ], [ 114.107406818794956, 22.496070562486938 ], [ 114.107413751004344, 22.496064343533195 ], [ 114.107441981950004, 22.496045951753398 ], [ 114.107463542562243, 22.496034808502362 ], [ 114.107477082285769, 22.496030362347522 ], [ 114.107491048629612, 22.496027885000778 ], [ 114.10751497627767, 22.496025186178862 ], [ 114.107539408571441, 22.496023896311719 ], [ 114.107564044282284, 22.496023943026469 ], [ 114.10759351888376, 22.496025581166148 ], [ 114.107622467937489, 22.496028754241458 ], [ 114.107655944864661, 22.496033590847972 ], [ 114.107722683771939, 22.496045584758892 ], [ 114.107878189052201, 22.496077284851538 ], [ 114.107923277487217, 22.495948440434013 ], [ 114.107947429767052, 22.495884569761163 ], [ 114.107980404492153, 22.495804457177133 ], [ 114.108049346536703, 22.495645244667816 ], [ 114.108077358761165, 22.495577474490652 ], [ 114.108092759068313, 22.49554431242629 ], [ 114.10810591963174, 22.495520360406413 ], [ 114.108121033285585, 22.495496942011489 ], [ 114.108138391481361, 22.495474247003525 ], [ 114.108151294395398, 22.495460345697939 ], [ 114.108161716947137, 22.495450940470224 ], [ 114.108172770649844, 22.495442610127576 ], [ 114.108184581808999, 22.495435417936498 ], [ 114.108197276926148, 22.495429029826134 ], [ 114.108215259203092, 22.495421704805551 ], [ 114.108234134901863, 22.495415698600787 ], [ 114.108253437558545, 22.495410992952223 ], [ 114.108287123415764, 22.49540573353649 ], [ 114.108320720081267, 22.495403977868524 ], [ 114.108354723687725, 22.495404705724759 ], [ 114.108444352248199, 22.495409493779178 ], [ 114.108672137161264, 22.495429068859572 ], [ 114.109246958833992, 22.495509004226914 ], [ 114.109275167468383, 22.495515815943484 ], [ 114.109289520137793, 22.495518115680788 ], [ 114.109311278208665, 22.495520147608534 ], [ 114.109333134290281, 22.49552047282998 ], [ 114.109354932894959, 22.495519082249608 ], [ 114.10937653796276, 22.495515984840821 ], [ 114.109404772606396, 22.495509250954939 ], [ 114.109425310542179, 22.495502288084555 ], [ 114.109445120376378, 22.495493744588064 ], [ 114.109464114618461, 22.495483674611606 ], [ 114.109486677713988, 22.495468901289414 ], [ 114.109509437213774, 22.495449901821797 ], [ 114.109533431411762, 22.495429882432152 ], [ 114.109787788965235, 22.49522162116229 ], [ 114.109823361867413, 22.495192404574645 ], [ 114.109921497566077, 22.495108435600578 ], [ 114.109957070359172, 22.495079327347533 ], [ 114.109975192159354, 22.495064497930176 ], [ 114.110118921977545, 22.494946945648788 ], [ 114.110107433283972, 22.49491022330761 ], [ 114.109996185604786, 22.494898094531813 ], [ 114.109857573935884, 22.494881132076603 ], [ 114.109809125661556, 22.494867710825552 ], [ 114.109782988060957, 22.494858904346767 ], [ 114.10976074726085, 22.494850478762501 ], [ 114.109716079037355, 22.494837745366887 ], [ 114.109661849995064, 22.494821206177345 ], [ 114.109612868488341, 22.494805247104114 ], [ 114.109559398482361, 22.4947866492668 ], [ 114.109522495430369, 22.494712972926276 ], [ 114.109485925771551, 22.494633228290745 ], [ 114.109475283451985, 22.494615126931183 ], [ 114.109426791377118, 22.49453190962539 ], [ 114.109367461729619, 22.494432604633538 ], [ 114.109367977943265, 22.494390143932591 ], [ 114.109366836207229, 22.494339744820024 ], [ 114.109363973056148, 22.494292045074495 ], [ 114.109359389735431, 22.494244480064218 ], [ 114.109354348209337, 22.494139806642298 ], [ 114.109347224931895, 22.493919218191195 ], [ 114.109346747428091, 22.49384179137985 ], [ 114.109346411263516, 22.493833609700665 ], [ 114.109571408229129, 22.493785445343153 ], [ 114.109715232734672, 22.493751605209638 ], [ 114.109859473979242, 22.493901687189691 ], [ 114.109895879133433, 22.493899218958259 ], [ 114.109938155075284, 22.493894540709071 ], [ 114.109974153554973, 22.493888974865367 ], [ 114.1100128157765, 22.49388135118814 ], [ 114.110020738801737, 22.493895794076121 ], [ 114.110029499606298, 22.493926266263259 ], [ 114.110039408294128, 22.49395435490116 ], [ 114.110050949877106, 22.493981920452207 ], [ 114.110064056381475, 22.494008854523116 ], [ 114.110088535930316, 22.494050079389925 ], [ 114.110115910929338, 22.494092470372653 ], [ 114.110143520573331, 22.494131953660368 ], [ 114.110172607830904, 22.494170507423814 ], [ 114.110172830794923, 22.494212227942363 ], [ 114.110169954195825, 22.494252872561361 ], [ 114.110184015524723, 22.494274795147405 ], [ 114.110198836211822, 22.494293918623679 ], [ 114.11021604779765, 22.49431254641534 ], [ 114.11023572818786, 22.49433034442918 ], [ 114.110242499525185, 22.494334925638078 ], [ 114.110255567076294, 22.494341866381443 ], [ 114.110483594219389, 22.494420976395954 ], [ 114.110533665451442, 22.494434145261557 ], [ 114.110571621298391, 22.494440780154175 ], [ 114.110615078623027, 22.494445286125654 ], [ 114.110693093356574, 22.494450339067374 ], [ 114.110705668114974, 22.494451391754311 ], [ 114.110727523324584, 22.494453206801161 ], [ 114.110694423374909, 22.494575871134444 ], [ 114.110662958948225, 22.494692368370913 ], [ 114.110682435521099, 22.494689405368192 ], [ 114.111121999388473, 22.494622543577918 ], [ 114.111098675630743, 22.494581870195816 ], [ 114.111210854001669, 22.494227563213226 ], [ 114.111809883417919, 22.494404214834422 ], [ 114.111907507954115, 22.494433088252933 ], [ 114.111912725795605, 22.494434788069636 ], [ 114.111917292581737, 22.494436361198336 ], [ 114.111921801008677, 22.494438042668129 ], [ 114.111926231623286, 22.494439868592796 ], [ 114.111930633028919, 22.494441811900725 ], [ 114.111934937194377, 22.494443881594886 ], [ 114.111939202436929, 22.49444605963798 ], [ 114.111943360712857, 22.494448382124229 ], [ 114.11194747035195, 22.494450803925115 ], [ 114.11195148275516, 22.494453343081886 ], [ 114.111955407640622, 22.494455999598479 ], [ 114.111959245008336, 22.494458773474836 ], [ 114.111962975426295, 22.49446165567285 ], [ 114.111966647485104, 22.494464646211981 ], [ 114.111971543535702, 22.494468693799995 ], [ 114.111991175212069, 22.494487286254788 ], [ 114.112013846127624, 22.494511334288489 ], [ 114.112035194997958, 22.494536212583657 ], [ 114.112058252392586, 22.494565119119049 ], [ 114.112083047258793, 22.494598505425202 ], [ 114.112109560168221, 22.494636362463154 ], [ 114.112137781414987, 22.494678672167232 ], [ 114.112220384557034, 22.494806575705102 ], [ 114.112323211996667, 22.494974997648136 ], [ 114.112424257406957, 22.495214713774846 ], [ 114.112457330189287, 22.495294817560264 ], [ 114.112498642166457, 22.495399983972266 ], [ 114.112511007360581, 22.49541311007189 ], [ 114.112533527107232, 22.495428326244337 ], [ 114.112567170637462, 22.495493322383638 ], [ 114.112583317338576, 22.495630301840752 ], [ 114.112589309437254, 22.495681136317874 ], [ 114.112635869944299, 22.49584845195303 ], [ 114.112647966189627, 22.495896968047468 ], [ 114.112657576538041, 22.4959412298352 ], [ 114.11266399362114, 22.495976757959703 ], [ 114.112668507924013, 22.496007968797912 ], [ 114.112672437023107, 22.496043757812398 ], [ 114.112675712848954, 22.496084215279918 ], [ 114.112679251674763, 22.496165508291167 ], [ 114.112679392462951, 22.496260616450318 ], [ 114.112676654667894, 22.496360012898922 ], [ 114.11267340538258, 22.496409498159711 ], [ 114.112667061574797, 22.496467895185727 ], [ 114.112647478279001, 22.496617466815216 ], [ 114.112988129741225, 22.496751983440333 ], [ 114.113227635529412, 22.496840214804426 ], [ 114.113359374986388, 22.496886682977646 ], [ 114.113432562203442, 22.496910850033998 ], [ 114.113469593681813, 22.496921755255656 ], [ 114.113511707820933, 22.496932698588047 ], [ 114.113619977262559, 22.496958856999431 ], [ 114.113680504973999, 22.496975614053664 ], [ 114.113754450919643, 22.4969984628238 ], [ 114.113786341368581, 22.497009573658808 ], [ 114.113813236985052, 22.497019860768074 ], [ 114.113839646244386, 22.497031131995524 ], [ 114.113865355152143, 22.497043811686179 ], [ 114.113890480430769, 22.497057674126115 ], [ 114.113923270851998, 22.497077309976156 ], [ 114.114011390559938, 22.497133531462531 ], [ 114.11416333924798, 22.497235164493791 ], [ 114.114257348321686, 22.497205274313512 ], [ 114.114285593803885, 22.49719629101061 ], [ 114.114692373058872, 22.49706690743562 ], [ 114.114782938370226, 22.497044312176701 ], [ 114.115007584883585, 22.497070577647467 ], [ 114.115129770245801, 22.497164937909645 ], [ 114.115195003431538, 22.497222098173623 ], [ 114.115617115983326, 22.497272657732985 ], [ 114.115786706797778, 22.497303244808268 ], [ 114.115868069340166, 22.497323837820474 ], [ 114.115882257075981, 22.497348360704262 ], [ 114.115742184725036, 22.497751315998386 ], [ 114.115725629055575, 22.497807632274835 ], [ 114.115689913155407, 22.497898148403181 ], [ 114.115664621078821, 22.497953440922142 ], [ 114.115636979673582, 22.49800296212398 ], [ 114.115614583950489, 22.498035453995346 ], [ 114.115569153521449, 22.49809484767292 ], [ 114.115515519214682, 22.498157687824495 ], [ 114.115429111115631, 22.498250071940934 ], [ 114.115251969403332, 22.498370063381074 ], [ 114.115139315542265, 22.498497321705763 ], [ 114.11510571983942, 22.49851731115346 ], [ 114.115031079155244, 22.498546541004696 ], [ 114.115001973276676, 22.498566658578333 ], [ 114.114974515552916, 22.498595698805776 ], [ 114.114947701462967, 22.498641571924459 ], [ 114.114908081322483, 22.498724699509289 ], [ 114.114880618728279, 22.498808202005122 ], [ 114.114828902289148, 22.499102067140662 ], [ 114.114797803971243, 22.499231162659591 ], [ 114.114772519637583, 22.499311324725827 ], [ 114.114612979374115, 22.499728313685711 ], [ 114.114564119769923, 22.499847387585959 ], [ 114.114504774583267, 22.499964723578184 ], [ 114.114581918302449, 22.500099143661092 ], [ 114.114610328528954, 22.500157653498515 ], [ 114.114608208935223, 22.500181510968137 ], [ 114.114613161506497, 22.500190182054684 ], [ 114.114621375501969, 22.500229530632552 ], [ 114.114629105559985, 22.500286172218093 ], [ 114.114648381718467, 22.500385243027761 ], [ 114.114675169542281, 22.500442614396597 ], [ 114.114740968062151, 22.500542615206619 ], [ 114.114751723893349, 22.50057023428095 ], [ 114.114750169992945, 22.500589612896395 ], [ 114.114734269049265, 22.5006144764582 ], [ 114.114730004950005, 22.500630982365006 ], [ 114.114717142479137, 22.500772330079101 ], [ 114.114705201577181, 22.500852145078312 ], [ 114.114707331003473, 22.500871534143549 ], [ 114.114718633448817, 22.500893879682984 ], [ 114.114726278437175, 22.500901793250822 ], [ 114.114752637475505, 22.500918527690441 ], [ 114.114965465575935, 22.501047617696372 ], [ 114.1150048708638, 22.501077568562462 ], [ 114.11503486643619, 22.501112319975828 ], [ 114.115081876076772, 22.501176191877921 ], [ 114.115123973923843, 22.501248947786248 ], [ 114.115156292328479, 22.501327488417658 ], [ 114.115177520015038, 22.501388198811654 ], [ 114.115189067148137, 22.501406923224987 ], [ 114.115200938754697, 22.501439103039523 ], [ 114.115290610370408, 22.501575559391402 ], [ 114.11539013177331, 22.501569537992125 ], [ 114.115682043394401, 22.501695460432256 ], [ 114.115957904328553, 22.50187889081564 ], [ 114.116202056588065, 22.502034088831746 ], [ 114.116202212078704, 22.502034106951054 ], [ 114.116202134301872, 22.502034170134461 ], [ 114.116377792835053, 22.502182659600503 ], [ 114.118034809957607, 22.502335660751694 ], [ 114.118545366765034, 22.5023228877014 ], [ 114.119048390225942, 22.502243023582704 ], [ 114.119600083160591, 22.502094851278663 ], [ 114.120058317286222, 22.501906567305952 ], [ 114.120482418669596, 22.501693427488682 ], [ 114.121190714483575, 22.501300734413476 ], [ 114.121763180243434, 22.501004111282917 ], [ 114.122625386292654, 22.500574918409718 ], [ 114.12294669599126, 22.500438026168347 ], [ 114.123247498404368, 22.500302526173002 ], [ 114.123594471534375, 22.500170770429449 ], [ 114.123798358882595, 22.50008826379344 ], [ 114.123868129198399, 22.500060039687014 ], [ 114.123919353371235, 22.4997336169309 ], [ 114.124110465030199, 22.499714932499845 ], [ 114.124551034209631, 22.499532635097825 ], [ 114.125166451341855, 22.499339411701591 ], [ 114.126008302992105, 22.499156768921043 ], [ 114.126050909773824, 22.499366829264687 ], [ 114.126603555776768, 22.499218524830681 ], [ 114.127389867926595, 22.499024479204316 ], [ 114.12774011251399, 22.498938048073381 ], [ 114.128227508981979, 22.498807462879384 ], [ 114.128815557770423, 22.498622046605597 ], [ 114.129198385541969, 22.498481114555883 ], [ 114.12944100001576, 22.498383748173168 ], [ 114.12963539751253, 22.498297167654318 ], [ 114.129778656560774, 22.498239369894545 ], [ 114.130015928492924, 22.498131905101829 ], [ 114.130247730005422, 22.498020275364727 ], [ 114.131149309756481, 22.497529840020349 ], [ 114.131478830639111, 22.497348214505308 ], [ 114.131375288263612, 22.497239197494171 ], [ 114.131279917251902, 22.497165672175967 ], [ 114.131157278980396, 22.49711494081836 ], [ 114.130872425308922, 22.497115148778416 ], [ 114.130274902817959, 22.496480718404133 ], [ 114.130163770664879, 22.496346909976786 ], [ 114.13004174264691, 22.496161010986356 ], [ 114.129966579764826, 22.495993664941448 ], [ 114.129917190631019, 22.495852677060437 ], [ 114.12986168581655, 22.495634287855651 ], [ 114.129553375827427, 22.495690457042031 ], [ 114.129287645735147, 22.495761556422778 ], [ 114.128971841693428, 22.49587651015884 ], [ 114.128653963216223, 22.496030871298885 ], [ 114.12824912029977, 22.495447684167473 ], [ 114.128013957980613, 22.495119060179483 ], [ 114.12785649998311, 22.49493742015035 ], [ 114.127628575563534, 22.494784700881095 ], [ 114.127385485638683, 22.494648023648999 ], [ 114.127161334624731, 22.49457198197328 ], [ 114.126920037414038, 22.494533212153236 ], [ 114.125409302682314, 22.494432924095133 ], [ 114.125409632803411, 22.493539763719422 ], [ 114.12533676903378, 22.493481042862623 ], [ 114.124599168141103, 22.493480805440196 ], [ 114.124605431018722, 22.492951183650245 ], [ 114.12462480069928, 22.492894975696903 ], [ 114.124696894378673, 22.492854651219066 ], [ 114.12478210300273, 22.492825916947098 ], [ 114.124820434154302, 22.49276511862033 ], [ 114.124831397990121, 22.492655980760055 ], [ 114.12462148768401, 22.492633788403602 ], [ 114.124425075010237, 22.492561960062062 ], [ 114.124053611929611, 22.49236306167743 ], [ 114.123980372656149, 22.492323845739797 ], [ 114.12400630365596, 22.492289231692958 ], [ 114.124406806611901, 22.49219705375473 ], [ 114.124420889269857, 22.492193563571448 ], [ 114.124657559537084, 22.492222808567654 ], [ 114.1248765849395, 22.492296386788123 ], [ 114.125060699787412, 22.492510719358094 ], [ 114.125469852077813, 22.492549139190242 ], [ 114.125801379430698, 22.492528501700274 ], [ 114.126279387881127, 22.492529510265726 ], [ 114.126486952813764, 22.492480657580689 ], [ 114.126886531991047, 22.492441201693261 ], [ 114.127125859230333, 22.49246200949603 ], [ 114.127330693022856, 22.492522386590085 ], [ 114.127508590112896, 22.492606180035636 ], [ 114.127896840518829, 22.492836374921691 ], [ 114.128085043332462, 22.492964582359669 ], [ 114.128138921270349, 22.49301670405152 ], [ 114.128232262046652, 22.49296366960932 ], [ 114.128472976527618, 22.492826904400388 ], [ 114.128747450758141, 22.492718657877226 ], [ 114.128829182651387, 22.492680555902126 ], [ 114.128882823932344, 22.49265851060866 ], [ 114.129015185964292, 22.492593838102128 ], [ 114.12901665394098, 22.492592213065873 ], [ 114.129616509571491, 22.491926849499791 ], [ 114.129958827445193, 22.491802826592899 ], [ 114.130292890412548, 22.491399526403921 ], [ 114.130443961163436, 22.491353244009606 ], [ 114.130638920323449, 22.491328945026098 ], [ 114.13073930763079, 22.491442476880771 ], [ 114.130728177067908, 22.491629141107747 ], [ 114.130685198343372, 22.491852396424004 ], [ 114.13068512046199, 22.491852811800111 ], [ 114.130710802799612, 22.491830143818227 ], [ 114.130729498467332, 22.491805839330819 ], [ 114.130750186253252, 22.491781697958071 ], [ 114.130775366336863, 22.491749656266411 ], [ 114.130804930065921, 22.491714997006731 ], [ 114.130865240952659, 22.491652081362254 ], [ 114.130908626253955, 22.491609199330497 ], [ 114.13091114415802, 22.49160629225911 ], [ 114.130971019774023, 22.491536910683134 ], [ 114.131010351814695, 22.49149651082983 ], [ 114.131035586236337, 22.491476190571792 ], [ 114.131056232321143, 22.491460339054697 ], [ 114.131084469136354, 22.491441329049906 ], [ 114.131110576494081, 22.49142604799145 ], [ 114.131133291361323, 22.491413601512431 ], [ 114.131156687240605, 22.491398834410262 ], [ 114.131178023876643, 22.491381140871329 ], [ 114.131198826475071, 22.491362065527003 ], [ 114.131215148795874, 22.491343946134084 ], [ 114.131226522886621, 22.491331342914005 ], [ 114.13124227038773, 22.491317666312863 ], [ 114.131260291214332, 22.49130601316288 ], [ 114.131272528033392, 22.491300002376192 ], [ 114.131281158782485, 22.491296203017459 ], [ 114.13130630268293, 22.491285003395799 ], [ 114.131376210319928, 22.491264469939143 ], [ 114.131393859412142, 22.491260275780508 ], [ 114.131420859685448, 22.491248254897869 ], [ 114.131445209584413, 22.49122820523769 ], [ 114.131468055830354, 22.491200091002295 ], [ 114.131476699679752, 22.491185879584251 ], [ 114.131486008971066, 22.491157472562442 ], [ 114.131490671439181, 22.491104348024546 ], [ 114.131489023191975, 22.491062879958442 ], [ 114.131495766036906, 22.491037271637801 ], [ 114.131492702712848, 22.491014161979077 ], [ 114.13148606393068, 22.490988829835366 ], [ 114.131476100827001, 22.490965971085526 ], [ 114.131466301273036, 22.490948196497076 ], [ 114.131482007926564, 22.490880743819975 ], [ 114.131496185033242, 22.490825030232337 ], [ 114.131505572733516, 22.490794492055389 ], [ 114.13151570856472, 22.490764387547472 ], [ 114.13152486579753, 22.490725342666021 ], [ 114.131542515464901, 22.490659443756446 ], [ 114.131554537680941, 22.49062584501025 ], [ 114.131562249687377, 22.490608201772059 ], [ 114.131574397809317, 22.490575885376568 ], [ 114.131592129527903, 22.490526494057885 ], [ 114.13161255040859, 22.490485321157362 ], [ 114.131615778241354, 22.490480689466938 ], [ 114.131653968654547, 22.4904231494274 ], [ 114.131883585040029, 22.49047396449939 ], [ 114.131949724135083, 22.490475879319234 ], [ 114.132017690528684, 22.49047673806303 ], [ 114.132074025193205, 22.490475913893079 ], [ 114.132118728379268, 22.490472621176568 ], [ 114.132191983987383, 22.490465055949461 ], [ 114.132251600277201, 22.490473606183684 ], [ 114.132370255647444, 22.490502843286947 ], [ 114.132586609245138, 22.490548325760276 ], [ 114.13300694259091, 22.490681043048593 ], [ 114.133149131422186, 22.490752566317905 ], [ 114.133237538667217, 22.490802627716057 ], [ 114.133293943901748, 22.490825128666462 ], [ 114.133322640881815, 22.490824856475253 ], [ 114.13332735406091, 22.490824830656596 ], [ 114.133357198213133, 22.490823077783062 ], [ 114.133357627326149, 22.490818192451531 ], [ 114.133359456312789, 22.490811709116574 ], [ 114.133362791002995, 22.490807041298545 ], [ 114.133367670417798, 22.490803710396595 ], [ 114.133374551221252, 22.490801960354528 ], [ 114.133385182724183, 22.490801493640518 ], [ 114.133453266272937, 22.490801159797744 ], [ 114.133497172249548, 22.490799202983972 ], [ 114.133540981484501, 22.490795837389598 ], [ 114.133582215831211, 22.490791342291978 ], [ 114.133625676079021, 22.490785204247526 ], [ 114.133645443298718, 22.490781787024346 ], [ 114.133665074649301, 22.490777782786257 ], [ 114.133684570133326, 22.49077318250287 ], [ 114.133706028998844, 22.490767381699218 ], [ 114.133725126427777, 22.490761553169705 ], [ 114.133746090097702, 22.490754397667931 ], [ 114.133764731154912, 22.490747367968289 ], [ 114.133787143468012, 22.490738000399908 ], [ 114.133822706982713, 22.49071917247802 ], [ 114.133841018778881, 22.490708404095276 ], [ 114.133858980890679, 22.490697111853855 ], [ 114.133876525284606, 22.490685322826955 ], [ 114.133893690843138, 22.490673000903467 ], [ 114.133910419236713, 22.490660218311213 ], [ 114.133926700766921, 22.490646911834876 ], [ 114.133965514766061, 22.490612633728976 ], [ 114.133999917393396, 22.490576548360611 ], [ 114.134166632257774, 22.490401917521396 ], [ 114.134181789477267, 22.49037877661311 ], [ 114.134191582031775, 22.490356970783271 ], [ 114.1342095354469, 22.490310378657377 ], [ 114.13423151738202, 22.490278064660391 ], [ 114.134244678661219, 22.490203702775702 ], [ 114.134366831178014, 22.490078528482321 ], [ 114.134393805373676, 22.490054830781787 ], [ 114.13441629431766, 22.4900486057252 ], [ 114.134454299395756, 22.490021072996516 ], [ 114.134466821564232, 22.490002636206988 ], [ 114.134574218238498, 22.489954062779479 ], [ 114.134656582558875, 22.489934876691265 ], [ 114.13471326802329, 22.489930114434635 ], [ 114.134878852086786, 22.489826136419602 ], [ 114.134950217461125, 22.489801203980612 ], [ 114.135276912744828, 22.489436406090043 ], [ 114.13567978222116, 22.488945526429802 ], [ 114.135623574970211, 22.488879219870434 ], [ 114.135607337346983, 22.488843970050315 ], [ 114.135595140952759, 22.488780510280137 ], [ 114.13560565331079, 22.488689640012606 ], [ 114.135656821311443, 22.488577071044478 ], [ 114.135669675502811, 22.488519324892245 ], [ 114.135657037039124, 22.488471993313709 ], [ 114.135582131288615, 22.488379069355261 ], [ 114.135561367272132, 22.488304346471008 ], [ 114.135575786649653, 22.488146164563211 ], [ 114.135596258389782, 22.48802658015072 ], [ 114.1356091246234, 22.487993703737914 ], [ 114.135594172078825, 22.487852518559123 ], [ 114.135605748429711, 22.48771251411808 ], [ 114.135602053884938, 22.487653102136015 ], [ 114.135576590214697, 22.487599039612437 ], [ 114.135430761957778, 22.487420362731793 ], [ 114.135381663948323, 22.487370177176931 ], [ 114.135280722945595, 22.487285608523948 ], [ 114.135131384172155, 22.487182352411558 ], [ 114.135047504988691, 22.487106466245049 ], [ 114.134897315274472, 22.487054953919895 ], [ 114.134758382050364, 22.486992246690249 ], [ 114.13464308546763, 22.486918663890684 ], [ 114.13448998397439, 22.486856801577506 ], [ 114.134334186086477, 22.486810515858341 ], [ 114.13412408107925, 22.486686508959739 ], [ 114.134102378107812, 22.486666564069679 ], [ 114.134089251608543, 22.486628533547549 ], [ 114.134087344492457, 22.486573294045524 ], [ 114.134072257903142, 22.486557622288181 ], [ 114.133969443903894, 22.486501001418745 ], [ 114.133836516013645, 22.486410391032198 ], [ 114.133799696918402, 22.486376444937022 ], [ 114.133766430910896, 22.486322596766431 ], [ 114.133748126185253, 22.486249590065782 ], [ 114.133728505149904, 22.48622235814274 ], [ 114.133607974909268, 22.486139372543942 ], [ 114.133404513392364, 22.48596900437127 ], [ 114.133354873830768, 22.48594548483802 ], [ 114.13323832257953, 22.485911598357692 ], [ 114.133133681109229, 22.485859410387409 ], [ 114.133102402253058, 22.485822503659591 ], [ 114.133065612732878, 22.485757375406486 ], [ 114.13301766386212, 22.485703911397408 ], [ 114.13284941904783, 22.485597920831378 ], [ 114.1327098209795, 22.485432888098586 ], [ 114.132517817487013, 22.485326791343155 ], [ 114.132481709858794, 22.48528819447888 ], [ 114.132443219072258, 22.485226632622929 ], [ 114.132141509668259, 22.484956910293779 ], [ 114.132026564580542, 22.484887687393062 ], [ 114.131975850564459, 22.484822952351166 ], [ 114.13192409397908, 22.484797165153243 ], [ 114.131847210958327, 22.484702315395175 ], [ 114.131786836502826, 22.484642056678474 ], [ 114.131634932480239, 22.484555042288537 ], [ 114.131585399407697, 22.484535233735201 ], [ 114.131437028594021, 22.484401442633182 ], [ 114.131347180355576, 22.484344670214202 ], [ 114.131295910626264, 22.484287068820855 ], [ 114.131231824883471, 22.48419608739438 ], [ 114.131215803200362, 22.484159311035778 ], [ 114.131199595982039, 22.484095678186605 ], [ 114.13119867493144, 22.48402998170031 ], [ 114.131255530893938, 22.483883325882555 ], [ 114.131290976905319, 22.48383321713046 ], [ 114.131306880115062, 22.483786507315823 ], [ 114.131312380931888, 22.483724704747779 ], [ 114.131301191785269, 22.483649153182061 ], [ 114.13130238207593, 22.48360485935968 ], [ 114.131314353775167, 22.483545749680001 ], [ 114.13133864853215, 22.483482209546494 ], [ 114.131349939204284, 22.483395764620703 ], [ 114.131383983001967, 22.483324334651584 ], [ 114.131392344792403, 22.483220126078809 ], [ 114.131434761676545, 22.483069113453492 ], [ 114.131428396161411, 22.483011551826056 ], [ 114.131449463636628, 22.482951026919377 ], [ 114.13145399699286, 22.482846013553985 ], [ 114.131437454842654, 22.482826241327672 ], [ 114.131337429594367, 22.48278169320297 ], [ 114.131109089196798, 22.482642569300431 ], [ 114.130923447311289, 22.482561613084457 ], [ 114.130860987773289, 22.482492846766256 ], [ 114.130755896877446, 22.482429098181388 ], [ 114.130609602649983, 22.482283964684822 ], [ 114.130542415264074, 22.482231830902489 ], [ 114.130474638841591, 22.482197866109445 ], [ 114.130365655259567, 22.482094400400854 ], [ 114.130240664359164, 22.482000348710347 ], [ 114.130209292972523, 22.481983470831317 ], [ 114.130101462638009, 22.4819482390633 ], [ 114.130031270147427, 22.481875605161321 ], [ 114.129969660193836, 22.481854365794845 ], [ 114.129896292886187, 22.481774000878165 ], [ 114.129789633966809, 22.481694908533544 ], [ 114.129744689375116, 22.481615680640431 ], [ 114.129657762812641, 22.481518370599456 ], [ 114.129480913454017, 22.481363185302513 ], [ 114.129466290002753, 22.481331800324906 ], [ 114.129466121339306, 22.481313441447934 ], [ 114.129426724254856, 22.481266643302316 ], [ 114.129374329174851, 22.481237784749261 ], [ 114.12936671293437, 22.481203268272107 ], [ 114.129386933031768, 22.481121865059979 ], [ 114.129380520775854, 22.481061630323481 ], [ 114.129403866418642, 22.481018616310315 ], [ 114.129403896888363, 22.480986224230538 ], [ 114.12942006082406, 22.480945221883339 ], [ 114.129409056791729, 22.480843373655695 ], [ 114.129372036987476, 22.480750069569204 ], [ 114.129300232119363, 22.480678346936603 ], [ 114.129274621894908, 22.480637503857114 ], [ 114.129231179779097, 22.480514063353869 ], [ 114.129214066255656, 22.480433534108354 ], [ 114.129223220466315, 22.480374793976296 ], [ 114.129193019805527, 22.480146920641307 ], [ 114.129180781548612, 22.48010295697263 ], [ 114.129134486628189, 22.480025209483774 ], [ 114.129102322460852, 22.479941596396753 ], [ 114.129066121747641, 22.479897914594844 ], [ 114.129027302395713, 22.4798114910609 ], [ 114.128979985676494, 22.47973864673672 ], [ 114.128978970910552, 22.47966601481842 ], [ 114.129027728786426, 22.479531873457539 ], [ 114.129044636353299, 22.479447435070075 ], [ 114.128999725068738, 22.479302880943528 ], [ 114.12896602449193, 22.479223222687725 ], [ 114.128960418784118, 22.479163674471764 ], [ 114.12894569913081, 22.479130483327523 ], [ 114.128702716066044, 22.478844237133551 ], [ 114.128659941677356, 22.478759898345665 ], [ 114.128567381228251, 22.478636135917785 ], [ 114.128470292286693, 22.478485912960892 ], [ 114.128321997647532, 22.478411566151323 ], [ 114.128298963548318, 22.47839740855817 ], [ 114.128233338347457, 22.478331737670683 ], [ 114.128146151479655, 22.478293007004737 ], [ 114.128123918824272, 22.478265665222295 ], [ 114.128057588931838, 22.478076178025145 ], [ 114.128040718221314, 22.478054210949903 ], [ 114.127963651834449, 22.478001594467976 ], [ 114.127780306186594, 22.477907207066679 ], [ 114.127699521295199, 22.477846326496124 ], [ 114.127660422401632, 22.477785061266289 ], [ 114.127671175945153, 22.477656344999819 ], [ 114.127663416339644, 22.477616807472927 ], [ 114.127652703453464, 22.477602888334452 ], [ 114.127617711826701, 22.477577863404488 ], [ 114.127521275101671, 22.477539030239548 ], [ 114.127400340199728, 22.477450540280149 ], [ 114.127372498627764, 22.477402941448617 ], [ 114.127363407068003, 22.477311045144809 ], [ 114.127340762646526, 22.477267520619332 ], [ 114.12726816460841, 22.477193611451074 ], [ 114.127164379081989, 22.477136426006005 ], [ 114.127058321842469, 22.476992204638879 ], [ 114.126949673309753, 22.476894136857368 ], [ 114.126879143551079, 22.476798221025614 ], [ 114.126746029025583, 22.47669775246219 ], [ 114.126707152033561, 22.476615960925066 ], [ 114.126627079978093, 22.476548740678339 ], [ 114.12657046590239, 22.476423904615004 ], [ 114.126492026277461, 22.476303423408279 ], [ 114.126463322547778, 22.476250008555994 ], [ 114.12643754612256, 22.476162811821986 ], [ 114.126384547268387, 22.475903233957407 ], [ 114.126371001265909, 22.475878441221891 ], [ 114.126341042258403, 22.475803578710231 ], [ 114.126293556225392, 22.475722949292731 ], [ 114.126263471820991, 22.475699271134591 ], [ 114.126229198565468, 22.47567810211229 ], [ 114.126207021918276, 22.475659248668379 ], [ 114.126191258287434, 22.475640641057058 ], [ 114.12616020199026, 22.475617639855518 ], [ 114.126135824244528, 22.475586152155206 ], [ 114.126109693464443, 22.475565699070373 ], [ 114.126078360107641, 22.475556469153215 ], [ 114.126056163730752, 22.475538536784768 ], [ 114.126039638372319, 22.475530485477162 ], [ 114.126024877039512, 22.475507958963661 ], [ 114.126013323671202, 22.475481559410547 ], [ 114.125995356303605, 22.475457659260123 ], [ 114.125972420133792, 22.475443402026873 ], [ 114.125936647994081, 22.475429357468951 ], [ 114.125914194241091, 22.475424492014533 ], [ 114.125896668324941, 22.475415754064475 ], [ 114.125786333217391, 22.475285446357312 ], [ 114.125752579081109, 22.475253495077805 ], [ 114.125718802911607, 22.475228668784251 ], [ 114.125692441255623, 22.475202228390568 ], [ 114.125635292768081, 22.475133985443239 ], [ 114.125577233493686, 22.475032456063012 ], [ 114.125537105609311, 22.474973185695124 ], [ 114.12549471670485, 22.47493226440767 ], [ 114.125477996366598, 22.474899894062585 ], [ 114.125425676274034, 22.474887180621209 ], [ 114.125391148671895, 22.474871528923948 ], [ 114.125360587635768, 22.474850144169679 ], [ 114.125295720739757, 22.474817911945397 ], [ 114.125227164564635, 22.474777424711448 ], [ 114.125193641842628, 22.474750972912485 ], [ 114.125048785280356, 22.474591945930328 ], [ 114.125014610614414, 22.474542068977406 ], [ 114.124988488566956, 22.474525227879276 ], [ 114.124982941230016, 22.474496653849638 ], [ 114.124960496859657, 22.474493178949714 ], [ 114.12487990938881, 22.47445868389417 ], [ 114.124836335065496, 22.47447068933603 ], [ 114.124815610393057, 22.474467675521854 ], [ 114.124777586254922, 22.474474499277719 ], [ 114.12474844573569, 22.47447457114103 ], [ 114.124688985094664, 22.474459118936611 ], [ 114.124634923491072, 22.474452951729031 ], [ 114.124515954226297, 22.474446465452196 ], [ 114.124486317124237, 22.47444929138485 ], [ 114.124470126632332, 22.474455706755748 ], [ 114.124438131908093, 22.474474931154838 ], [ 114.124343256977198, 22.474502614653339 ], [ 114.12426329577319, 22.474559832428859 ], [ 114.124202943908614, 22.474614374531644 ], [ 114.124171540702392, 22.474636588139042 ], [ 114.124029002478281, 22.474722050557727 ], [ 114.123949061678587, 22.474750452116208 ], [ 114.123881516848954, 22.474760083465924 ], [ 114.123859033140121, 22.474757809445556 ], [ 114.123760049128563, 22.474730784973296 ], [ 114.12365373294648, 22.474693445283982 ], [ 114.123600454292529, 22.474672486162071 ], [ 114.123552852605116, 22.474645334031283 ], [ 114.12349635765905, 22.474624590542152 ], [ 114.123403385703369, 22.474579470880112 ], [ 114.123283971658068, 22.474541891815129 ], [ 114.123257406585125, 22.47454060067103 ], [ 114.123196750415545, 22.474551696950847 ], [ 114.123150784413809, 22.474566780514074 ], [ 114.123098971619982, 22.474574872571591 ], [ 114.123032383687658, 22.474572520519104 ], [ 114.122901864665266, 22.474557061991529 ], [ 114.122777978013218, 22.474552405962864 ], [ 114.122705539243967, 22.474553591737976 ], [ 114.122575923056559, 22.474565323840601 ], [ 114.122411290860782, 22.474568979860315 ], [ 114.122284196335698, 22.474542974459705 ], [ 114.122244779944282, 22.474531682127122 ], [ 114.122193935403487, 22.474523627832983 ], [ 114.122128077324234, 22.474518584589685 ], [ 114.122051062183104, 22.474519262814706 ], [ 114.122031082274503, 22.474525089675762 ], [ 114.122015013003846, 22.474519458262538 ], [ 114.121979645881268, 22.47451486781242 ], [ 114.121882829170389, 22.474488023533699 ], [ 114.121811474690375, 22.474474769637233 ], [ 114.121745771701839, 22.474470773819355 ], [ 114.121684516589085, 22.474472820846152 ], [ 114.121633433392546, 22.474478664108126 ], [ 114.121563662128636, 22.474491508554106 ], [ 114.121462675412175, 22.474517625999379 ], [ 114.121393511403937, 22.474542688736584 ], [ 114.121344627677573, 22.474564074013589 ], [ 114.121290444468883, 22.474595092906881 ], [ 114.121227099614131, 22.474647266893093 ], [ 114.121194316733479, 22.474668016516251 ], [ 114.121152332200353, 22.474688464951527 ], [ 114.121108396206751, 22.474704867073932 ], [ 114.121029239394701, 22.47471522467912 ], [ 114.120941689562258, 22.474719935324831 ], [ 114.120873425713242, 22.474729041400806 ], [ 114.120869945994613, 22.474731830592408 ], [ 114.120810950628069, 22.474744145657066 ], [ 114.120731971343943, 22.474771995098124 ], [ 114.120702245791392, 22.474776942452436 ], [ 114.120649515619391, 22.474818500133082 ], [ 114.120610766387088, 22.474839581683344 ], [ 114.120595554855186, 22.474851469439304 ], [ 114.120506712163561, 22.474929316754132 ], [ 114.120474281196636, 22.474968434223108 ], [ 114.120441080577947, 22.474988515295042 ], [ 114.120402101196561, 22.475001866676273 ], [ 114.120377272971695, 22.475006481558925 ], [ 114.120333839152963, 22.475006096098156 ], [ 114.120250526943479, 22.474983653386055 ], [ 114.120226576738915, 22.474979626443627 ], [ 114.120188071281675, 22.474974447521795 ], [ 114.120075845172465, 22.474968086763965 ], [ 114.11997687565686, 22.4749784007548 ], [ 114.119770420709173, 22.474985028392691 ], [ 114.119721269935155, 22.474993183519 ], [ 114.119662874613653, 22.475010817291533 ], [ 114.119600423059623, 22.475038970039957 ], [ 114.119549495602328, 22.475067063645692 ], [ 114.119492635368701, 22.475108565295894 ], [ 114.11943180226848, 22.475170411042601 ], [ 114.119420086475429, 22.475187555634502 ], [ 114.119397701075741, 22.475206087109516 ], [ 114.119349900502428, 22.475262130907772 ], [ 114.119331337519895, 22.475295139495405 ], [ 114.119267601109584, 22.475351746500863 ], [ 114.119224429798763, 22.475374225851802 ], [ 114.119058343460765, 22.47543750577276 ], [ 114.119001994297335, 22.475464333002581 ], [ 114.118987330354628, 22.475467425175509 ], [ 114.118940941715351, 22.475468898545198 ], [ 114.118694488875022, 22.475505383057936 ], [ 114.118492047276419, 22.475555663540955 ], [ 114.118368569779918, 22.475569904935167 ], [ 114.118334956680769, 22.475576205005101 ], [ 114.118153038733681, 22.475621814750504 ], [ 114.118123795468321, 22.47563454602356 ], [ 114.118066732980466, 22.475647203941396 ], [ 114.117894304612875, 22.475655340622286 ], [ 114.117862094012736, 22.47565380270424 ], [ 114.117781547311196, 22.475640317903505 ], [ 114.117725648220357, 22.475636179551092 ], [ 114.117700693575799, 22.475640559183752 ], [ 114.117649498239018, 22.475657373097285 ], [ 114.117610238444698, 22.475666425220368 ], [ 114.11753973858022, 22.475676630772416 ], [ 114.117438515457906, 22.475683700454749 ], [ 114.117328953737129, 22.475717153874456 ], [ 114.117261862673317, 22.475731469402525 ], [ 114.117182762852792, 22.475765548042638 ], [ 114.117155027736246, 22.475773240724944 ], [ 114.117062238492423, 22.475780864147669 ], [ 114.117023722941141, 22.475776325626391 ], [ 114.116976620533663, 22.475765236856308 ], [ 114.116934187338458, 22.475764814729299 ], [ 114.116872109016143, 22.475781633382542 ], [ 114.116793045534337, 22.475798752722078 ], [ 114.116756677971466, 22.475815427385648 ], [ 114.116726329447019, 22.475822071492033 ], [ 114.116629128738936, 22.475852097484402 ], [ 114.116541864770014, 22.475890299660968 ], [ 114.116434235167276, 22.475948821629817 ], [ 114.116380310098165, 22.475963412634282 ], [ 114.116337437296153, 22.475968263948506 ], [ 114.116251074947954, 22.475966145495899 ], [ 114.116183906031139, 22.475957893534719 ], [ 114.11611709839346, 22.4759456321767 ], [ 114.116055762140022, 22.475953817716306 ], [ 114.116018393669776, 22.475948114463669 ], [ 114.11600104858411, 22.475949327026754 ], [ 114.115969240065709, 22.475961469963135 ], [ 114.115945399400431, 22.475973498506942 ], [ 114.115837190120246, 22.475957139644894 ], [ 114.115758051981402, 22.475922414827426 ], [ 114.115604255946693, 22.475829352238115 ], [ 114.115538558197855, 22.475768263599704 ], [ 114.115450496211452, 22.475654401697252 ], [ 114.115360914160789, 22.475572488780429 ], [ 114.115277306636074, 22.475537743961205 ], [ 114.115186223232257, 22.475511349375974 ], [ 114.114744196574691, 22.475466343748995 ], [ 114.114588763389364, 22.475451726788847 ], [ 114.114517575318132, 22.475436203096589 ], [ 114.114441882442492, 22.475412252250976 ], [ 114.114360122036743, 22.475354507199132 ], [ 114.114287473040335, 22.475260192451522 ], [ 114.11425265100732, 22.475232022100002 ], [ 114.114245354918381, 22.475229310142979 ], [ 114.114215507307208, 22.475245670700424 ], [ 114.114219232828773, 22.475258405035127 ], [ 114.114227940201744, 22.475277507748039 ], [ 114.114243486890956, 22.475299520909751 ], [ 114.11426752653631, 22.475320480806801 ], [ 114.114322953298455, 22.475358944789139 ], [ 114.114345634259578, 22.475376237798478 ], [ 114.113934489990001, 22.475435019467682 ], [ 114.113900129592651, 22.475438970413141 ], [ 114.113821886727536, 22.475445983580332 ], [ 114.113783415508209, 22.475451278426466 ], [ 114.113759918110702, 22.475456064387757 ], [ 114.113741551101214, 22.475461032961519 ], [ 114.113723581984161, 22.47546709436935 ], [ 114.11370154998518, 22.475475926522332 ], [ 114.113673460163554, 22.475494129871958 ], [ 114.113646515663888, 22.475515096972938 ], [ 114.11356711944336, 22.475601062496185 ], [ 114.113511058536687, 22.475611199708045 ], [ 114.11333832330466, 22.47569518689431 ], [ 114.113153211847973, 22.475793382881896 ], [ 114.113213022951342, 22.475869632236012 ], [ 114.113228007920284, 22.47588737388535 ], [ 114.113243809441045, 22.475904384391558 ], [ 114.113271102114268, 22.475929869956936 ], [ 114.113303290937807, 22.475957867902505 ], [ 114.113329332256271, 22.475978756483045 ], [ 114.113356345859245, 22.475998345062216 ], [ 114.113380339420885, 22.476013787487421 ], [ 114.113400962963169, 22.476025453869351 ], [ 114.113435080933428, 22.476042110344867 ], [ 114.113470239070224, 22.476057764845713 ], [ 114.113504480514081, 22.476102081519063 ], [ 114.113513685026589, 22.476117608419063 ], [ 114.113578172628735, 22.476103103792141 ], [ 114.113615718324098, 22.476103561007889 ], [ 114.113650645590923, 22.476114149315499 ], [ 114.113683680518264, 22.476119354746487 ], [ 114.113722031546359, 22.476122394951847 ], [ 114.113760859830521, 22.476122942939998 ], [ 114.113800009535424, 22.476121802356634 ], [ 114.113888529487795, 22.476123019922728 ], [ 114.113971429716116, 22.476131739525027 ], [ 114.114187321274116, 22.476104425269291 ], [ 114.11434613701681, 22.476096476917842 ], [ 114.114375686092899, 22.476096163271947 ], [ 114.114400075130703, 22.476096723573011 ], [ 114.114424113900881, 22.476098313202286 ], [ 114.114443041351251, 22.476100478796806 ], [ 114.114461638012855, 22.476103574394045 ], [ 114.114479806567942, 22.476107934081764 ], [ 114.114492912468663, 22.476112689148469 ], [ 114.114509835559872, 22.476120868217254 ], [ 114.114526223527392, 22.476130609339489 ], [ 114.114543193732644, 22.47614208452482 ], [ 114.114581961291222, 22.476169813843999 ], [ 114.114602195702432, 22.476182780301983 ], [ 114.114606782125705, 22.476204373796691 ], [ 114.114622331984606, 22.476263158774472 ], [ 114.114625443112914, 22.476281031167861 ], [ 114.114626601261904, 22.476298658986458 ], [ 114.114625116578054, 22.476315942629594 ], [ 114.114619986286996, 22.476337216309823 ], [ 114.11461153095037, 22.476362687849967 ], [ 114.114600957394174, 22.47638802311582 ], [ 114.114586456495587, 22.476417212852251 ], [ 114.114567785490649, 22.476449895747727 ], [ 114.114542601154312, 22.476489321845175 ], [ 114.114521443784923, 22.476519375923438 ], [ 114.114507064441867, 22.476537431196782 ], [ 114.114488864983173, 22.476558564363383 ], [ 114.114421883343013, 22.476630709530156 ], [ 114.114397180189883, 22.476658694253786 ], [ 114.114365475358468, 22.476698957625874 ], [ 114.114342772552419, 22.476729859940011 ], [ 114.114327875526371, 22.476753802826938 ], [ 114.114321670676489, 22.476765991482033 ], [ 114.114316554060863, 22.476778306984649 ], [ 114.114312768610333, 22.476790731368222 ], [ 114.114311112971635, 22.476799119981987 ], [ 114.113898009356888, 22.476782592848132 ], [ 114.113859062922657, 22.476760855195316 ], [ 114.11383960772514, 22.47671016188848 ], [ 114.113863089516485, 22.476471224153155 ], [ 114.113812461240599, 22.476438620702428 ], [ 114.113769612742246, 22.476431363133162 ], [ 114.113652617615912, 22.476424935729828 ], [ 114.113584107717742, 22.476452586406523 ], [ 114.113546817145519, 22.476467636909032 ], [ 114.113522286318627, 22.476471901464421 ], [ 114.113494690951057, 22.476472603035795 ], [ 114.113460590617507, 22.476471392022606 ], [ 114.113429348899729, 22.476468029365584 ], [ 114.11337205412552, 22.476455457798064 ], [ 114.113343698042613, 22.476443336215333 ], [ 114.113310403132999, 22.476425545193109 ], [ 114.113199895161415, 22.476326108709429 ], [ 114.113142236127871, 22.476280298123626 ], [ 114.11303869125156, 22.476205985179465 ], [ 114.112962246202017, 22.476171071141327 ], [ 114.112930273320472, 22.476167182527846 ], [ 114.112904602188479, 22.476170322341094 ], [ 114.112860404804309, 22.476185310020828 ], [ 114.112818128149513, 22.4762015483509 ], [ 114.112733535864891, 22.476218784148916 ], [ 114.112654873202032, 22.476219093123124 ], [ 114.11257616670747, 22.47621499799811 ], [ 114.112550395616751, 22.476212202649979 ], [ 114.111705031169549, 22.476227799561521 ], [ 114.111629522885835, 22.476264529792548 ], [ 114.111593500329519, 22.476299228809452 ], [ 114.111584199404859, 22.476372567016757 ], [ 114.111568549078925, 22.476517376988294 ], [ 114.111587967801171, 22.476644099112903 ], [ 114.111630773871099, 22.476741867432757 ], [ 114.111755391555661, 22.476832427967523 ], [ 114.111954028050221, 22.476919397799843 ], [ 114.112031901889992, 22.477002698488363 ], [ 114.112059122475301, 22.477107701240946 ], [ 114.11207433628914, 22.477900576528238 ], [ 114.112054809162146, 22.47800556048654 ], [ 114.112015813803268, 22.478088814173734 ], [ 114.112004437705139, 22.47816689786735 ] ] ] ] } },
{ "type": "Feature", "properties": { "2024": 29, "2023": 28, "2022": 15, "2021": 135, "2020": 60, "2019": 47, "2018": 58, "2017": 75, "2016": 45, "2015": 78, "2014": 70, "2013": 87, "2012": 52, "2011": 58, "2010": 46, "2009": 35, "2008": 40, "2007": 36, "2006": 19, "2005": 28, "2004": 18, "2003": 50, "2002": 44, "2001": 803, "2000": 3269, "1999": 0, "1998": 0, "CACODE": "N14", "ENAME": "Tin Ping West", "CNAME": "天平西", "18_districts": "北區 ", "hk_islands": "43", "kowloon": "53", "new_towns": 106, "others": "62", "index_right": 98761, "location": "TAI PO, NORTH & SHATIN (2)", "estate_name": "TIN PING ESTATE", "transaction_price": 149500, "saleable_floor_area": 35, "floor_level": "H", "transaction_price_per_sq": 4271, "discount_rate": 55, "assignment_date": 21, "month": 2, "year": 2001, "credit_level": "F" }, "geometry": { "type": "MultiPolygon", "coordinates": [ [ [ [ 114.135344253902957, 22.507561741155126 ], [ 114.135249119981708, 22.507477237382911 ], [ 114.13491850839749, 22.507183573909668 ], [ 114.134739326411037, 22.507030037744201 ], [ 114.134481786896359, 22.506855584481496 ], [ 114.134001359925335, 22.506531808460657 ], [ 114.13368205379345, 22.506371704813496 ], [ 114.132775391324387, 22.505972081548514 ], [ 114.132036499619076, 22.505700108290533 ], [ 114.1321355770568, 22.5052983830127 ], [ 114.13218746331296, 22.505156051438078 ], [ 114.132255052424185, 22.50502223984487 ], [ 114.132341966036819, 22.504907749555638 ], [ 114.13242378618051, 22.504825713020495 ], [ 114.13256365563646, 22.504717188225914 ], [ 114.133269665140205, 22.504303780010076 ], [ 114.133438271486625, 22.504196707079483 ], [ 114.133608312657671, 22.504068981860925 ], [ 114.134037867820638, 22.503678712933255 ], [ 114.134988582928955, 22.502854768262587 ], [ 114.134525728888065, 22.502439673905243 ], [ 114.134005824170359, 22.502892545945102 ], [ 114.133818191004266, 22.502715446151665 ], [ 114.133408987734228, 22.501398705617174 ], [ 114.133171877270414, 22.501694404843736 ], [ 114.133080287406941, 22.501791601164122 ], [ 114.131658638209288, 22.503186033504814 ], [ 114.130724047957528, 22.504115474114592 ], [ 114.130631012878524, 22.50419402987734 ], [ 114.130517242604171, 22.504287154667715 ], [ 114.129328304588213, 22.505470502297861 ], [ 114.128880754472974, 22.505906103788107 ], [ 114.128628954495767, 22.506219960896839 ], [ 114.128681709088795, 22.506303823793242 ], [ 114.12931120423589, 22.507304450829022 ], [ 114.130578265821399, 22.507241643173437 ], [ 114.130786417644345, 22.507771470230075 ], [ 114.130896078569606, 22.507710374888546 ], [ 114.131079465235743, 22.507628566676107 ], [ 114.131240572154823, 22.507527724931169 ], [ 114.131363152887488, 22.507425923960209 ], [ 114.131525790797397, 22.507248423436888 ], [ 114.13166346189, 22.507035643066679 ], [ 114.132717849386196, 22.507644519959065 ], [ 114.132906826249112, 22.507799623287774 ], [ 114.133328872286754, 22.507813445975316 ], [ 114.134385375643888, 22.507774770848552 ], [ 114.134890256911433, 22.508047729059427 ], [ 114.135024993056206, 22.507884422534058 ], [ 114.135161968846745, 22.507738265169024 ], [ 114.135335485034091, 22.507569405691029 ], [ 114.135344253902957, 22.507561741155126 ] ] ] ] } },
{ "type": "Feature", "properties": { "2024": 96, "2023": 66, "2022": 45, "2021": 605, "2020": 135, "2019": 125, "2018": 372, "2017": 268, "2016": 320, "2015": 268, "2014": 425, "2013": 243, "2012": 177, "2011": 110, "2010": 82, "2009": 28, "2008": 157, "2007": 1426, "2006": 2035, "2005": 0, "2004": 0, "2003": 0, "2002": 0, "2001": 0, "2000": 0, "1999": 0, "1998": 0, "CACODE": "M07", "ENAME": "Nam Ping", "CNAME": "南屏", "18_districts": "元朗區 ", "hk_islands": "126", "kowloon": "317", "new_towns": 618, "others": "166", "index_right": 17912, "location": "TUEN MUN & YUEN LONG (2)", "estate_name": "LONG PING ESTATE", "transaction_price": 399500, "saleable_floor_area": 33, "floor_level": "L", "transaction_price_per_sq": 12106, "discount_rate": 75, "assignment_date": 1, "month": 11, "year": 2017, "credit_level": "0" }, "geometry": { "type": "MultiPolygon", "coordinates": [ [ [ [ 114.023778483013018, 22.449510817239617 ], [ 114.023974502797742, 22.449425927360529 ], [ 114.024286141749528, 22.449286250597396 ], [ 114.024434597937372, 22.449249595494372 ], [ 114.02456001837237, 22.449237443260227 ], [ 114.02470083072383, 22.449233485844726 ], [ 114.024821824125894, 22.449245870456323 ], [ 114.024905424360242, 22.449250039375574 ], [ 114.025035229421064, 22.449252206612304 ], [ 114.025231075989112, 22.449219669058596 ], [ 114.02543488426717, 22.449123506800007 ], [ 114.025932208183391, 22.4487181225009 ], [ 114.025934868127962, 22.448387710661081 ], [ 114.025966205874767, 22.447752404161943 ], [ 114.025937221680365, 22.446104630679329 ], [ 114.023440724972943, 22.446134425941953 ], [ 114.023058386382004, 22.446138409996028 ], [ 114.022800122108364, 22.446128614390219 ], [ 114.022646625894438, 22.4464040765505 ], [ 114.022549675143651, 22.446490496328046 ], [ 114.022379100459887, 22.446562396024419 ], [ 114.022305421648099, 22.446600162100847 ], [ 114.022252893113844, 22.446661338113238 ], [ 114.022172272140196, 22.446782621831609 ], [ 114.022072396352357, 22.446920609374594 ], [ 114.022005656494031, 22.44706868955037 ], [ 114.021996741666186, 22.447161920171308 ], [ 114.021967441143673, 22.447302496731467 ], [ 114.021868249439208, 22.447576600541698 ], [ 114.021512073230141, 22.448292876778758 ], [ 114.021426312478624, 22.448447756350991 ], [ 114.021353411140495, 22.448657553254399 ], [ 114.021333020683983, 22.448822067978163 ], [ 114.02131916628575, 22.449223637673093 ], [ 114.021300998296567, 22.449311666817216 ], [ 114.021259795061809, 22.449409336311476 ], [ 114.021185498663058, 22.449536620769692 ], [ 114.021259605868849, 22.449578927518768 ], [ 114.021722658666619, 22.44989507686498 ], [ 114.021891541458103, 22.450037468277301 ], [ 114.022105435106596, 22.450240406516656 ], [ 114.022287175617251, 22.45044062261805 ], [ 114.022821395174688, 22.45018614117776 ], [ 114.022905276386908, 22.450070162174939 ], [ 114.022958995948088, 22.449994962865492 ], [ 114.022969600818371, 22.449980903573028 ], [ 114.022983631581525, 22.449961212560076 ], [ 114.023060429003067, 22.449846400674765 ], [ 114.023778483013018, 22.449510817239617 ] ] ] ] } },
{ "type": "Feature", "properties": { "2024": 41, "2023": 25, "2022": 61, "2021": 87, "2020": 21, "2019": 56, "2018": 89, "2017": 82, "2016": 40, "2015": 90, "2014": 63, "2013": 74, "2012": 53, "2011": 28, "2010": 17, "2009": 7, "2008": 25, "2007": 22, "2006": 16, "2005": 9, "2004": 15, "2003": 0, "2002": 714, "2001": 2611, "2000": 0, "1999": 0, "1998": 0, "CACODE": "Q22", "ENAME": "King Lam", "CNAME": "景林", "18_districts": "西貢區 ", "hk_islands": "34", "kowloon": "141", "new_towns": 219, "others": "40", "index_right": 88008, "location": "KOWLOON WEST & SAI KUNG (2)", "estate_name": "KING LAM ESTATE", "transaction_price": 130600, "saleable_floor_area": 34, "floor_level": "M", "transaction_price_per_sq": 3841, "discount_rate": 55, "assignment_date": 19, "month": 10, "year": 2001, "credit_level": "F" }, "geometry": { "type": "MultiPolygon", "coordinates": [ [ [ [ 114.262732697604264, 22.319460432849759 ], [ 114.262426891258428, 22.318838901815894 ], [ 114.262199962452755, 22.318448764571897 ], [ 114.261984220069749, 22.318145215432963 ], [ 114.261923448283596, 22.318059709596135 ], [ 114.261625832916138, 22.317699093458319 ], [ 114.260976443793083, 22.318394967734687 ], [ 114.260627892509959, 22.31873139318121 ], [ 114.260290183588893, 22.319072020542468 ], [ 114.25948711985609, 22.320054110993077 ], [ 114.258363233679461, 22.32146025474054 ], [ 114.259700332607466, 22.322406325319715 ], [ 114.260513382932018, 22.322981589379847 ], [ 114.260870523283415, 22.322593206924711 ], [ 114.261628320954259, 22.321817455376262 ], [ 114.261740347657692, 22.321702780559232 ], [ 114.261993571484041, 22.321416242733726 ], [ 114.262151224383501, 22.321203254763041 ], [ 114.262264720290133, 22.321000304828257 ], [ 114.262447331190302, 22.320572104539998 ], [ 114.262499586598793, 22.320409932760018 ], [ 114.262628989940978, 22.319731315073973 ], [ 114.262732697604264, 22.319460432849759 ] ] ] ] } },
{ "type": "Feature", "properties": { "2024": 38, "2023": 22, "2022": 21, "2021": 209, "2020": 45, "2019": 64, "2018": 151, "2017": 96, "2016": 67, "2015": 115, "2014": 110, "2013": 66, "2012": 70, "2011": 49, "2010": 22, "2009": 13, "2008": 54, "2007": 582, "2006": 2396, "2005": 0, "2004": 0, "2003": 0, "2002": 0, "2001": 0, "2000": 0, "1999": 0, "1998": 0, "CACODE": "Q17", "ENAME": "Tsui Lam", "CNAME": "翠林", "18_districts": "西貢區 ", "hk_islands": "74", "kowloon": "54", "new_towns": 57, "others": "13", "index_right": 44119, "location": "KOWLOON WEST & SAI KUNG (2)", "estate_name": "TSUI LAM ESTATE", "transaction_price": 126600, "saleable_floor_area": 32, "floor_level": "L", "transaction_price_per_sq": 3956, "discount_rate": 60, "assignment_date": 20, "month": 10, "year": 2006, "credit_level": "F" }, "geometry": { "type": "MultiPolygon", "coordinates": [ [ [ [ 114.24963114803576, 22.324701758259337 ], [ 114.249638939495469, 22.32465909428301 ], [ 114.24965731212103, 22.324618890902411 ], [ 114.249186952812238, 22.323337778976764 ], [ 114.249212558805468, 22.323283150566979 ], [ 114.249258576751444, 22.32320927788831 ], [ 114.249282856409323, 22.323142567135939 ], [ 114.249403011195852, 22.322920153287015 ], [ 114.24947331166986, 22.322804584489248 ], [ 114.249571772771262, 22.322694963213781 ], [ 114.249665280754314, 22.32259862809461 ], [ 114.25003455908778, 22.322425074524574 ], [ 114.250021220873379, 22.322384144899612 ], [ 114.249993175261181, 22.322263824996671 ], [ 114.249978460125803, 22.322150949306984 ], [ 114.249975732746591, 22.322039305396792 ], [ 114.249989001088963, 22.321927663298545 ], [ 114.250023573711857, 22.321796153321014 ], [ 114.250063494347742, 22.321701855967301 ], [ 114.250119417085244, 22.321619959396575 ], [ 114.250241221722121, 22.321402203927764 ], [ 114.250255856516688, 22.321361261648789 ], [ 114.250303737675679, 22.321196251126899 ], [ 114.250442105267979, 22.320821563467494 ], [ 114.250579126103204, 22.320415865246947 ], [ 114.250682889888012, 22.320095773962841 ], [ 114.250760081579116, 22.319929512738778 ], [ 114.250855937151954, 22.319780608777613 ], [ 114.250941155782783, 22.319688773911885 ], [ 114.251037052975107, 22.319619266760572 ], [ 114.251170261136849, 22.319552216831386 ], [ 114.251292818108524, 22.319514945536799 ], [ 114.251399397199521, 22.319492572940053 ], [ 114.251521973861088, 22.319492516521155 ], [ 114.251644559778384, 22.319509825828192 ], [ 114.251735186189123, 22.319531312911455 ], [ 114.251864121160651, 22.319387621776105 ], [ 114.251922132766495, 22.319258881931209 ], [ 114.251967775518324, 22.319051310749273 ], [ 114.251964410551977, 22.318893710457722 ], [ 114.251891661952143, 22.318707217317353 ], [ 114.251991613306956, 22.318489398337405 ], [ 114.252118235629666, 22.318288752122857 ], [ 114.252291160753146, 22.318081491932645 ], [ 114.252547757861421, 22.317853078983298 ], [ 114.25279423552827, 22.317507588750679 ], [ 114.252613324432005, 22.317500015459299 ], [ 114.252176275135895, 22.317435713612142 ], [ 114.252069673796086, 22.317413430457481 ], [ 114.251611919156844, 22.317251759824384 ], [ 114.251340171318219, 22.317170257400626 ], [ 114.25114031339001, 22.317159656890407 ], [ 114.251020402207359, 22.317167378769234 ], [ 114.250946178682213, 22.317179694316039 ], [ 114.250708585000353, 22.317262098520676 ], [ 114.250556732020982, 22.317344038978458 ], [ 114.250439533862263, 22.3174358881861 ], [ 114.250325605017593, 22.317562142380112 ], [ 114.249815666449337, 22.318264528258105 ], [ 114.249662281438717, 22.318445985669999 ], [ 114.249548345357894, 22.318542465452037 ], [ 114.249402599440529, 22.318651123598656 ], [ 114.249206781178572, 22.318761176621205 ], [ 114.249021066280022, 22.318833097756652 ], [ 114.248880983319339, 22.318876073428402 ], [ 114.248132932751489, 22.319038141973714 ], [ 114.247977795323933, 22.319061825113462 ], [ 114.247875193722066, 22.319061617244788 ], [ 114.247639154495516, 22.319041464880932 ], [ 114.247284715559104, 22.318969193942554 ], [ 114.246931534620799, 22.318869206801981 ], [ 114.246798936206389, 22.318838216904144 ], [ 114.24668927088949, 22.318822596114565 ], [ 114.246572825712249, 22.318816144216463 ], [ 114.246459453870116, 22.318822297619473 ], [ 114.246300932208825, 22.318852410389283 ], [ 114.246166210695748, 22.318904764203793 ], [ 114.246086634410446, 22.318949445451675 ], [ 114.245942766578352, 22.319054532604152 ], [ 114.245826897025026, 22.319172927837243 ], [ 114.245704605019426, 22.3193371740206 ], [ 114.245663750518503, 22.319412027869355 ], [ 114.24552010496167, 22.319576264912055 ], [ 114.245477410093031, 22.319619476304922 ], [ 114.245402767522563, 22.319671731790478 ], [ 114.245158746700398, 22.31988549855949 ], [ 114.245085958519226, 22.319939405714432 ], [ 114.245312512285508, 22.320329639345765 ], [ 114.245374139063713, 22.320495198184275 ], [ 114.245401117261792, 22.320624866032244 ], [ 114.24540934500466, 22.320718076288742 ], [ 114.245405494141238, 22.320822399276697 ], [ 114.245331083834571, 22.321312132440603 ], [ 114.245314496108563, 22.32147124937616 ], [ 114.245313591004702, 22.321605498475716 ], [ 114.24531975150785, 22.321659263992181 ], [ 114.245342047268466, 22.321740439554269 ], [ 114.245374595606677, 22.321807631428928 ], [ 114.245428482263705, 22.321883420419194 ], [ 114.245524056643816, 22.321978607495669 ], [ 114.245604342700403, 22.322031592036154 ], [ 114.245678473462874, 22.322061415694474 ], [ 114.245819907536543, 22.322092935535704 ], [ 114.245967459286874, 22.322090606004473 ], [ 114.246088896979415, 22.322059470893304 ], [ 114.246184268110397, 22.322017194068724 ], [ 114.246287419203242, 22.321946602964474 ], [ 114.246341339310945, 22.32189285689277 ], [ 114.24638503449394, 22.321830382611854 ], [ 114.24644181055244, 22.3217032617586 ], [ 114.246656734153717, 22.322017235099498 ], [ 114.246951424483257, 22.322468167659515 ], [ 114.24658976112616, 22.322738473670114 ], [ 114.246536245636293, 22.323568208848258 ], [ 114.246650983148569, 22.32362654220848 ], [ 114.246728747432314, 22.323680502567829 ], [ 114.246799556244866, 22.323742205102874 ], [ 114.246862525926502, 22.32381086454339 ], [ 114.246916869843091, 22.323885632363432 ], [ 114.246961908083733, 22.323965578715409 ], [ 114.246997077167407, 22.324049692425337 ], [ 114.247021939777028, 22.324136935171662 ], [ 114.24703618474696, 22.324226214393079 ], [ 114.247039532264608, 22.324320907652123 ], [ 114.247204330820381, 22.325027488426318 ], [ 114.247233318382769, 22.325113627607188 ], [ 114.247272107698393, 22.325196357993132 ], [ 114.247320242101608, 22.325274722533891 ], [ 114.24737717759254, 22.325347818399685 ], [ 114.247442234295846, 22.325414778941514 ], [ 114.247514654725506, 22.325474827849877 ], [ 114.247593613491389, 22.325527279151075 ], [ 114.247678188166375, 22.325571510128608 ], [ 114.247782921257155, 22.325612147098489 ], [ 114.24786582780925, 22.325658880178981 ], [ 114.247956269055237, 22.325691341590201 ], [ 114.248051429603834, 22.325708521131443 ], [ 114.248148358409864, 22.325709887288504 ], [ 114.248244036732729, 22.325695405265797 ], [ 114.248335504315477, 22.325665518869865 ], [ 114.248874057256572, 22.325369275978751 ], [ 114.248951758160331, 22.325315265634252 ], [ 114.249020572753963, 22.325251686791624 ], [ 114.249079162194761, 22.325179777248547 ], [ 114.249126362455812, 22.325100955336563 ], [ 114.24916350055895, 22.325009865337389 ], [ 114.24922764401191, 22.324942134420763 ], [ 114.24937481891007, 22.324824761348417 ], [ 114.249456569650491, 22.324776140205497 ], [ 114.24963114803576, 22.324701758259337 ] ] ] ] } },
{ "type": "Feature", "properties": { "2024": 34, "2023": 29, "2022": 26, "2021": 134, "2020": 64, "2019": 59, "2018": 151, "2017": 86, "2016": 83, "2015": 110, "2014": 181, "2013": 79, "2012": 117, "2011": 29, "2010": 71, "2009": 11, "2008": 28, "2007": 47, "2006": 183, "2005": 2793, "2004": 9, "2003": 0, "2002": 0, "2001": 0, "2000": 0, "1999": 0, "1998": 0, "CACODE": "Q18", "ENAME": "Po Lam", "CNAME": "寶林", "18_districts": "西貢區 ", "hk_islands": "35", "kowloon": "77", "new_towns": 115, "others": "33", "index_right": 60958, "location": "KOWLOON WEST & SAI KUNG (2)", "estate_name": "PO LAM ESTATE", "transaction_price": 180000, "saleable_floor_area": 35, "floor_level": "M", "transaction_price_per_sq": 5143, "discount_rate": 60, "assignment_date": 2, "month": 3, "year": 2005, "credit_level": "H" }, "geometry": { "type": "MultiPolygon", "coordinates": [ [ [ [ 114.25690672784161, 22.326957869496518 ], [ 114.256708082629217, 22.326391704958596 ], [ 114.257354825832536, 22.325973576129137 ], [ 114.256813959426069, 22.325180724034102 ], [ 114.256977322246726, 22.325036081792366 ], [ 114.257092355612031, 22.32507594005309 ], [ 114.257140110642439, 22.325092487520614 ], [ 114.257217900316178, 22.324894290899962 ], [ 114.257159408479581, 22.324874858989052 ], [ 114.257193547779465, 22.324844625740457 ], [ 114.257308082664835, 22.324743227726721 ], [ 114.257095670918432, 22.324559398128169 ], [ 114.256808531120512, 22.324341939116039 ], [ 114.256404522110302, 22.324044760820783 ], [ 114.256300244857684, 22.323971528786313 ], [ 114.255482238069533, 22.323381923537109 ], [ 114.2545290342903, 22.324148465673183 ], [ 114.254480752373496, 22.324213527068792 ], [ 114.253975157947863, 22.324596168500673 ], [ 114.252958355539377, 22.323384663531442 ], [ 114.252714077330154, 22.323507910074984 ], [ 114.252500487622612, 22.323644985814397 ], [ 114.252347393968563, 22.323759032204389 ], [ 114.252173476131489, 22.323919902676284 ], [ 114.252062228444814, 22.324039067743705 ], [ 114.251890911061864, 22.32427222652527 ], [ 114.251777142371239, 22.324469994760232 ], [ 114.251718348768193, 22.324592702407443 ], [ 114.25160846117565, 22.324861575536751 ], [ 114.251205946656512, 22.326175818827437 ], [ 114.25134108274726, 22.326236577737454 ], [ 114.251938298079068, 22.326395538375362 ], [ 114.252107208747063, 22.326430001999814 ], [ 114.253080649571544, 22.326680859079186 ], [ 114.253293848682489, 22.326745814958755 ], [ 114.253226647857531, 22.327007850881465 ], [ 114.253153971098229, 22.327035681243778 ], [ 114.25316125352046, 22.327058218143772 ], [ 114.252903018039035, 22.327158353216287 ], [ 114.252703091176471, 22.327387841719332 ], [ 114.252815727126162, 22.327605769101432 ], [ 114.252824858749349, 22.32770919205225 ], [ 114.252890307202733, 22.32766834313453 ], [ 114.253059258543544, 22.327613628762283 ], [ 114.253184325098516, 22.32755626183943 ], [ 114.253445228434828, 22.327488075253637 ], [ 114.253664979910766, 22.327480421675688 ], [ 114.253770154087945, 22.327505440679037 ], [ 114.254015417874172, 22.327627769711324 ], [ 114.254084098047571, 22.327674759222415 ], [ 114.254102022590004, 22.327703783992476 ], [ 114.254208898119117, 22.328014872595041 ], [ 114.254242433695694, 22.328084184339897 ], [ 114.254332578355545, 22.328241977726169 ], [ 114.254430386809602, 22.328286135615659 ], [ 114.254501889849678, 22.32829406633957 ], [ 114.254618598721748, 22.328271108825309 ], [ 114.254675100129319, 22.328235085812938 ], [ 114.255179748793154, 22.32799870206188 ], [ 114.255187853301095, 22.327528593270667 ], [ 114.255986066980768, 22.327300679997471 ], [ 114.256800159378614, 22.326990242551204 ], [ 114.25690672784161, 22.326957869496518 ] ] ] ] } }
]
}
