{
"type": "FeatureCollection",
"name": "已落成的公共屋邨屋苑的休憩用地 OpenSpaceinExistingPublicHousingEstatesCourts",
"crs": { "type": "name", "properties": { "name": "urn:ogc:def:crs:OGC:1.3:CRS84" } },
"features": [
{ "type": "Feature", "properties": { "ADDRESS_ENGNM": "Central & Western", "ADDRESS_CHTNM": "中西區 / 中西区", "BLDG_ENGNM": "Sai Wan Estate", "BLDG_CHTNM": "西環邨 / 西环邨", "OS_STATUS": "Exist", "OS_STATUS_CHTNM": "現存 / 现存", "OS_TYPE": "Ancillary", "OS_TYPE_CHTNM": "附屬休憩用地 / 附属休憩用地", "BEACH": "No", "BEACH_CHTNM": "否 / 否", "AMENITY_AREA": "No", "AMENITY_AREA_CHTNM": "否 / 否", "INDOOR_FACILITIES": "No", "INDOOR_FACILITIES_CHTNM": "否 / 否", "OS_AREA": "1900", "OS_AREA_CHTNM": "1900", "REMARK": "-", "REMARK_CHTNM": "-", "LAST_UPDATE": "03/2024", "OBJECTID_1": 1 }, "geometry": { "type": "Point", "coordinates": [ 114.1252, 22.281 ] } },
{ "type": "Feature", "properties": { "ADDRESS_ENGNM": "Eastern", "ADDRESS_CHTNM": "東區 / 东区", "BLDG_ENGNM": "Chai Wan Estate", "BLDG_CHTNM": "柴灣邨 / 柴湾邨", "OS_STATUS": "Exist", "OS_STATUS_CHTNM": "現存 / 现存", "OS_TYPE": "Ancillary", "OS_TYPE_CHTNM": "附屬休憩用地 / 附属休憩用地", "BEACH": "No", "BEACH_CHTNM": "否 / 否", "AMENITY_AREA": "No", "AMENITY_AREA_CHTNM": "否 / 否", "INDOOR_FACILITIES": "No", "INDOOR_FACILITIES_CHTNM": "否 / 否", "OS_AREA": "4400", "OS_AREA_CHTNM": "4400", "REMARK": "-", "REMARK_CHTNM": "-", "LAST_UPDATE": "03/2024", "OBJECTID_1": 2 }, "geometry": { "type": "Point", "coordinates": [ 114.242, 22.2636 ] } },
{ "type": "Feature", "properties": { "ADDRESS_ENGNM": "Eastern", "ADDRESS_CHTNM": "東區 / 东区", "BLDG_ENGNM": "Hing Man Estate", "BLDG_CHTNM": "興民邨 / 兴民邨", "OS_STATUS": "Exist", "OS_STATUS_CHTNM": "現存 / 现存", "OS_TYPE": "Ancillary", "OS_TYPE_CHTNM": "附屬休憩用地 / 附属休憩用地", "BEACH": "No", "BEACH_CHTNM": "否 / 否", "AMENITY_AREA": "No", "AMENITY_AREA_CHTNM": "否 / 否", "INDOOR_FACILITIES": "No", "INDOOR_FACILITIES_CHTNM": "否 / 否", "OS_AREA": "7300", "OS_AREA_CHTNM": "7300", "REMARK": "-", "REMARK_CHTNM": "-", "LAST_UPDATE": "03/2024", "OBJECTID_1": 3 }, "geometry": { "type": "Point", "coordinates": [ 114.2326, 22.2665 ] } },
{ "type": "Feature", "properties": { "ADDRESS_ENGNM": "Eastern", "ADDRESS_CHTNM": "東區 / 东区", "BLDG_ENGNM": "Hing Tung Estate", "BLDG_CHTNM": "興東邨 / 兴东邨", "OS_STATUS": "Exist", "OS_STATUS_CHTNM": "現存 / 现存", "OS_TYPE": "Ancillary", "OS_TYPE_CHTNM": "附屬休憩用地 / 附属休憩用地", "BEACH": "No", "BEACH_CHTNM": "否 / 否", "AMENITY_AREA": "No", "AMENITY_AREA_CHTNM": "否 / 否", "INDOOR_FACILITIES": "No", "INDOOR_FACILITIES_CHTNM": "否 / 否", "OS_AREA": "10200", "OS_AREA_CHTNM": "10200", "REMARK": "-", "REMARK_CHTNM": "-", "LAST_UPDATE": "03/2024", "OBJECTID_1": 4 }, "geometry": { "type": "Point", "coordinates": [ 114.2193, 22.2815 ] } },
{ "type": "Feature", "properties": { "ADDRESS_ENGNM": "Eastern", "ADDRESS_CHTNM": "東區 / 东区", "BLDG_ENGNM": "Hong Tung Estate", "BLDG_CHTNM": "康東邨 / 康东邨", "OS_STATUS": "Exist", "OS_STATUS_CHTNM": "現存 / 现存", "OS_TYPE": "Ancillary", "OS_TYPE_CHTNM": "附屬休憩用地 / 附属休憩用地", "BEACH": "No", "BEACH_CHTNM": "否 / 否", "AMENITY_AREA": "No", "AMENITY_AREA_CHTNM": "否 / 否", "INDOOR_FACILITIES": "No", "INDOOR_FACILITIES_CHTNM": "否 / 否", "OS_AREA": "900", "OS_AREA_CHTNM": "900", "REMARK": "-", "REMARK_CHTNM": "-", "LAST_UPDATE": "03/2024", "OBJECTID_1": 5 }, "geometry": { "type": "Point", "coordinates": [ 114.2226, 22.2844 ] } },
{ "type": "Feature", "properties": { "ADDRESS_ENGNM": "Eastern", "ADDRESS_CHTNM": "東區 / 东区", "BLDG_ENGNM": "Hing Wah (I) Estate", "BLDG_CHTNM": "興華(一)邨 / 兴华(一)邨", "OS_STATUS": "Exist", "OS_STATUS_CHTNM": "現存 / 现存", "OS_TYPE": "Ancillary", "OS_TYPE_CHTNM": "附屬休憩用地 / 附属休憩用地", "BEACH": "No", "BEACH_CHTNM": "否 / 否", "AMENITY_AREA": "No", "AMENITY_AREA_CHTNM": "否 / 否", "INDOOR_FACILITIES": "No", "INDOOR_FACILITIES_CHTNM": "否 / 否", "OS_AREA": "9700", "OS_AREA_CHTNM": "9700", "REMARK": "-", "REMARK_CHTNM": "-", "LAST_UPDATE": "03/2024", "OBJECTID_1": 6 }, "geometry": { "type": "Point", "coordinates": [ 114.2355, 22.2622 ] } },
{ "type": "Feature", "properties": { "ADDRESS_ENGNM": "Eastern", "ADDRESS_CHTNM": "東區 / 东区", "BLDG_ENGNM": "Hing Wah (II) Estate", "BLDG_CHTNM": "興華(二)邨 / 兴华(二)邨", "OS_STATUS": "Exist", "OS_STATUS_CHTNM": "現存 / 现存", "OS_TYPE": "Ancillary", "OS_TYPE_CHTNM": "附屬休憩用地 / 附属休憩用地", "BEACH": "No", "BEACH_CHTNM": "否 / 否", "AMENITY_AREA": "No", "AMENITY_AREA_CHTNM": "否 / 否", "INDOOR_FACILITIES": "No", "INDOOR_FACILITIES_CHTNM": "否 / 否", "OS_AREA": "10300", "OS_AREA_CHTNM": "10300", "REMARK": "-", "REMARK_CHTNM": "-", "LAST_UPDATE": "03/2024", "OBJECTID_1": 7 }, "geometry": { "type": "Point", "coordinates": [ 114.2329, 22.2636 ] } },
{ "type": "Feature", "properties": { "ADDRESS_ENGNM": "Eastern", "ADDRESS_CHTNM": "東區 / 东区", "BLDG_ENGNM": "Lin Tsui Estate", "BLDG_CHTNM": "連翠邨 / 连翠邨", "OS_STATUS": "Exist", "OS_STATUS_CHTNM": "現存 / 现存", "OS_TYPE": "Ancillary", "OS_TYPE_CHTNM": "附屬休憩用地 / 附属休憩用地", "BEACH": "No", "BEACH_CHTNM": "否 / 否", "AMENITY_AREA": "No", "AMENITY_AREA_CHTNM": "否 / 否", "INDOOR_FACILITIES": "No", "INDOOR_FACILITIES_CHTNM": "否 / 否", "OS_AREA": "700", "OS_AREA_CHTNM": "700", "REMARK": "The LOS area is the minimum area derived from the approved Planning Brief as at completion of the development.", "REMARK_CHTNM": "鄰舍休憩用地面積節錄自發展項目竣工時的核准規劃大綱內的最少面積。 / 邻舍休憩用地面积节录自发展项目竣工时的核准规划大纲内的最少面积。", "LAST_UPDATE": "03/2024", "OBJECTID_1": 8 }, "geometry": { "type": "Point", "coordinates": [ 114.2361, 22.2609 ] } },
{ "type": "Feature", "properties": { "ADDRESS_ENGNM": "Eastern", "ADDRESS_CHTNM": "東區 / 东区", "BLDG_ENGNM": "Model Housing Estate", "BLDG_CHTNM": "模範邨 / 模范邨", "OS_STATUS": "Exist", "OS_STATUS_CHTNM": "現存 / 现存", "OS_TYPE": "Ancillary", "OS_TYPE_CHTNM": "附屬休憩用地 / 附属休憩用地", "BEACH": "No", "BEACH_CHTNM": "否 / 否", "AMENITY_AREA": "No", "AMENITY_AREA_CHTNM": "否 / 否", "INDOOR_FACILITIES": "No", "INDOOR_FACILITIES_CHTNM": "否 / 否", "OS_AREA": "2325", "OS_AREA_CHTNM": "2325", "REMARK": "-", "REMARK_CHTNM": "-", "LAST_UPDATE": "03/2024", "OBJECTID_1": 9 }, "geometry": { "type": "Point", "coordinates": [ 114.2082, 22.291 ] } },
{ "type": "Feature", "properties": { "ADDRESS_ENGNM": "Eastern", "ADDRESS_CHTNM": "東區 / 东区", "BLDG_ENGNM": "Oi Tung Estate", "BLDG_CHTNM": "愛東邨 / 爱东邨", "OS_STATUS": "Exist", "OS_STATUS_CHTNM": "現存 / 现存", "OS_TYPE": "Ancillary", "OS_TYPE_CHTNM": "附屬休憩用地 / 附属休憩用地", "BEACH": "No", "BEACH_CHTNM": "否 / 否", "AMENITY_AREA": "No", "AMENITY_AREA_CHTNM": "否 / 否", "INDOOR_FACILITIES": "No", "INDOOR_FACILITIES_CHTNM": "否 / 否", "OS_AREA": "14600", "OS_AREA_CHTNM": "14600", "REMARK": "-", "REMARK_CHTNM": "-", "LAST_UPDATE": "03/2024", "OBJECTID_1": 10 }, "geometry": { "type": "Point", "coordinates": [ 114.2274, 22.2817 ] } },
{ "type": "Feature", "properties": { "ADDRESS_ENGNM": "Eastern", "ADDRESS_CHTNM": "東區 / 东区", "BLDG_ENGNM": "Siu Sai Wan Estate", "BLDG_CHTNM": "小西灣邨 / 小西湾邨", "OS_STATUS": "Exist", "OS_STATUS_CHTNM": "現存 / 现存", "OS_TYPE": "Ancillary", "OS_TYPE_CHTNM": "附屬休憩用地 / 附属休憩用地", "BEACH": "No", "BEACH_CHTNM": "否 / 否", "AMENITY_AREA": "No", "AMENITY_AREA_CHTNM": "否 / 否", "INDOOR_FACILITIES": "No", "INDOOR_FACILITIES_CHTNM": "否 / 否", "OS_AREA": "65700", "OS_AREA_CHTNM": "65700", "REMARK": "-", "REMARK_CHTNM": "-", "LAST_UPDATE": "03/2024", "OBJECTID_1": 11 }, "geometry": { "type": "Point", "coordinates": [ 114.2485, 22.2613 ] } },
{ "type": "Feature", "properties": { "ADDRESS_ENGNM": "Eastern", "ADDRESS_CHTNM": "東區 / 东区", "BLDG_ENGNM": "Tsui Lok Estate", "BLDG_CHTNM": "翠樂邨 / 翠乐邨", "OS_STATUS": "Exist", "OS_STATUS_CHTNM": "現存 / 现存", "OS_TYPE": "Ancillary", "OS_TYPE_CHTNM": "附屬休憩用地 / 附属休憩用地", "BEACH": "No", "BEACH_CHTNM": "否 / 否", "AMENITY_AREA": "No", "AMENITY_AREA_CHTNM": "否 / 否", "INDOOR_FACILITIES": "No", "INDOOR_FACILITIES_CHTNM": "否 / 否", "OS_AREA": "1300", "OS_AREA_CHTNM": "1300", "REMARK": "-", "REMARK_CHTNM": "-", "LAST_UPDATE": "03/2024", "OBJECTID_1": 12 }, "geometry": { "type": "Point", "coordinates": [ 114.2404, 22.2675 ] } },
{ "type": "Feature", "properties": { "ADDRESS_ENGNM": "Eastern", "ADDRESS_CHTNM": "東區 / 东区", "BLDG_ENGNM": "Wah Ha Estate", "BLDG_CHTNM": "華廈邨 / 华厦邨", "OS_STATUS": "Exist", "OS_STATUS_CHTNM": "現存 / 现存", "OS_TYPE": "Ancillary", "OS_TYPE_CHTNM": "附屬休憩用地 / 附属休憩用地", "BEACH": "No", "BEACH_CHTNM": "否 / 否", "AMENITY_AREA": "No", "AMENITY_AREA_CHTNM": "否 / 否", "INDOOR_FACILITIES": "No", "INDOOR_FACILITIES_CHTNM": "否 / 否", "OS_AREA": "600", "OS_AREA_CHTNM": "600", "REMARK": "The LOS area is the minimum area derived from the Planning Permission approved under section 16 of the Town Planning Ordinance as at completion of the development.", "REMARK_CHTNM": "鄰舍休憩用地面積節錄自發展項目竣工時根據《城巿規劃條例》第16條批准的規劃許可內的最少面積。 / 邻舍休憩用地面积节录自发展项目竣工时根据《城巿规划条例》第16条批准的规划许可内的最少面积。", "LAST_UPDATE": "03/2024", "OBJECTID_1": 13 }, "geometry": { "type": "Point", "coordinates": [ 114.2365, 22.2648 ] } },
{ "type": "Feature", "properties": { "ADDRESS_ENGNM": "Eastern", "ADDRESS_CHTNM": "東區 / 东区", "BLDG_ENGNM": "Wan Tsui Estate", "BLDG_CHTNM": "環翠邨 / 环翠邨", "OS_STATUS": "Exist", "OS_STATUS_CHTNM": "現存 / 现存", "OS_TYPE": "Ancillary", "OS_TYPE_CHTNM": "附屬休憩用地 / 附属休憩用地", "BEACH": "No", "BEACH_CHTNM": "否 / 否", "AMENITY_AREA": "No", "AMENITY_AREA_CHTNM": "否 / 否", "INDOOR_FACILITIES": "No", "INDOOR_FACILITIES_CHTNM": "否 / 否", "OS_AREA": "25600", "OS_AREA_CHTNM": "25600", "REMARK": "-", "REMARK_CHTNM": "-", "LAST_UPDATE": "03/2024", "OBJECTID_1": 14 }, "geometry": { "type": "Point", "coordinates": [ 114.2392, 22.2628 ] } },
{ "type": "Feature", "properties": { "ADDRESS_ENGNM": "Eastern", "ADDRESS_CHTNM": "東區 / 东区", "BLDG_ENGNM": "Yiu Tung Estate", "BLDG_CHTNM": "耀東邨 / 耀东邨", "OS_STATUS": "Exist", "OS_STATUS_CHTNM": "現存 / 现存", "OS_TYPE": "Ancillary", "OS_TYPE_CHTNM": "附屬休憩用地 / 附属休憩用地", "BEACH": "No", "BEACH_CHTNM": "否 / 否", "AMENITY_AREA": "No", "AMENITY_AREA_CHTNM": "否 / 否", "INDOOR_FACILITIES": "No", "INDOOR_FACILITIES_CHTNM": "否 / 否", "OS_AREA": "41800", "OS_AREA_CHTNM": "41800", "REMARK": "-", "REMARK_CHTNM": "-", "LAST_UPDATE": "03/2024", "OBJECTID_1": 15 }, "geometry": { "type": "Point", "coordinates": [ 114.2252, 22.2781 ] } },
{ "type": "Feature", "properties": { "ADDRESS_ENGNM": "Eastern", "ADDRESS_CHTNM": "東區 / 东区", "BLDG_ENGNM": "Yue Wan Estate", "BLDG_CHTNM": "漁灣邨 / 渔湾邨", "OS_STATUS": "Exist", "OS_STATUS_CHTNM": "現存 / 现存", "OS_TYPE": "Ancillary", "OS_TYPE_CHTNM": "附屬休憩用地 / 附属休憩用地", "BEACH": "No", "BEACH_CHTNM": "否 / 否", "AMENITY_AREA": "No", "AMENITY_AREA_CHTNM": "否 / 否", "INDOOR_FACILITIES": "No", "INDOOR_FACILITIES_CHTNM": "否 / 否", "OS_AREA": "25200", "OS_AREA_CHTNM": "25200", "REMARK": "-", "REMARK_CHTNM": "-", "LAST_UPDATE": "03/2024", "OBJECTID_1": 16 }, "geometry": { "type": "Point", "coordinates": [ 114.242, 22.2658 ] } },
{ "type": "Feature", "properties": { "ADDRESS_ENGNM": "Islands", "ADDRESS_CHTNM": "離島 / 离岛", "BLDG_ENGNM": "Cheung Kwai Estate", "BLDG_CHTNM": "長貴邨 / 长贵邨", "OS_STATUS": "Exist", "OS_STATUS_CHTNM": "現存 / 现存", "OS_TYPE": "Ancillary", "OS_TYPE_CHTNM": "附屬休憩用地 / 附属休憩用地", "BEACH": "No", "BEACH_CHTNM": "否 / 否", "AMENITY_AREA": "No", "AMENITY_AREA_CHTNM": "否 / 否", "INDOOR_FACILITIES": "No", "INDOOR_FACILITIES_CHTNM": "否 / 否", "OS_AREA": "14300", "OS_AREA_CHTNM": "14300", "REMARK": "-", "REMARK_CHTNM": "-", "LAST_UPDATE": "03/2024", "OBJECTID_1": 17 }, "geometry": { "type": "Point", "coordinates": [ 114.0253, 22.2139 ] } },
{ "type": "Feature", "properties": { "ADDRESS_ENGNM": "Islands", "ADDRESS_CHTNM": "離島 / 离岛", "BLDG_ENGNM": "Fu Tung Estate", "BLDG_CHTNM": "富東邨 / 富东邨", "OS_STATUS": "Exist", "OS_STATUS_CHTNM": "現存 / 现存", "OS_TYPE": "Ancillary", "OS_TYPE_CHTNM": "附屬休憩用地 / 附属休憩用地", "BEACH": "No", "BEACH_CHTNM": "否 / 否", "AMENITY_AREA": "No", "AMENITY_AREA_CHTNM": "否 / 否", "INDOOR_FACILITIES": "No", "INDOOR_FACILITIES_CHTNM": "否 / 否", "OS_AREA": "31400", "OS_AREA_CHTNM": "31400", "REMARK": "-", "REMARK_CHTNM": "-", "LAST_UPDATE": "03/2024", "OBJECTID_1": 18 }, "geometry": { "type": "Point", "coordinates": [ 113.9415, 22.2869 ] } },
{ "type": "Feature", "properties": { "ADDRESS_ENGNM": "Islands", "ADDRESS_CHTNM": "離島 / 离岛", "BLDG_ENGNM": "Kam Peng Estate", "BLDG_CHTNM": "金坪邨 / 金坪邨", "OS_STATUS": "Exist", "OS_STATUS_CHTNM": "現存 / 现存", "OS_TYPE": "Ancillary", "OS_TYPE_CHTNM": "附屬休憩用地 / 附属休憩用地", "BEACH": "No", "BEACH_CHTNM": "否 / 否", "AMENITY_AREA": "No", "AMENITY_AREA_CHTNM": "否 / 否", "INDOOR_FACILITIES": "No", "INDOOR_FACILITIES_CHTNM": "否 / 否", "OS_AREA": "6400", "OS_AREA_CHTNM": "6400", "REMARK": "-", "REMARK_CHTNM": "-", "LAST_UPDATE": "03/2024", "OBJECTID_1": 19 }, "geometry": { "type": "Point", "coordinates": [ 114.0372, 22.2871 ] } },
{ "type": "Feature", "properties": { "ADDRESS_ENGNM": "Islands", "ADDRESS_CHTNM": "離島 / 离岛", "BLDG_ENGNM": "Lung Tin Estate, Tin Lee Court", "BLDG_CHTNM": "龍田邨 / 龙田邨, 天利苑 / 天利苑", "OS_STATUS": "Exist", "OS_STATUS_CHTNM": "現存 / 现存", "OS_TYPE": "Ancillary", "OS_TYPE_CHTNM": "附屬休憩用地 / 附属休憩用地", "BEACH": "No", "BEACH_CHTNM": "否 / 否", "AMENITY_AREA": "No", "AMENITY_AREA_CHTNM": "否 / 否", "INDOOR_FACILITIES": "No", "INDOOR_FACILITIES_CHTNM": "否 / 否", "OS_AREA": "17300", "OS_AREA_CHTNM": "17300", "REMARK": "1) The shared LOS area is based on the information as at completion of the development. 2) Tin Lee Court has been sold and becomes private property and her LOS area will not be further updated.", "REMARK_CHTNM": "1) 共用鄰舍休憩用地面積為項目竣工時之資料。 / 共用邻舍休憩用地面积为项目竣工时之资料。2) 天利苑已出售成為私人物業而其鄰舍休憩用地面積並不再更新。 / 天利苑已出售成为私人物业而其邻舍休憩用地面积并不再更新。", "LAST_UPDATE": "03/2024", "OBJECTID_1": 20 }, "geometry": { "type": "Point", "coordinates": [ 113.8658, 22.2528 ] } },
{ "type": "Feature", "properties": { "ADDRESS_ENGNM": "Islands", "ADDRESS_CHTNM": "離島 / 离岛", "BLDG_ENGNM": "Mun Tung Estate", "BLDG_CHTNM": "滿東邨 / 满东邨", "OS_STATUS": "Exist", "OS_STATUS_CHTNM": "現存 / 现存", "OS_TYPE": "Ancillary", "OS_TYPE_CHTNM": "附屬休憩用地 / 附属休憩用地", "BEACH": "No", "BEACH_CHTNM": "否 / 否", "AMENITY_AREA": "No", "AMENITY_AREA_CHTNM": "否 / 否", "INDOOR_FACILITIES": "No", "INDOOR_FACILITIES_CHTNM": "否 / 否", "OS_AREA": "11650", "OS_AREA_CHTNM": "11650", "REMARK": "The LOS area is the minimum area derived from the approved Planning Brief as at completion of the development.", "REMARK_CHTNM": "鄰舍休憩用地面積節錄自發展項目竣工時的核准規劃大綱內的最少面積。 / 邻舍休憩用地面积节录自发展项目竣工时的核准规划大纲内的最少面积。", "LAST_UPDATE": "03/2024", "OBJECTID_1": 21 }, "geometry": { "type": "Point", "coordinates": [ 113.933, 22.2769 ] } },
{ "type": "Feature", "properties": { "ADDRESS_ENGNM": "Islands", "ADDRESS_CHTNM": "離島 / 离岛", "BLDG_ENGNM": "Nga Ning Court", "BLDG_CHTNM": "雅寧苑 / 雅宁苑", "OS_STATUS": "Exist", "OS_STATUS_CHTNM": "現存 / 现存", "OS_TYPE": "Ancillary", "OS_TYPE_CHTNM": "附屬休憩用地 / 附属休憩用地", "BEACH": "No", "BEACH_CHTNM": "否 / 否", "AMENITY_AREA": "No", "AMENITY_AREA_CHTNM": "否 / 否", "INDOOR_FACILITIES": "No", "INDOOR_FACILITIES_CHTNM": "否 / 否", "OS_AREA": "10800", "OS_AREA_CHTNM": "10800", "REMARK": "-", "REMARK_CHTNM": "-", "LAST_UPDATE": "03/2024", "OBJECTID_1": 22 }, "geometry": { "type": "Point", "coordinates": [ 114.0273, 22.2036 ] } },
{ "type": "Feature", "properties": { "ADDRESS_ENGNM": "Islands", "ADDRESS_CHTNM": "離島 / 离岛", "BLDG_ENGNM": "Ngan Wan Estate", "BLDG_CHTNM": "銀灣邨 / 银湾邨", "OS_STATUS": "Exist", "OS_STATUS_CHTNM": "現存 / 现存", "OS_TYPE": "Ancillary", "OS_TYPE_CHTNM": "附屬休憩用地 / 附属休憩用地", "BEACH": "No", "BEACH_CHTNM": "否 / 否", "AMENITY_AREA": "No", "AMENITY_AREA_CHTNM": "否 / 否", "INDOOR_FACILITIES": "No", "INDOOR_FACILITIES_CHTNM": "否 / 否", "OS_AREA": "6100", "OS_AREA_CHTNM": "6100", "REMARK": "-", "REMARK_CHTNM": "-", "LAST_UPDATE": "03/2024", "OBJECTID_1": 23 }, "geometry": { "type": "Point", "coordinates": [ 113.9968, 22.2651 ] } },
{ "type": "Feature", "properties": { "ADDRESS_ENGNM": "Islands", "ADDRESS_CHTNM": "離島 / 离岛", "BLDG_ENGNM": "Yat Tung (I) Estate, Yat Tung (II) Estate", "BLDG_CHTNM": "逸東(一), (二)邨 / 逸东(一), (二)邨", "OS_STATUS": "Exist", "OS_STATUS_CHTNM": "現存 / 现存", "OS_TYPE": "Ancillary", "OS_TYPE_CHTNM": "附屬休憩用地 / 附属休憩用地", "BEACH": "No", "BEACH_CHTNM": "否 / 否", "AMENITY_AREA": "No", "AMENITY_AREA_CHTNM": "否 / 否", "INDOOR_FACILITIES": "No", "INDOOR_FACILITIES_CHTNM": "否 / 否", "OS_AREA": "66700", "OS_AREA_CHTNM": "66700", "REMARK": "-", "REMARK_CHTNM": "-", "LAST_UPDATE": "03/2024", "OBJECTID_1": 24 }, "geometry": { "type": "Point", "coordinates": [ 113.936253, 22.281471 ] } },
{ "type": "Feature", "properties": { "ADDRESS_ENGNM": "Islands", "ADDRESS_CHTNM": "離島 / 离岛", "BLDG_ENGNM": "Ying Tung Estate", "BLDG_CHTNM": "迎東邨 / 迎东邨", "OS_STATUS": "Exist", "OS_STATUS_CHTNM": "現存 / 现存", "OS_TYPE": "Ancillary", "OS_TYPE_CHTNM": "附屬休憩用地 / 附属休憩用地", "BEACH": "No", "BEACH_CHTNM": "否 / 否", "AMENITY_AREA": "No", "AMENITY_AREA_CHTNM": "否 / 否", "INDOOR_FACILITIES": "No", "INDOOR_FACILITIES_CHTNM": "否 / 否", "OS_AREA": "9860", "OS_AREA_CHTNM": "9860", "REMARK": "The LOS area is the minimum area derived from the approved Planning Brief as at completion of the development.", "REMARK_CHTNM": "鄰舍休憩用地面積節錄自發展項目竣工時的核准規劃大綱內的最少面積。 / 邻舍休憩用地面积节录自发展项目竣工时的核准规划大纲内的最少面积。", "LAST_UPDATE": "03/2024", "OBJECTID_1": 25 }, "geometry": { "type": "Point", "coordinates": [ 113.9524, 22.2963 ] } },
{ "type": "Feature", "properties": { "ADDRESS_ENGNM": "Kowloon City", "ADDRESS_CHTNM": "九龍城 / 九龙城", "BLDG_ENGNM": "Ho Man Tin Estate, Kwun Fai Court, Kwun Hei Court", "BLDG_CHTNM": "何文田邨 / 何文田邨, 冠暉苑 / 冠晖苑, 冠熹苑 / 冠熹苑", "OS_STATUS": "Exist", "OS_STATUS_CHTNM": "現存 / 现存", "OS_TYPE": "Ancillary", "OS_TYPE_CHTNM": "附屬休憩用地 / 附属休憩用地", "BEACH": "No", "BEACH_CHTNM": "否 / 否", "AMENITY_AREA": "No", "AMENITY_AREA_CHTNM": "否 / 否", "INDOOR_FACILITIES": "No", "INDOOR_FACILITIES_CHTNM": "否 / 否", "OS_AREA": "20600", "OS_AREA_CHTNM": "20600", "REMARK": "1) The shared LOS area is based on the information as at completion of the development. 2) Kwun Fai Court and Kwun Hei Court have been sold and become private properties and their LOS areas will not be further updated.", "REMARK_CHTNM": "1) 共用鄰舍休憩用地面積為項目竣工時之資料。 / 共用邻舍休憩用地面积为项目竣工时之资料。2) 冠暉苑及冠熹苑已出售成為私人物業而其鄰舍休憩用地面積並不再更新。 / 冠晖苑及冠熹苑已出售成为私人物业而其邻舍休憩用地面积并不再更新。", "LAST_UPDATE": "03/2024", "OBJECTID_1": 26 }, "geometry": { "type": "Point", "coordinates": [ 114.1811, 22.3183 ] } },
{ "type": "Feature", "properties": { "ADDRESS_ENGNM": "Kowloon City", "ADDRESS_CHTNM": "九龍城 / 九龙城", "BLDG_ENGNM": "Hung Hom Estate", "BLDG_CHTNM": "紅磡邨 / 红磡邨", "OS_STATUS": "Exist", "OS_STATUS_CHTNM": "現存 / 现存", "OS_TYPE": "Ancillary", "OS_TYPE_CHTNM": "附屬休憩用地 / 附属休憩用地", "BEACH": "No", "BEACH_CHTNM": "否 / 否", "AMENITY_AREA": "No", "AMENITY_AREA_CHTNM": "否 / 否", "INDOOR_FACILITIES": "No", "INDOOR_FACILITIES_CHTNM": "否 / 否", "OS_AREA": "7300", "OS_AREA_CHTNM": "7300", "REMARK": "The LOS area is determined based on the approved Planning Brief as at completion of the development, as well as the survey record kept by the Hong Kong Housing Authority.", "REMARK_CHTNM": "鄰舍休憩用地面積乃根據發展項目竣工時的核准規劃大綱，以及房委會備存的測量記錄綜合而定。 / 邻舍休憩用地面积乃根据发展项目竣工时的核准规划大纲，以及房委会备存的测量记录综合而定。", "LAST_UPDATE": "03/2024", "OBJECTID_1": 27 }, "geometry": { "type": "Point", "coordinates": [ 114.1891, 22.3074 ] } },
{ "type": "Feature", "properties": { "ADDRESS_ENGNM": "Kowloon City", "ADDRESS_CHTNM": "九龍城 / 九龙城", "BLDG_ENGNM": "Kai Ching Estate", "BLDG_CHTNM": "啟晴邨 / 启晴邨", "OS_STATUS": "Exist", "OS_STATUS_CHTNM": "現存 / 现存", "OS_TYPE": "Ancillary", "OS_TYPE_CHTNM": "附屬休憩用地 / 附属休憩用地", "BEACH": "No", "BEACH_CHTNM": "否 / 否", "AMENITY_AREA": "No", "AMENITY_AREA_CHTNM": "否 / 否", "INDOOR_FACILITIES": "No", "INDOOR_FACILITIES_CHTNM": "否 / 否", "OS_AREA": "13000", "OS_AREA_CHTNM": "13000", "REMARK": "The LOS area is the minimum area derived from the approved Planning Brief as at completion of the development.", "REMARK_CHTNM": "鄰舍休憩用地面積節錄自發展項目竣工時的核准規劃大綱內的最少面積。 / 邻舍休憩用地面积节录自发展项目竣工时的核准规划大纲内的最少面积。", "LAST_UPDATE": "03/2024", "OBJECTID_1": 28 }, "geometry": { "type": "Point", "coordinates": [ 114.2029, 22.3325 ] } },
{ "type": "Feature", "properties": { "ADDRESS_ENGNM": "Kowloon City", "ADDRESS_CHTNM": "九龍城 / 九龙城", "BLDG_ENGNM": "Ma Tau Wai Estate", "BLDG_CHTNM": "馬頭圍邨 / 马头围邨", "OS_STATUS": "Exist", "OS_STATUS_CHTNM": "現存 / 现存", "OS_TYPE": "Ancillary", "OS_TYPE_CHTNM": "附屬休憩用地 / 附属休憩用地", "BEACH": "No", "BEACH_CHTNM": "否 / 否", "AMENITY_AREA": "No", "AMENITY_AREA_CHTNM": "否 / 否", "INDOOR_FACILITIES": "No", "INDOOR_FACILITIES_CHTNM": "否 / 否", "OS_AREA": "10700", "OS_AREA_CHTNM": "10700", "REMARK": "-", "REMARK_CHTNM": "-", "LAST_UPDATE": "03/2024", "OBJECTID_1": 29 }, "geometry": { "type": "Point", "coordinates": [ 114.1866, 22.3239 ] } },
{ "type": "Feature", "properties": { "ADDRESS_ENGNM": "Kowloon City", "ADDRESS_CHTNM": "九龍城 / 九龙城", "BLDG_ENGNM": "Oi Man Estate", "BLDG_CHTNM": "愛民邨 / 爱民邨", "OS_STATUS": "Exist", "OS_STATUS_CHTNM": "現存 / 现存", "OS_TYPE": "Ancillary", "OS_TYPE_CHTNM": "附屬休憩用地 / 附属休憩用地", "BEACH": "No", "BEACH_CHTNM": "否 / 否", "AMENITY_AREA": "No", "AMENITY_AREA_CHTNM": "否 / 否", "INDOOR_FACILITIES": "No", "INDOOR_FACILITIES_CHTNM": "否 / 否", "OS_AREA": "37700", "OS_AREA_CHTNM": "37700", "REMARK": "-", "REMARK_CHTNM": "-", "LAST_UPDATE": "03/2024", "OBJECTID_1": 30 }, "geometry": { "type": "Point", "coordinates": [ 114.1788, 22.3131 ] } },
{ "type": "Feature", "properties": { "ADDRESS_ENGNM": "Kowloon City", "ADDRESS_CHTNM": "九龍城 / 九龙城", "BLDG_ENGNM": "Sheung Lok Estate", "BLDG_CHTNM": "常樂邨 / 常乐邨", "OS_STATUS": "Exist", "OS_STATUS_CHTNM": "現存 / 现存", "OS_TYPE": "Ancillary", "OS_TYPE_CHTNM": "附屬休憩用地 / 附属休憩用地", "BEACH": "No", "BEACH_CHTNM": "否 / 否", "AMENITY_AREA": "No", "AMENITY_AREA_CHTNM": "否 / 否", "INDOOR_FACILITIES": "No", "INDOOR_FACILITIES_CHTNM": "否 / 否", "OS_AREA": "710", "OS_AREA_CHTNM": "710", "REMARK": "-", "REMARK_CHTNM": "-", "LAST_UPDATE": "03/2024", "OBJECTID_1": 31 }, "geometry": { "type": "Point", "coordinates": [ 114.1813, 22.3201 ] } },
{ "type": "Feature", "properties": { "ADDRESS_ENGNM": "Kowloon City", "ADDRESS_CHTNM": "九龍城 / 九龙城", "BLDG_ENGNM": "Tak Long Estate", "BLDG_CHTNM": "德朗邨 / 德朗邨", "OS_STATUS": "Exist", "OS_STATUS_CHTNM": "現存 / 现存", "OS_TYPE": "Ancillary", "OS_TYPE_CHTNM": "附屬休憩用地 / 附属休憩用地", "BEACH": "No", "BEACH_CHTNM": "否 / 否", "AMENITY_AREA": "No", "AMENITY_AREA_CHTNM": "否 / 否", "INDOOR_FACILITIES": "No", "INDOOR_FACILITIES_CHTNM": "否 / 否", "OS_AREA": "20540", "OS_AREA_CHTNM": "20540", "REMARK": "The LOS area is the minimum area derived from the approved Planning Brief as at completion of the development.", "REMARK_CHTNM": "鄰舍休憩用地面積節錄自發展項目竣工時的核准規劃大綱內的最少面積。 / 邻舍休憩用地面积节录自发展项目竣工时的核准规划大纲内的最少面积。", "LAST_UPDATE": "03/2024", "OBJECTID_1": 32 }, "geometry": { "type": "Point", "coordinates": [ 114.2031, 22.3301 ] } },
{ "type": "Feature", "properties": { "ADDRESS_ENGNM": "Kwai Tsing", "ADDRESS_CHTNM": "葵青 / 葵青", "BLDG_ENGNM": "Cheung Ching Estate", "BLDG_CHTNM": "長青邨 / 长青邨", "OS_STATUS": "Exist", "OS_STATUS_CHTNM": "現存 / 现存", "OS_TYPE": "Ancillary", "OS_TYPE_CHTNM": "附屬休憩用地 / 附属休憩用地", "BEACH": "No", "BEACH_CHTNM": "否 / 否", "AMENITY_AREA": "No", "AMENITY_AREA_CHTNM": "否 / 否", "INDOOR_FACILITIES": "No", "INDOOR_FACILITIES_CHTNM": "否 / 否", "OS_AREA": "36048", "OS_AREA_CHTNM": "36048", "REMARK": "The LOS area is the minimum area derived from the approved Planning Brief as at completion of the development.", "REMARK_CHTNM": "鄰舍休憩用地面積節錄自發展項目竣工時的核准規劃大綱內的最少面積。 / 邻舍休憩用地面积节录自发展项目竣工时的核准规划大纲内的最少面积。", "LAST_UPDATE": "03/2024", "OBJECTID_1": 33 }, "geometry": { "type": "Point", "coordinates": [ 114.1068, 22.3497 ] } },
{ "type": "Feature", "properties": { "ADDRESS_ENGNM": "Kwai Tsing", "ADDRESS_CHTNM": "葵青 / 葵青", "BLDG_ENGNM": "Cheung Hang Estate", "BLDG_CHTNM": "長亨邨 / 长亨邨", "OS_STATUS": "Exist", "OS_STATUS_CHTNM": "現存 / 现存", "OS_TYPE": "Ancillary", "OS_TYPE_CHTNM": "附屬休憩用地 / 附属休憩用地", "BEACH": "No", "BEACH_CHTNM": "否 / 否", "AMENITY_AREA": "No", "AMENITY_AREA_CHTNM": "否 / 否", "INDOOR_FACILITIES": "No", "INDOOR_FACILITIES_CHTNM": "否 / 否", "OS_AREA": "34300", "OS_AREA_CHTNM": "34300", "REMARK": "-", "REMARK_CHTNM": "-", "LAST_UPDATE": "03/2024", "OBJECTID_1": 34 }, "geometry": { "type": "Point", "coordinates": [ 114.0983, 22.3572 ] } },
{ "type": "Feature", "properties": { "ADDRESS_ENGNM": "Kwai Tsing", "ADDRESS_CHTNM": "葵青 / 葵青", "BLDG_ENGNM": "Cheung Hong Estate", "BLDG_CHTNM": "長康邨 / 长康邨", "OS_STATUS": "Exist", "OS_STATUS_CHTNM": "現存 / 现存", "OS_TYPE": "Ancillary", "OS_TYPE_CHTNM": "附屬休憩用地 / 附属休憩用地", "BEACH": "No", "BEACH_CHTNM": "否 / 否", "AMENITY_AREA": "No", "AMENITY_AREA_CHTNM": "否 / 否", "INDOOR_FACILITIES": "No", "INDOOR_FACILITIES_CHTNM": "否 / 否", "OS_AREA": "42900", "OS_AREA_CHTNM": "42900", "REMARK": "-", "REMARK_CHTNM": "-", "LAST_UPDATE": "03/2024", "OBJECTID_1": 35 }, "geometry": { "type": "Point", "coordinates": [ 114.1056, 22.35 ] } },
{ "type": "Feature", "properties": { "ADDRESS_ENGNM": "Kwai Tsing", "ADDRESS_CHTNM": "葵青 / 葵青", "BLDG_ENGNM": "Cheung Wang Estate", "BLDG_CHTNM": "長宏邨 / 长宏邨", "OS_STATUS": "Exist", "OS_STATUS_CHTNM": "現存 / 现存", "OS_TYPE": "Ancillary", "OS_TYPE_CHTNM": "附屬休憩用地 / 附属休憩用地", "BEACH": "No", "BEACH_CHTNM": "否 / 否", "AMENITY_AREA": "No", "AMENITY_AREA_CHTNM": "否 / 否", "INDOOR_FACILITIES": "No", "INDOOR_FACILITIES_CHTNM": "否 / 否", "OS_AREA": "19000", "OS_AREA_CHTNM": "19000", "REMARK": "-", "REMARK_CHTNM": "-", "LAST_UPDATE": "03/2024", "OBJECTID_1": 36 }, "geometry": { "type": "Point", "coordinates": [ 114.0962, 22.3564 ] } },
{ "type": "Feature", "properties": { "ADDRESS_ENGNM": "Kwai Tsing", "ADDRESS_CHTNM": "葵青 / 葵青", "BLDG_ENGNM": "Easeful Court", "BLDG_CHTNM": "青逸軒 / 青逸轩", "OS_STATUS": "Exist", "OS_STATUS_CHTNM": "現存 / 现存", "OS_TYPE": "Ancillary", "OS_TYPE_CHTNM": "附屬休憩用地 / 附属休憩用地", "BEACH": "No", "BEACH_CHTNM": "否 / 否", "AMENITY_AREA": "No", "AMENITY_AREA_CHTNM": "否 / 否", "INDOOR_FACILITIES": "No", "INDOOR_FACILITIES_CHTNM": "否 / 否", "OS_AREA": "3200", "OS_AREA_CHTNM": "3200", "REMARK": "-", "REMARK_CHTNM": "-", "LAST_UPDATE": "03/2024", "OBJECTID_1": 37 }, "geometry": { "type": "Point", "coordinates": [ 114.1037, 22.3601 ] } },
{ "type": "Feature", "properties": { "ADDRESS_ENGNM": "Kwai Tsing", "ADDRESS_CHTNM": "葵青 / 葵青", "BLDG_ENGNM": "High Prosperity Terrace", "BLDG_CHTNM": "高盛臺 / 高盛台", "OS_STATUS": "Exist", "OS_STATUS_CHTNM": "現存 / 现存", "OS_TYPE": "Ancillary", "OS_TYPE_CHTNM": "附屬休憩用地 / 附属休憩用地", "BEACH": "No", "BEACH_CHTNM": "否 / 否", "AMENITY_AREA": "No", "AMENITY_AREA_CHTNM": "否 / 否", "INDOOR_FACILITIES": "No", "INDOOR_FACILITIES_CHTNM": "否 / 否", "OS_AREA": "3300", "OS_AREA_CHTNM": "3300", "REMARK": "-", "REMARK_CHTNM": "-", "LAST_UPDATE": "03/2024", "OBJECTID_1": 38 }, "geometry": { "type": "Point", "coordinates": [ 114.1228, 22.3648 ] } },
{ "type": "Feature", "properties": { "ADDRESS_ENGNM": "Kwai Tsing", "ADDRESS_CHTNM": "葵青 / 葵青", "BLDG_ENGNM": "Kwai Chung Estate", "BLDG_CHTNM": "葵涌邨 / 葵涌邨", "OS_STATUS": "Exist", "OS_STATUS_CHTNM": "現存 / 现存", "OS_TYPE": "Ancillary", "OS_TYPE_CHTNM": "附屬休憩用地 / 附属休憩用地", "BEACH": "No", "BEACH_CHTNM": "否 / 否", "AMENITY_AREA": "No", "AMENITY_AREA_CHTNM": "否 / 否", "INDOOR_FACILITIES": "No", "INDOOR_FACILITIES_CHTNM": "否 / 否", "OS_AREA": "56300", "OS_AREA_CHTNM": "56300", "REMARK": "-", "REMARK_CHTNM": "-", "LAST_UPDATE": "03/2024", "OBJECTID_1": 39 }, "geometry": { "type": "Point", "coordinates": [ 114.1271, 22.3696 ] } },
{ "type": "Feature", "properties": { "ADDRESS_ENGNM": "Kwai Tsing", "ADDRESS_CHTNM": "葵青 / 葵青", "BLDG_ENGNM": "Kwai Fong Estate", "BLDG_CHTNM": "葵芳邨 / 葵芳邨", "OS_STATUS": "Exist", "OS_STATUS_CHTNM": "現存 / 现存", "OS_TYPE": "Ancillary", "OS_TYPE_CHTNM": "附屬休憩用地 / 附属休憩用地", "BEACH": "No", "BEACH_CHTNM": "否 / 否", "AMENITY_AREA": "No", "AMENITY_AREA_CHTNM": "否 / 否", "INDOOR_FACILITIES": "No", "INDOOR_FACILITIES_CHTNM": "否 / 否", "OS_AREA": "38000", "OS_AREA_CHTNM": "38000", "REMARK": "-", "REMARK_CHTNM": "-", "LAST_UPDATE": "03/2024", "OBJECTID_1": 40 }, "geometry": { "type": "Point", "coordinates": [ 114.1286, 22.359 ] } },
{ "type": "Feature", "properties": { "ADDRESS_ENGNM": "Kwai Tsing", "ADDRESS_CHTNM": "葵青 / 葵青", "BLDG_ENGNM": "Kwai Luen Estate", "BLDG_CHTNM": "葵聯邨 / 葵联邨", "OS_STATUS": "Exist", "OS_STATUS_CHTNM": "現存 / 现存", "OS_TYPE": "Ancillary", "OS_TYPE_CHTNM": "附屬休憩用地 / 附属休憩用地", "BEACH": "No", "BEACH_CHTNM": "否 / 否", "AMENITY_AREA": "No", "AMENITY_AREA_CHTNM": "否 / 否", "INDOOR_FACILITIES": "No", "INDOOR_FACILITIES_CHTNM": "否 / 否", "OS_AREA": "3600", "OS_AREA_CHTNM": "3600", "REMARK": "The LOS area is determined based on the approved Planning Brief as at completion of the development, as well as the survey record kept by the Hong Kong Housing Authority.", "REMARK_CHTNM": "鄰舍休憩用地面積乃根據發展項目竣工時的核准規劃大綱，以及房委會備存的測量記錄綜合而定。 / 邻舍休憩用地面积乃根据发展项目竣工时的核准规划大纲，以及房委会备存的测量记录综合而定。", "LAST_UPDATE": "03/2024", "OBJECTID_1": 41 }, "geometry": { "type": "Point", "coordinates": [ 114.1253, 22.3626 ] } },
{ "type": "Feature", "properties": { "ADDRESS_ENGNM": "Kwai Tsing", "ADDRESS_CHTNM": "葵青 / 葵青", "BLDG_ENGNM": "Kwai Shing East Estate", "BLDG_CHTNM": "葵盛東邨 / 葵盛东邨", "OS_STATUS": "Exist", "OS_STATUS_CHTNM": "現存 / 现存", "OS_TYPE": "Ancillary", "OS_TYPE_CHTNM": "附屬休憩用地 / 附属休憩用地", "BEACH": "No", "BEACH_CHTNM": "否 / 否", "AMENITY_AREA": "No", "AMENITY_AREA_CHTNM": "否 / 否", "INDOOR_FACILITIES": "No", "INDOOR_FACILITIES_CHTNM": "否 / 否", "OS_AREA": "25700", "OS_AREA_CHTNM": "25700", "REMARK": "-", "REMARK_CHTNM": "-", "LAST_UPDATE": "03/2024", "OBJECTID_1": 42 }, "geometry": { "type": "Point", "coordinates": [ 114.1287, 22.3633 ] } },
{ "type": "Feature", "properties": { "ADDRESS_ENGNM": "Kwai Tsing", "ADDRESS_CHTNM": "葵青 / 葵青", "BLDG_ENGNM": "Kwai Shing West Estate", "BLDG_CHTNM": "葵盛西邨 / 葵盛西邨", "OS_STATUS": "Exist", "OS_STATUS_CHTNM": "現存 / 现存", "OS_TYPE": "Ancillary", "OS_TYPE_CHTNM": "附屬休憩用地 / 附属休憩用地", "BEACH": "No", "BEACH_CHTNM": "否 / 否", "AMENITY_AREA": "No", "AMENITY_AREA_CHTNM": "否 / 否", "INDOOR_FACILITIES": "No", "INDOOR_FACILITIES_CHTNM": "否 / 否", "OS_AREA": "25200", "OS_AREA_CHTNM": "25200", "REMARK": "-", "REMARK_CHTNM": "-", "LAST_UPDATE": "03/2024", "OBJECTID_1": 43 }, "geometry": { "type": "Point", "coordinates": [ 114.1237, 22.3628 ] } },
{ "type": "Feature", "properties": { "ADDRESS_ENGNM": "Kwai Tsing", "ADDRESS_CHTNM": "葵青 / 葵青", "BLDG_ENGNM": "Kwai Tsui Estate", "BLDG_CHTNM": "葵翠邨 / 葵翠邨", "OS_STATUS": "Exist", "OS_STATUS_CHTNM": "現存 / 现存", "OS_TYPE": "Ancillary", "OS_TYPE_CHTNM": "附屬休憩用地 / 附属休憩用地", "BEACH": "No", "BEACH_CHTNM": "否 / 否", "AMENITY_AREA": "No", "AMENITY_AREA_CHTNM": "否 / 否", "INDOOR_FACILITIES": "No", "INDOOR_FACILITIES_CHTNM": "否 / 否", "OS_AREA": "4500", "OS_AREA_CHTNM": "4500", "REMARK": "The LOS area is the minimum area derived from the approved Planning Brief as at completion of the development.", "REMARK_CHTNM": "鄰舍休憩用地面積節錄自發展項目竣工時的核准規劃大綱內的最少面積。 / 邻舍休憩用地面积节录自发展项目竣工时的核准规划大纲内的最少面积。", "LAST_UPDATE": "03/2024", "OBJECTID_1": 44 }, "geometry": { "type": "Point", "coordinates": [ 114.1287, 22.3557 ] } },
{ "type": "Feature", "properties": { "ADDRESS_ENGNM": "Kwai Tsing", "ADDRESS_CHTNM": "葵青 / 葵青", "BLDG_ENGNM": "Lai King Estate", "BLDG_CHTNM": "荔景邨 / 荔景邨", "OS_STATUS": "Exist", "OS_STATUS_CHTNM": "現存 / 现存", "OS_TYPE": "Ancillary", "OS_TYPE_CHTNM": "附屬休憩用地 / 附属休憩用地", "BEACH": "No", "BEACH_CHTNM": "否 / 否", "AMENITY_AREA": "No", "AMENITY_AREA_CHTNM": "否 / 否", "INDOOR_FACILITIES": "No", "INDOOR_FACILITIES_CHTNM": "否 / 否", "OS_AREA": "15900", "OS_AREA_CHTNM": "15900", "REMARK": "The LOS area is the minimum area derived from the approved Planning Brief as at completion of the development.", "REMARK_CHTNM": "鄰舍休憩用地面積節錄自發展項目竣工時的核准規劃大綱內的最少面積。 / 邻舍休憩用地面积节录自发展项目竣工时的核准规划大纲内的最少面积。", "LAST_UPDATE": "03/2024", "OBJECTID_1": 45 }, "geometry": { "type": "Point", "coordinates": [ 114.1262, 22.3504 ] } },
{ "type": "Feature", "properties": { "ADDRESS_ENGNM": "Kwai Tsing", "ADDRESS_CHTNM": "葵青 / 葵青", "BLDG_ENGNM": "Lai Yiu Estate", "BLDG_CHTNM": "麗瑤邨 / 丽瑶邨", "OS_STATUS": "Exist", "OS_STATUS_CHTNM": "現存 / 现存", "OS_TYPE": "Ancillary", "OS_TYPE_CHTNM": "附屬休憩用地 / 附属休憩用地", "BEACH": "No", "BEACH_CHTNM": "否 / 否", "AMENITY_AREA": "No", "AMENITY_AREA_CHTNM": "否 / 否", "INDOOR_FACILITIES": "No", "INDOOR_FACILITIES_CHTNM": "否 / 否", "OS_AREA": "20330", "OS_AREA_CHTNM": "20330", "REMARK": "-", "REMARK_CHTNM": "-", "LAST_UPDATE": "03/2024", "OBJECTID_1": 46 }, "geometry": { "type": "Point", "coordinates": [ 114.1315, 22.3531 ] } },
{ "type": "Feature", "properties": { "ADDRESS_ENGNM": "Kwai Tsing", "ADDRESS_CHTNM": "葵青 / 葵青", "BLDG_ENGNM": "On Yam Estate", "BLDG_CHTNM": "安蔭邨 / 安荫邨", "OS_STATUS": "Exist", "OS_STATUS_CHTNM": "現存 / 现存", "OS_TYPE": "Ancillary", "OS_TYPE_CHTNM": "附屬休憩用地 / 附属休憩用地", "BEACH": "No", "BEACH_CHTNM": "否 / 否", "AMENITY_AREA": "No", "AMENITY_AREA_CHTNM": "否 / 否", "INDOOR_FACILITIES": "No", "INDOOR_FACILITIES_CHTNM": "否 / 否", "OS_AREA": "24300", "OS_AREA_CHTNM": "24300", "REMARK": "-", "REMARK_CHTNM": "-", "LAST_UPDATE": "03/2024", "OBJECTID_1": 47 }, "geometry": { "type": "Point", "coordinates": [ 114.1416, 22.3695 ] } },
{ "type": "Feature", "properties": { "ADDRESS_ENGNM": "Kwai Tsing", "ADDRESS_CHTNM": "葵青 / 葵青", "BLDG_ENGNM": "Shek Lei (I) Estate, Shek Lei (II) Estate", "BLDG_CHTNM": "石籬(一), (二)邨 / 石篱(一), (二)邨", "OS_STATUS": "Exist", "OS_STATUS_CHTNM": "現存 / 现存", "OS_TYPE": "Ancillary", "OS_TYPE_CHTNM": "附屬休憩用地 / 附属休憩用地", "BEACH": "No", "BEACH_CHTNM": "否 / 否", "AMENITY_AREA": "No", "AMENITY_AREA_CHTNM": "否 / 否", "INDOOR_FACILITIES": "No", "INDOOR_FACILITIES_CHTNM": "否 / 否", "OS_AREA": "65200", "OS_AREA_CHTNM": "65200", "REMARK": "The LOS area is determined based on the approved Planning Brief as at completion of the development, as well as the survey record kept by the Hong Kong Housing Authority.", "REMARK_CHTNM": "鄰舍休憩用地面積乃根據發展項目竣工時的核准規劃大綱，以及房委會備存的測量記錄綜合而定。 / 邻舍休憩用地面积乃根据发展项目竣工时的核准规划大纲，以及房委会备存的测量记录综合而定。", "LAST_UPDATE": "03/2024", "OBJECTID_1": 48 }, "geometry": { "type": "Point", "coordinates": [ 114.138803, 22.364903 ] } },
{ "type": "Feature", "properties": { "ADDRESS_ENGNM": "Kwai Tsing", "ADDRESS_CHTNM": "葵青 / 葵青", "BLDG_ENGNM": "Shek Yam East Estate", "BLDG_CHTNM": "石蔭東邨 / 石荫东邨", "OS_STATUS": "Exist", "OS_STATUS_CHTNM": "現存 / 现存", "OS_TYPE": "Ancillary", "OS_TYPE_CHTNM": "附屬休憩用地 / 附属休憩用地", "BEACH": "No", "BEACH_CHTNM": "否 / 否", "AMENITY_AREA": "No", "AMENITY_AREA_CHTNM": "否 / 否", "INDOOR_FACILITIES": "No", "INDOOR_FACILITIES_CHTNM": "否 / 否", "OS_AREA": "10100", "OS_AREA_CHTNM": "10100", "REMARK": "-", "REMARK_CHTNM": "-", "LAST_UPDATE": "03/2024", "OBJECTID_1": 49 }, "geometry": { "type": "Point", "coordinates": [ 114.1397, 22.3727 ] } },
{ "type": "Feature", "properties": { "ADDRESS_ENGNM": "Kwai Tsing", "ADDRESS_CHTNM": "葵青 / 葵青", "BLDG_ENGNM": "Shek Yam Estate", "BLDG_CHTNM": "石蔭邨 / 石荫邨", "OS_STATUS": "Exist", "OS_STATUS_CHTNM": "現存 / 现存", "OS_TYPE": "Ancillary", "OS_TYPE_CHTNM": "附屬休憩用地 / 附属休憩用地", "BEACH": "No", "BEACH_CHTNM": "否 / 否", "AMENITY_AREA": "No", "AMENITY_AREA_CHTNM": "否 / 否", "INDOOR_FACILITIES": "No", "INDOOR_FACILITIES_CHTNM": "否 / 否", "OS_AREA": "12000", "OS_AREA_CHTNM": "12000", "REMARK": "-", "REMARK_CHTNM": "-", "LAST_UPDATE": "03/2024", "OBJECTID_1": 50 }, "geometry": { "type": "Point", "coordinates": [ 114.1392, 22.3717 ] } },
{ "type": "Feature", "properties": { "ADDRESS_ENGNM": "Kwai Tsing", "ADDRESS_CHTNM": "葵青 / 葵青", "BLDG_ENGNM": "Tai Wo Hau Estate", "BLDG_CHTNM": "大窩口邨 / 大窝口邨", "OS_STATUS": "Exist", "OS_STATUS_CHTNM": "現存 / 现存", "OS_TYPE": "Ancillary", "OS_TYPE_CHTNM": "附屬休憩用地 / 附属休憩用地", "BEACH": "No", "BEACH_CHTNM": "否 / 否", "AMENITY_AREA": "No", "AMENITY_AREA_CHTNM": "否 / 否", "INDOOR_FACILITIES": "No", "INDOOR_FACILITIES_CHTNM": "否 / 否", "OS_AREA": "50600", "OS_AREA_CHTNM": "50600", "REMARK": "-", "REMARK_CHTNM": "-", "LAST_UPDATE": "03/2024", "OBJECTID_1": 51 }, "geometry": { "type": "Point", "coordinates": [ 114.1255, 22.3674 ] } },
{ "type": "Feature", "properties": { "ADDRESS_ENGNM": "Kwai Tsing", "ADDRESS_CHTNM": "葵青 / 葵青", "BLDG_ENGNM": "Wah Lai Estate", "BLDG_CHTNM": "華荔邨 / 华荔邨", "OS_STATUS": "Exist", "OS_STATUS_CHTNM": "現存 / 现存", "OS_TYPE": "Ancillary", "OS_TYPE_CHTNM": "附屬休憩用地 / 附属休憩用地", "BEACH": "No", "BEACH_CHTNM": "否 / 否", "AMENITY_AREA": "No", "AMENITY_AREA_CHTNM": "否 / 否", "INDOOR_FACILITIES": "No", "INDOOR_FACILITIES_CHTNM": "否 / 否", "OS_AREA": "8600", "OS_AREA_CHTNM": "8600", "REMARK": "-", "REMARK_CHTNM": "-", "LAST_UPDATE": "03/2024", "OBJECTID_1": 52 }, "geometry": { "type": "Point", "coordinates": [ 114.1375, 22.3426 ] } },
{ "type": "Feature", "properties": { "ADDRESS_ENGNM": "Kwun Tong", "ADDRESS_CHTNM": "觀塘 / 观塘", "BLDG_ENGNM": "Choi Fook Estate", "BLDG_CHTNM": "彩福邨 / 彩福邨", "OS_STATUS": "Exist", "OS_STATUS_CHTNM": "現存 / 现存", "OS_TYPE": "Ancillary", "OS_TYPE_CHTNM": "附屬休憩用地 / 附属休憩用地", "BEACH": "No", "BEACH_CHTNM": "否 / 否", "AMENITY_AREA": "No", "AMENITY_AREA_CHTNM": "否 / 否", "INDOOR_FACILITIES": "No", "INDOOR_FACILITIES_CHTNM": "否 / 否", "OS_AREA": "12200", "OS_AREA_CHTNM": "12200", "REMARK": "The LOS area is the minimum area derived from the approved Planning Brief as at completion of the development.", "REMARK_CHTNM": "鄰舍休憩用地面積節錄自發展項目竣工時的核准規劃大綱內的最少面積。 / 邻舍休憩用地面积节录自发展项目竣工时的核准规划大纲内的最少面积。", "LAST_UPDATE": "03/2024", "OBJECTID_1": 53 }, "geometry": { "type": "Point", "coordinates": [ 114.2172, 22.328 ] } },
{ "type": "Feature", "properties": { "ADDRESS_ENGNM": "Kwun Tong", "ADDRESS_CHTNM": "觀塘 / 观塘", "BLDG_ENGNM": "Choi Tak Estate", "BLDG_CHTNM": "彩德邨 / 彩德邨", "OS_STATUS": "Exist", "OS_STATUS_CHTNM": "現存 / 现存", "OS_TYPE": "Ancillary", "OS_TYPE_CHTNM": "附屬休憩用地 / 附属休憩用地", "BEACH": "No", "BEACH_CHTNM": "否 / 否", "AMENITY_AREA": "No", "AMENITY_AREA_CHTNM": "否 / 否", "INDOOR_FACILITIES": "No", "INDOOR_FACILITIES_CHTNM": "否 / 否", "OS_AREA": "14700", "OS_AREA_CHTNM": "14700", "REMARK": "The LOS area is the minimum area derived from the approved Planning Brief as at completion of the development.", "REMARK_CHTNM": "鄰舍休憩用地面積節錄自發展項目竣工時的核准規劃大綱內的最少面積。 / 邻舍休憩用地面积节录自发展项目竣工时的核准规划大纲内的最少面积。", "LAST_UPDATE": "03/2024", "OBJECTID_1": 54 }, "geometry": { "type": "Point", "coordinates": [ 114.2128, 22.3301 ] } },
{ "type": "Feature", "properties": { "ADDRESS_ENGNM": "Kwun Tong", "ADDRESS_CHTNM": "觀塘 / 观塘", "BLDG_ENGNM": "Choi Ying Estate", "BLDG_CHTNM": "彩盈邨 / 彩盈邨", "OS_STATUS": "Exist", "OS_STATUS_CHTNM": "現存 / 现存", "OS_TYPE": "Ancillary", "OS_TYPE_CHTNM": "附屬休憩用地 / 附属休憩用地", "BEACH": "No", "BEACH_CHTNM": "否 / 否", "AMENITY_AREA": "No", "AMENITY_AREA_CHTNM": "否 / 否", "INDOOR_FACILITIES": "No", "INDOOR_FACILITIES_CHTNM": "否 / 否", "OS_AREA": "13400", "OS_AREA_CHTNM": "13400", "REMARK": "-", "REMARK_CHTNM": "-", "LAST_UPDATE": "03/2024", "OBJECTID_1": 55 }, "geometry": { "type": "Point", "coordinates": [ 114.2154, 22.3276 ] } },
{ "type": "Feature", "properties": { "ADDRESS_ENGNM": "Kwun Tong", "ADDRESS_CHTNM": "觀塘 / 观塘", "BLDG_ENGNM": "Kai Yip Estate", "BLDG_CHTNM": "啟業邨 / 启业邨", "OS_STATUS": "Exist", "OS_STATUS_CHTNM": "現存 / 现存", "OS_TYPE": "Ancillary", "OS_TYPE_CHTNM": "附屬休憩用地 / 附属休憩用地", "BEACH": "No", "BEACH_CHTNM": "否 / 否", "AMENITY_AREA": "No", "AMENITY_AREA_CHTNM": "否 / 否", "INDOOR_FACILITIES": "No", "INDOOR_FACILITIES_CHTNM": "否 / 否", "OS_AREA": "37900", "OS_AREA_CHTNM": "37900", "REMARK": "-", "REMARK_CHTNM": "-", "LAST_UPDATE": "03/2024", "OBJECTID_1": 56 }, "geometry": { "type": "Point", "coordinates": [ 114.2091, 22.3296 ] } },
{ "type": "Feature", "properties": { "ADDRESS_ENGNM": "Kwun Tong", "ADDRESS_CHTNM": "觀塘 / 观塘", "BLDG_ENGNM": "Ko Cheung Court", "BLDG_CHTNM": "高翔苑 / 高翔苑", "OS_STATUS": "Exist", "OS_STATUS_CHTNM": "現存 / 现存", "OS_TYPE": "Ancillary", "OS_TYPE_CHTNM": "附屬休憩用地 / 附属休憩用地", "BEACH": "No", "BEACH_CHTNM": "否 / 否", "AMENITY_AREA": "No", "AMENITY_AREA_CHTNM": "否 / 否", "INDOOR_FACILITIES": "No", "INDOOR_FACILITIES_CHTNM": "否 / 否", "OS_AREA": "5100", "OS_AREA_CHTNM": "5100", "REMARK": "-", "REMARK_CHTNM": "-", "LAST_UPDATE": "03/2024", "OBJECTID_1": 57 }, "geometry": { "type": "Point", "coordinates": [ 114.2401, 22.2969 ] } },
{ "type": "Feature", "properties": { "ADDRESS_ENGNM": "Kwun Tong", "ADDRESS_CHTNM": "觀塘 / 观塘", "BLDG_ENGNM": "Ko Yee Estate", "BLDG_CHTNM": "高怡邨 / 高怡邨", "OS_STATUS": "Exist", "OS_STATUS_CHTNM": "現存 / 现存", "OS_TYPE": "Ancillary", "OS_TYPE_CHTNM": "附屬休憩用地 / 附属休憩用地", "BEACH": "No", "BEACH_CHTNM": "否 / 否", "AMENITY_AREA": "No", "AMENITY_AREA_CHTNM": "否 / 否", "INDOOR_FACILITIES": "No", "INDOOR_FACILITIES_CHTNM": "否 / 否", "OS_AREA": "7300", "OS_AREA_CHTNM": "7300", "REMARK": "-", "REMARK_CHTNM": "-", "LAST_UPDATE": "03/2024", "OBJECTID_1": 58 }, "geometry": { "type": "Point", "coordinates": [ 114.2415, 22.2975 ] } },
{ "type": "Feature", "properties": { "ADDRESS_ENGNM": "Kwun Tong", "ADDRESS_CHTNM": "觀塘 / 观塘", "BLDG_ENGNM": "Kwong Tin Estate", "BLDG_CHTNM": "廣田邨 / 广田邨", "OS_STATUS": "Exist", "OS_STATUS_CHTNM": "現存 / 现存", "OS_TYPE": "Ancillary", "OS_TYPE_CHTNM": "附屬休憩用地 / 附属休憩用地", "BEACH": "No", "BEACH_CHTNM": "否 / 否", "AMENITY_AREA": "No", "AMENITY_AREA_CHTNM": "否 / 否", "INDOOR_FACILITIES": "No", "INDOOR_FACILITIES_CHTNM": "否 / 否", "OS_AREA": "15200", "OS_AREA_CHTNM": "15200", "REMARK": "-", "REMARK_CHTNM": "-", "LAST_UPDATE": "03/2024", "OBJECTID_1": 59 }, "geometry": { "type": "Point", "coordinates": [ 114.2398, 22.3033 ] } },
{ "type": "Feature", "properties": { "ADDRESS_ENGNM": "Kwun Tong", "ADDRESS_CHTNM": "觀塘 / 观塘", "BLDG_ENGNM": "Lam Tin Estate", "BLDG_CHTNM": "藍田邨 / 蓝田邨", "OS_STATUS": "Exist", "OS_STATUS_CHTNM": "現存 / 现存", "OS_TYPE": "Ancillary", "OS_TYPE_CHTNM": "附屬休憩用地 / 附属休憩用地", "BEACH": "No", "BEACH_CHTNM": "否 / 否", "AMENITY_AREA": "No", "AMENITY_AREA_CHTNM": "否 / 否", "INDOOR_FACILITIES": "No", "INDOOR_FACILITIES_CHTNM": "否 / 否", "OS_AREA": "19800", "OS_AREA_CHTNM": "19800", "REMARK": "-", "REMARK_CHTNM": "-", "LAST_UPDATE": "03/2024", "OBJECTID_1": 60 }, "geometry": { "type": "Point", "coordinates": [ 114.2359, 22.3104 ] } },
{ "type": "Feature", "properties": { "ADDRESS_ENGNM": "Kwun Tong", "ADDRESS_CHTNM": "觀塘 / 观塘", "BLDG_ENGNM": "Lei Yue Mun Estate", "BLDG_CHTNM": "鯉魚門邨 / 鲤鱼门邨", "OS_STATUS": "Exist", "OS_STATUS_CHTNM": "現存 / 现存", "OS_TYPE": "Ancillary", "OS_TYPE_CHTNM": "附屬休憩用地 / 附属休憩用地", "BEACH": "No", "BEACH_CHTNM": "否 / 否", "AMENITY_AREA": "No", "AMENITY_AREA_CHTNM": "否 / 否", "INDOOR_FACILITIES": "No", "INDOOR_FACILITIES_CHTNM": "否 / 否", "OS_AREA": "19200", "OS_AREA_CHTNM": "19200", "REMARK": "The LOS area is the minimum area derived from the approved Planning Brief as at completion of the development.", "REMARK_CHTNM": "鄰舍休憩用地面積節錄自發展項目竣工時的核准規劃大綱內的最少面積。 / 邻舍休憩用地面积节录自发展项目竣工时的核准规划大纲内的最少面积。", "LAST_UPDATE": "03/2024", "OBJECTID_1": 61 }, "geometry": { "type": "Point", "coordinates": [ 114.2398, 22.2949 ] } },
{ "type": "Feature", "properties": { "ADDRESS_ENGNM": "Kwun Tong", "ADDRESS_CHTNM": "觀塘 / 观塘", "BLDG_ENGNM": "Lok Wah North Estate, Lok Wah South Estate", "BLDG_CHTNM": "樂華(南), (北)邨 / 乐华(南), (北)邨", "OS_STATUS": "Exist", "OS_STATUS_CHTNM": "現存 / 现存", "OS_TYPE": "Ancillary", "OS_TYPE_CHTNM": "附屬休憩用地 / 附属休憩用地", "BEACH": "No", "BEACH_CHTNM": "否 / 否", "AMENITY_AREA": "No", "AMENITY_AREA_CHTNM": "否 / 否", "INDOOR_FACILITIES": "No", "INDOOR_FACILITIES_CHTNM": "否 / 否", "OS_AREA": "48100", "OS_AREA_CHTNM": "48100", "REMARK": "-", "REMARK_CHTNM": "-", "LAST_UPDATE": "03/2024", "OBJECTID_1": 62 }, "geometry": { "type": "Point", "coordinates": [ 114.220523, 22.320893 ] } },
{ "type": "Feature", "properties": { "ADDRESS_ENGNM": "Kwun Tong", "ADDRESS_CHTNM": "觀塘 / 观塘", "BLDG_ENGNM": "Lower Ngau Tau Kok Estate", "BLDG_CHTNM": "牛頭角下邨 / 牛头角下邨", "OS_STATUS": "Exist", "OS_STATUS_CHTNM": "現存 / 现存", "OS_TYPE": "Ancillary", "OS_TYPE_CHTNM": "附屬休憩用地 / 附属休憩用地", "BEACH": "No", "BEACH_CHTNM": "否 / 否", "AMENITY_AREA": "No", "AMENITY_AREA_CHTNM": "否 / 否", "INDOOR_FACILITIES": "No", "INDOOR_FACILITIES_CHTNM": "否 / 否", "OS_AREA": "12300", "OS_AREA_CHTNM": "12300", "REMARK": "The LOS area is the minimum area derived from the approved Planning Brief as at completion of the development.", "REMARK_CHTNM": "鄰舍休憩用地面積節錄自發展項目竣工時的核准規劃大綱內的最少面積。 / 邻舍休憩用地面积节录自发展项目竣工时的核准规划大纲内的最少面积。", "LAST_UPDATE": "03/2024", "OBJECTID_1": 63 }, "geometry": { "type": "Point", "coordinates": [ 114.2153, 22.3211 ] } },
{ "type": "Feature", "properties": { "ADDRESS_ENGNM": "Kwun Tong", "ADDRESS_CHTNM": "觀塘 / 观塘", "BLDG_ENGNM": "On Tai Estate", "BLDG_CHTNM": "安泰邨 / 安泰邨", "OS_STATUS": "Exist", "OS_STATUS_CHTNM": "現存 / 现存", "OS_TYPE": "Ancillary", "OS_TYPE_CHTNM": "附屬休憩用地 / 附属休憩用地", "BEACH": "No", "BEACH_CHTNM": "否 / 否", "AMENITY_AREA": "No", "AMENITY_AREA_CHTNM": "否 / 否", "INDOOR_FACILITIES": "No", "INDOOR_FACILITIES_CHTNM": "否 / 否", "OS_AREA": "23600", "OS_AREA_CHTNM": "23600", "REMARK": "The LOS area is the minimum area derived from the approved Planning Brief as at completion of the development.", "REMARK_CHTNM": "鄰舍休憩用地面積節錄自發展項目竣工時的核准規劃大綱內的最少面積。 / 邻舍休憩用地面积节录自发展项目竣工时的核准规划大纲内的最少面积。", "LAST_UPDATE": "03/2024", "OBJECTID_1": 64 }, "geometry": { "type": "Point", "coordinates": [ 114.229, 22.3272 ] } },
{ "type": "Feature", "properties": { "ADDRESS_ENGNM": "Kwun Tong", "ADDRESS_CHTNM": "觀塘 / 观塘", "BLDG_ENGNM": "On Tat Estate", "BLDG_CHTNM": "安達邨 / 安达邨", "OS_STATUS": "Exist", "OS_STATUS_CHTNM": "現存 / 现存", "OS_TYPE": "Ancillary", "OS_TYPE_CHTNM": "附屬休憩用地 / 附属休憩用地", "BEACH": "No", "BEACH_CHTNM": "否 / 否", "AMENITY_AREA": "No", "AMENITY_AREA_CHTNM": "否 / 否", "INDOOR_FACILITIES": "No", "INDOOR_FACILITIES_CHTNM": "否 / 否", "OS_AREA": "24700", "OS_AREA_CHTNM": "24700", "REMARK": "The LOS area is the minimum area derived from the approved Planning Brief as at completion of the development.", "REMARK_CHTNM": "鄰舍休憩用地面積節錄自發展項目竣工時的核准規劃大綱內的最少面積。 / 邻舍休憩用地面积节录自发展项目竣工时的核准规划大纲内的最少面积。", "LAST_UPDATE": "03/2024", "OBJECTID_1": 65 }, "geometry": { "type": "Point", "coordinates": [ 114.2352, 22.3212 ] } },
{ "type": "Feature", "properties": { "ADDRESS_ENGNM": "Kwun Tong", "ADDRESS_CHTNM": "觀塘 / 观塘", "BLDG_ENGNM": "On Tin Estate, Kai Tin Estate", "BLDG_CHTNM": "安田邨, 啟田邨 / 安田邨, 启田邨", "OS_STATUS": "Exist", "OS_STATUS_CHTNM": "現存 / 现存", "OS_TYPE": "Ancillary", "OS_TYPE_CHTNM": "附屬休憩用地 / 附属休憩用地", "BEACH": "No", "BEACH_CHTNM": "否 / 否", "AMENITY_AREA": "No", "AMENITY_AREA_CHTNM": "否 / 否", "INDOOR_FACILITIES": "No", "INDOOR_FACILITIES_CHTNM": "否 / 否", "OS_AREA": "14100", "OS_AREA_CHTNM": "14100", "REMARK": "-", "REMARK_CHTNM": "-", "LAST_UPDATE": "03/2024", "OBJECTID_1": 66 }, "geometry": { "type": "Point", "coordinates": [ 114.235303, 22.308541 ] } },
{ "type": "Feature", "properties": { "ADDRESS_ENGNM": "Kwun Tong", "ADDRESS_CHTNM": "觀塘 / 观塘", "BLDG_ENGNM": "Ping Shek Estate", "BLDG_CHTNM": "坪石邨 / 坪石邨", "OS_STATUS": "Exist", "OS_STATUS_CHTNM": "現存 / 现存", "OS_TYPE": "Ancillary", "OS_TYPE_CHTNM": "附屬休憩用地 / 附属休憩用地", "BEACH": "No", "BEACH_CHTNM": "否 / 否", "AMENITY_AREA": "No", "AMENITY_AREA_CHTNM": "否 / 否", "INDOOR_FACILITIES": "No", "INDOOR_FACILITIES_CHTNM": "否 / 否", "OS_AREA": "20400", "OS_AREA_CHTNM": "20400", "REMARK": "-", "REMARK_CHTNM": "-", "LAST_UPDATE": "03/2024", "OBJECTID_1": 67 }, "geometry": { "type": "Point", "coordinates": [ 114.2096, 22.3336 ] } },
{ "type": "Feature", "properties": { "ADDRESS_ENGNM": "Kwun Tong", "ADDRESS_CHTNM": "觀塘 / 观塘", "BLDG_ENGNM": "Ping Tin Estate", "BLDG_CHTNM": "平田邨 / 平田邨", "OS_STATUS": "Exist", "OS_STATUS_CHTNM": "現存 / 现存", "OS_TYPE": "Ancillary", "OS_TYPE_CHTNM": "附屬休憩用地 / 附属休憩用地", "BEACH": "No", "BEACH_CHTNM": "否 / 否", "AMENITY_AREA": "No", "AMENITY_AREA_CHTNM": "否 / 否", "INDOOR_FACILITIES": "No", "INDOOR_FACILITIES_CHTNM": "否 / 否", "OS_AREA": "20700", "OS_AREA_CHTNM": "20700", "REMARK": "-", "REMARK_CHTNM": "-", "LAST_UPDATE": "03/2024", "OBJECTID_1": 68 }, "geometry": { "type": "Point", "coordinates": [ 114.2361, 22.306 ] } },
{ "type": "Feature", "properties": { "ADDRESS_ENGNM": "Kwun Tong", "ADDRESS_CHTNM": "觀塘 / 观塘", "BLDG_ENGNM": "Po Tat Estate", "BLDG_CHTNM": "寶達邨 / 宝达邨", "OS_STATUS": "Exist", "OS_STATUS_CHTNM": "現存 / 现存", "OS_TYPE": "Ancillary", "OS_TYPE_CHTNM": "附屬休憩用地 / 附属休憩用地", "BEACH": "No", "BEACH_CHTNM": "否 / 否", "AMENITY_AREA": "No", "AMENITY_AREA_CHTNM": "否 / 否", "INDOOR_FACILITIES": "No", "INDOOR_FACILITIES_CHTNM": "否 / 否", "OS_AREA": "35800", "OS_AREA_CHTNM": "35800", "REMARK": "-", "REMARK_CHTNM": "-", "LAST_UPDATE": "03/2024", "OBJECTID_1": 69 }, "geometry": { "type": "Point", "coordinates": [ 114.2378, 22.3171 ] } },
{ "type": "Feature", "properties": { "ADDRESS_ENGNM": "Kwun Tong", "ADDRESS_CHTNM": "觀塘 / 观塘", "BLDG_ENGNM": "Sau Mau Ping (South) Estate", "BLDG_CHTNM": "秀茂坪南邨 / 秀茂坪南邨", "OS_STATUS": "Exist", "OS_STATUS_CHTNM": "現存 / 现存", "OS_TYPE": "Ancillary", "OS_TYPE_CHTNM": "附屬休憩用地 / 附属休憩用地", "BEACH": "No", "BEACH_CHTNM": "否 / 否", "AMENITY_AREA": "No", "AMENITY_AREA_CHTNM": "否 / 否", "INDOOR_FACILITIES": "No", "INDOOR_FACILITIES_CHTNM": "否 / 否", "OS_AREA": "23200", "OS_AREA_CHTNM": "23200", "REMARK": "-", "REMARK_CHTNM": "-", "LAST_UPDATE": "03/2024", "OBJECTID_1": 70 }, "geometry": { "type": "Point", "coordinates": [ 114.2351, 22.3161 ] } },
{ "type": "Feature", "properties": { "ADDRESS_ENGNM": "Kwun Tong", "ADDRESS_CHTNM": "觀塘 / 观塘", "BLDG_ENGNM": "Sau Mau Ping Estate", "BLDG_CHTNM": "秀茂坪邨 / 秀茂坪邨", "OS_STATUS": "Exist", "OS_STATUS_CHTNM": "現存 / 现存", "OS_TYPE": "Ancillary", "OS_TYPE_CHTNM": "附屬休憩用地 / 附属休憩用地", "BEACH": "No", "BEACH_CHTNM": "否 / 否", "AMENITY_AREA": "No", "AMENITY_AREA_CHTNM": "否 / 否", "INDOOR_FACILITIES": "No", "INDOOR_FACILITIES_CHTNM": "否 / 否", "OS_AREA": "64100", "OS_AREA_CHTNM": "64100", "REMARK": "The LOS area is the minimum area derived from the approved Planning Brief as at completion of the development.", "REMARK_CHTNM": "鄰舍休憩用地面積節錄自發展項目竣工時的核准規劃大綱內的最少面積。 / 邻舍休憩用地面积节录自发展项目竣工时的核准规划大纲内的最少面积。", "LAST_UPDATE": "03/2024", "OBJECTID_1": 71 }, "geometry": { "type": "Point", "coordinates": [ 114.232514, 22.31952 ] } },
{ "type": "Feature", "properties": { "ADDRESS_ENGNM": "Kwun Tong", "ADDRESS_CHTNM": "觀塘 / 观塘", "BLDG_ENGNM": "Shun Lee Estate", "BLDG_CHTNM": "順利邨 / 顺利邨", "OS_STATUS": "Exist", "OS_STATUS_CHTNM": "現存 / 现存", "OS_TYPE": "Ancillary", "OS_TYPE_CHTNM": "附屬休憩用地 / 附属休憩用地", "BEACH": "No", "BEACH_CHTNM": "否 / 否", "AMENITY_AREA": "No", "AMENITY_AREA_CHTNM": "否 / 否", "INDOOR_FACILITIES": "No", "INDOOR_FACILITIES_CHTNM": "否 / 否", "OS_AREA": "23900", "OS_AREA_CHTNM": "23900", "REMARK": "-", "REMARK_CHTNM": "-", "LAST_UPDATE": "03/2024", "OBJECTID_1": 72 }, "geometry": { "type": "Point", "coordinates": [ 114.2255, 22.3316 ] } },
{ "type": "Feature", "properties": { "ADDRESS_ENGNM": "Kwun Tong", "ADDRESS_CHTNM": "觀塘 / 观塘", "BLDG_ENGNM": "Shun On Estate", "BLDG_CHTNM": "順安邨 / 顺安邨", "OS_STATUS": "Exist", "OS_STATUS_CHTNM": "現存 / 现存", "OS_TYPE": "Ancillary", "OS_TYPE_CHTNM": "附屬休憩用地 / 附属休憩用地", "BEACH": "No", "BEACH_CHTNM": "否 / 否", "AMENITY_AREA": "No", "AMENITY_AREA_CHTNM": "否 / 否", "INDOOR_FACILITIES": "No", "INDOOR_FACILITIES_CHTNM": "否 / 否", "OS_AREA": "20600", "OS_AREA_CHTNM": "20600", "REMARK": "-", "REMARK_CHTNM": "-", "LAST_UPDATE": "03/2024", "OBJECTID_1": 73 }, "geometry": { "type": "Point", "coordinates": [ 114.2264, 22.3293 ] } },
{ "type": "Feature", "properties": { "ADDRESS_ENGNM": "Kwun Tong", "ADDRESS_CHTNM": "觀塘 / 观塘", "BLDG_ENGNM": "Shun Tin Estate", "BLDG_CHTNM": "順天邨 / 顺天邨", "OS_STATUS": "Exist", "OS_STATUS_CHTNM": "現存 / 现存", "OS_TYPE": "Ancillary", "OS_TYPE_CHTNM": "附屬休憩用地 / 附属休憩用地", "BEACH": "No", "BEACH_CHTNM": "否 / 否", "AMENITY_AREA": "No", "AMENITY_AREA_CHTNM": "否 / 否", "INDOOR_FACILITIES": "No", "INDOOR_FACILITIES_CHTNM": "否 / 否", "OS_AREA": "45000", "OS_AREA_CHTNM": "45000", "REMARK": "-", "REMARK_CHTNM": "-", "LAST_UPDATE": "03/2024", "OBJECTID_1": 74 }, "geometry": { "type": "Point", "coordinates": [ 114.2259, 22.3266 ] } },
{ "type": "Feature", "properties": { "ADDRESS_ENGNM": "Kwun Tong", "ADDRESS_CHTNM": "觀塘 / 观塘", "BLDG_ENGNM": "Tsui Ping South Estate", "BLDG_CHTNM": "翠屏南邨 / 翠屏南邨", "OS_STATUS": "Exist", "OS_STATUS_CHTNM": "現存 / 现存", "OS_TYPE": "Ancillary", "OS_TYPE_CHTNM": "附屬休憩用地 / 附属休憩用地", "BEACH": "No", "BEACH_CHTNM": "否 / 否", "AMENITY_AREA": "No", "AMENITY_AREA_CHTNM": "否 / 否", "INDOOR_FACILITIES": "No", "INDOOR_FACILITIES_CHTNM": "否 / 否", "OS_AREA": "30600", "OS_AREA_CHTNM": "30600", "REMARK": "-", "REMARK_CHTNM": "-", "LAST_UPDATE": "03/2024", "OBJECTID_1": 75 }, "geometry": { "type": "Point", "coordinates": [ 114.2342, 22.313 ] } },
{ "type": "Feature", "properties": { "ADDRESS_ENGNM": "Kwun Tong", "ADDRESS_CHTNM": "觀塘 / 观塘", "BLDG_ENGNM": "Upper Ngau Tau Kok Estate", "BLDG_CHTNM": "牛頭角上邨 / 牛头角上邨", "OS_STATUS": "Exist", "OS_STATUS_CHTNM": "現存 / 现存", "OS_TYPE": "Ancillary", "OS_TYPE_CHTNM": "附屬休憩用地 / 附属休憩用地", "BEACH": "No", "BEACH_CHTNM": "否 / 否", "AMENITY_AREA": "No", "AMENITY_AREA_CHTNM": "否 / 否", "INDOOR_FACILITIES": "No", "INDOOR_FACILITIES_CHTNM": "否 / 否", "OS_AREA": "19300", "OS_AREA_CHTNM": "19300", "REMARK": "-", "REMARK_CHTNM": "-", "LAST_UPDATE": "03/2024", "OBJECTID_1": 76 }, "geometry": { "type": "Point", "coordinates": [ 114.2173, 22.3187 ] } },
{ "type": "Feature", "properties": { "ADDRESS_ENGNM": "Kwun Tong", "ADDRESS_CHTNM": "觀塘 / 观塘", "BLDG_ENGNM": "Wan Hon Estate", "BLDG_CHTNM": "雲漢邨 / 云汉邨", "OS_STATUS": "Exist", "OS_STATUS_CHTNM": "現存 / 现存", "OS_TYPE": "Ancillary", "OS_TYPE_CHTNM": "附屬休憩用地 / 附属休憩用地", "BEACH": "No", "BEACH_CHTNM": "否 / 否", "AMENITY_AREA": "No", "AMENITY_AREA_CHTNM": "否 / 否", "INDOOR_FACILITIES": "No", "INDOOR_FACILITIES_CHTNM": "否 / 否", "OS_AREA": "1680", "OS_AREA_CHTNM": "1680", "REMARK": "-", "REMARK_CHTNM": "-", "LAST_UPDATE": "03/2024", "OBJECTID_1": 77 }, "geometry": { "type": "Point", "coordinates": [ 114.2232, 22.3179 ] } },
{ "type": "Feature", "properties": { "ADDRESS_ENGNM": "Kwun Tong", "ADDRESS_CHTNM": "觀塘 / 观塘", "BLDG_ENGNM": "Wo Lok Estate", "BLDG_CHTNM": "和樂邨 / 和乐邨", "OS_STATUS": "Exist", "OS_STATUS_CHTNM": "現存 / 现存", "OS_TYPE": "Ancillary", "OS_TYPE_CHTNM": "附屬休憩用地 / 附属休憩用地", "BEACH": "No", "BEACH_CHTNM": "否 / 否", "AMENITY_AREA": "No", "AMENITY_AREA_CHTNM": "否 / 否", "INDOOR_FACILITIES": "No", "INDOOR_FACILITIES_CHTNM": "否 / 否", "OS_AREA": "10300", "OS_AREA_CHTNM": "10300", "REMARK": "-", "REMARK_CHTNM": "-", "LAST_UPDATE": "03/2024", "OBJECTID_1": 78 }, "geometry": { "type": "Point", "coordinates": [ 114.2275, 22.3163 ] } },
{ "type": "Feature", "properties": { "ADDRESS_ENGNM": "Kwun Tong", "ADDRESS_CHTNM": "觀塘 / 观塘", "BLDG_ENGNM": "Yau Lai Estate", "BLDG_CHTNM": "油麗邨 / 油丽邨", "OS_STATUS": "Exist", "OS_STATUS_CHTNM": "現存 / 现存", "OS_TYPE": "Ancillary", "OS_TYPE_CHTNM": "附屬休憩用地 / 附属休憩用地", "BEACH": "No", "BEACH_CHTNM": "否 / 否", "AMENITY_AREA": "No", "AMENITY_AREA_CHTNM": "否 / 否", "INDOOR_FACILITIES": "No", "INDOOR_FACILITIES_CHTNM": "否 / 否", "OS_AREA": "25500", "OS_AREA_CHTNM": "25500", "REMARK": "The LOS area is the minimum area derived from the approved Planning Brief as at completion of the development.", "REMARK_CHTNM": "鄰舍休憩用地面積節錄自發展項目竣工時的核准規劃大綱內的最少面積。 / 邻舍休憩用地面积节录自发展项目竣工时的核准规划大纲内的最少面积。", "LAST_UPDATE": "03/2024", "OBJECTID_1": 79 }, "geometry": { "type": "Point", "coordinates": [ 114.2363, 22.3019 ] } },
{ "type": "Feature", "properties": { "ADDRESS_ENGNM": "Kwun Tong", "ADDRESS_CHTNM": "觀塘 / 观塘", "BLDG_ENGNM": "Yau Tong Estate", "BLDG_CHTNM": "油塘邨 / 油塘邨", "OS_STATUS": "Exist", "OS_STATUS_CHTNM": "現存 / 现存", "OS_TYPE": "Ancillary", "OS_TYPE_CHTNM": "附屬休憩用地 / 附属休憩用地", "BEACH": "No", "BEACH_CHTNM": "否 / 否", "AMENITY_AREA": "No", "AMENITY_AREA_CHTNM": "否 / 否", "INDOOR_FACILITIES": "No", "INDOOR_FACILITIES_CHTNM": "否 / 否", "OS_AREA": "14200", "OS_AREA_CHTNM": "14200", "REMARK": "The LOS area is the minimum area derived from the approved Planning Brief as at completion of the development.", "REMARK_CHTNM": "鄰舍休憩用地面積節錄自發展項目竣工時的核准規劃大綱內的最少面積。 / 邻舍休憩用地面积节录自发展项目竣工时的核准规划大纲内的最少面积。", "LAST_UPDATE": "03/2024", "OBJECTID_1": 80 }, "geometry": { "type": "Point", "coordinates": [ 114.2385, 22.2974 ] } },
{ "type": "Feature", "properties": { "ADDRESS_ENGNM": "North", "ADDRESS_CHTNM": "北區 / 北区", "BLDG_ENGNM": "Cheung Lung Wai Estate", "BLDG_CHTNM": "祥龍圍邨 / 祥龙围邨", "OS_STATUS": "Exist", "OS_STATUS_CHTNM": "現存 / 现存", "OS_TYPE": "Ancillary", "OS_TYPE_CHTNM": "附屬休憩用地 / 附属休憩用地", "BEACH": "No", "BEACH_CHTNM": "否 / 否", "AMENITY_AREA": "No", "AMENITY_AREA_CHTNM": "否 / 否", "INDOOR_FACILITIES": "No", "INDOOR_FACILITIES_CHTNM": "否 / 否", "OS_AREA": "3800", "OS_AREA_CHTNM": "3800", "REMARK": "The LOS area is the minimum area derived from the approved Planning Brief as at completion of the development.", "REMARK_CHTNM": "鄰舍休憩用地面積節錄自發展項目竣工時的核准規劃大綱內的最少面積。 / 邻舍休憩用地面积节录自发展项目竣工时的核准规划大纲内的最少面积。", "LAST_UPDATE": "03/2024", "OBJECTID_1": 81 }, "geometry": { "type": "Point", "coordinates": [ 114.1235, 22.4949 ] } },
{ "type": "Feature", "properties": { "ADDRESS_ENGNM": "North", "ADDRESS_CHTNM": "北區 / 北区", "BLDG_ENGNM": "Ching Ho Estate", "BLDG_CHTNM": "清河邨 / 清河邨", "OS_STATUS": "Exist", "OS_STATUS_CHTNM": "現存 / 现存", "OS_TYPE": "Ancillary", "OS_TYPE_CHTNM": "附屬休憩用地 / 附属休憩用地", "BEACH": "No", "BEACH_CHTNM": "否 / 否", "AMENITY_AREA": "No", "AMENITY_AREA_CHTNM": "否 / 否", "INDOOR_FACILITIES": "No", "INDOOR_FACILITIES_CHTNM": "否 / 否", "OS_AREA": "24800", "OS_AREA_CHTNM": "24800", "REMARK": "-", "REMARK_CHTNM": "-", "LAST_UPDATE": "03/2024", "OBJECTID_1": 82 }, "geometry": { "type": "Point", "coordinates": [ 114.1258, 22.4931 ] } },
{ "type": "Feature", "properties": { "ADDRESS_ENGNM": "North", "ADDRESS_CHTNM": "北區 / 北区", "BLDG_ENGNM": "Choi Yuen Estate", "BLDG_CHTNM": "彩園邨 / 彩园邨", "OS_STATUS": "Exist", "OS_STATUS_CHTNM": "現存 / 现存", "OS_TYPE": "Ancillary", "OS_TYPE_CHTNM": "附屬休憩用地 / 附属休憩用地", "BEACH": "No", "BEACH_CHTNM": "否 / 否", "AMENITY_AREA": "No", "AMENITY_AREA_CHTNM": "否 / 否", "INDOOR_FACILITIES": "No", "INDOOR_FACILITIES_CHTNM": "否 / 否", "OS_AREA": "29700", "OS_AREA_CHTNM": "29700", "REMARK": "-", "REMARK_CHTNM": "-", "LAST_UPDATE": "03/2024", "OBJECTID_1": 83 }, "geometry": { "type": "Point", "coordinates": [ 114.1258, 22.5017 ] } },
{ "type": "Feature", "properties": { "ADDRESS_ENGNM": "North", "ADDRESS_CHTNM": "北區 / 北区", "BLDG_ENGNM": "Fai Ming Estate", "BLDG_CHTNM": "暉明邨 / 晖明邨", "OS_STATUS": "Exist", "OS_STATUS_CHTNM": "現存 / 现存", "OS_TYPE": "Ancillary", "OS_TYPE_CHTNM": "附屬休憩用地 / 附属休憩用地", "BEACH": "No", "BEACH_CHTNM": "否 / 否", "AMENITY_AREA": "No", "AMENITY_AREA_CHTNM": "否 / 否", "INDOOR_FACILITIES": "No", "INDOOR_FACILITIES_CHTNM": "否 / 否", "OS_AREA": "2400", "OS_AREA_CHTNM": "2400", "REMARK": "The LOS area is the minimum area derived from the approved Planning Brief as at completion of the development.", "REMARK_CHTNM": "鄰舍休憩用地面積節錄自發展項目竣工時的核准規劃大綱內的最少面積。 / 邻舍休憩用地面积节录自发展项目竣工时的核准规划大纲内的最少面积。", "LAST_UPDATE": "03/2024", "OBJECTID_1": 84 }, "geometry": { "type": "Point", "coordinates": [ 114.1361, 22.4811 ] } },
{ "type": "Feature", "properties": { "ADDRESS_ENGNM": "North", "ADDRESS_CHTNM": "北區 / 北区", "BLDG_ENGNM": "Ka Fuk Estate", "BLDG_CHTNM": "嘉福邨 / 嘉福邨", "OS_STATUS": "Exist", "OS_STATUS_CHTNM": "現存 / 现存", "OS_TYPE": "Ancillary", "OS_TYPE_CHTNM": "附屬休憩用地 / 附属休憩用地", "BEACH": "No", "BEACH_CHTNM": "否 / 否", "AMENITY_AREA": "No", "AMENITY_AREA_CHTNM": "否 / 否", "INDOOR_FACILITIES": "No", "INDOOR_FACILITIES_CHTNM": "否 / 否", "OS_AREA": "11500", "OS_AREA_CHTNM": "11500", "REMARK": "-", "REMARK_CHTNM": "-", "LAST_UPDATE": "03/2024", "OBJECTID_1": 85 }, "geometry": { "type": "Point", "coordinates": [ 114.1349, 22.4927 ] } },
{ "type": "Feature", "properties": { "ADDRESS_ENGNM": "North", "ADDRESS_CHTNM": "北區 / 北区", "BLDG_ENGNM": "Po Shek Wu Estate", "BLDG_CHTNM": "寶石湖邨 / 宝石湖邨", "OS_STATUS": "Exist", "OS_STATUS_CHTNM": "現存 / 现存", "OS_TYPE": "Ancillary", "OS_TYPE_CHTNM": "附屬休憩用地 / 附属休憩用地", "BEACH": "No", "BEACH_CHTNM": "否 / 否", "AMENITY_AREA": "No", "AMENITY_AREA_CHTNM": "否 / 否", "INDOOR_FACILITIES": "No", "INDOOR_FACILITIES_CHTNM": "否 / 否", "OS_AREA": "2700", "OS_AREA_CHTNM": "2700", "REMARK": "The LOS area is the minimum area derived from the approved Planning Brief as at completion of the development.", "REMARK_CHTNM": "鄰舍休憩用地面積節錄自發展項目竣工時的核准規劃大綱內的最少面積。 / 邻舍休憩用地面积节录自发展项目竣工时的核准规划大纲内的最少面积。", "LAST_UPDATE": "03/2024", "OBJECTID_1": 86 }, "geometry": { "type": "Point", "coordinates": [ 114.1243, 22.5033 ] } },
{ "type": "Feature", "properties": { "ADDRESS_ENGNM": "North", "ADDRESS_CHTNM": "北區 / 北区", "BLDG_ENGNM": "Queens Hill Estate", "BLDG_CHTNM": "皇后山邨 / 皇后山邨", "OS_STATUS": "Exist", "OS_STATUS_CHTNM": "現存 / 现存", "OS_TYPE": "Ancillary", "OS_TYPE_CHTNM": "附屬休憩用地 / 附属休憩用地", "BEACH": "No", "BEACH_CHTNM": "否 / 否", "AMENITY_AREA": "No", "AMENITY_AREA_CHTNM": "否 / 否", "INDOOR_FACILITIES": "No", "INDOOR_FACILITIES_CHTNM": "否 / 否", "OS_AREA": "24500", "OS_AREA_CHTNM": "24500", "REMARK": "The LOS area is the minimum area derived from the approved Planning Brief as at completion of the development.", "REMARK_CHTNM": "鄰舍休憩用地面積節錄自發展項目竣工時的核准規劃大綱內的最少面積。 / 邻舍休憩用地面积节录自发展项目竣工时的核准规划大纲内的最少面积。", "LAST_UPDATE": "03/2024", "OBJECTID_1": 87 }, "geometry": { "type": "Point", "coordinates": [ 114.1569, 22.5042 ] } },
{ "type": "Feature", "properties": { "ADDRESS_ENGNM": "North", "ADDRESS_CHTNM": "北區 / 北区", "BLDG_ENGNM": "Wah Sum Estate", "BLDG_CHTNM": "華心邨 / 华心邨", "OS_STATUS": "Exist", "OS_STATUS_CHTNM": "現存 / 现存", "OS_TYPE": "Ancillary", "OS_TYPE_CHTNM": "附屬休憩用地 / 附属休憩用地", "BEACH": "No", "BEACH_CHTNM": "否 / 否", "AMENITY_AREA": "No", "AMENITY_AREA_CHTNM": "否 / 否", "INDOOR_FACILITIES": "No", "INDOOR_FACILITIES_CHTNM": "否 / 否", "OS_AREA": "10600", "OS_AREA_CHTNM": "10600", "REMARK": "-", "REMARK_CHTNM": "-", "LAST_UPDATE": "03/2024", "OBJECTID_1": 88 }, "geometry": { "type": "Point", "coordinates": [ 114.1432, 22.4858 ] } },
{ "type": "Feature", "properties": { "ADDRESS_ENGNM": "Sai Kung", "ADDRESS_CHTNM": "西貢 / 西贡", "BLDG_ENGNM": "Hau Tak Estate", "BLDG_CHTNM": "厚德邨 / 厚德邨", "OS_STATUS": "Exist", "OS_STATUS_CHTNM": "現存 / 现存", "OS_TYPE": "Ancillary", "OS_TYPE_CHTNM": "附屬休憩用地 / 附属休憩用地", "BEACH": "No", "BEACH_CHTNM": "否 / 否", "AMENITY_AREA": "No", "AMENITY_AREA_CHTNM": "否 / 否", "INDOOR_FACILITIES": "No", "INDOOR_FACILITIES_CHTNM": "否 / 否", "OS_AREA": "27900", "OS_AREA_CHTNM": "27900", "REMARK": "-", "REMARK_CHTNM": "-", "LAST_UPDATE": "03/2024", "OBJECTID_1": 89 }, "geometry": { "type": "Point", "coordinates": [ 114.2637, 22.3188 ] } },
{ "type": "Feature", "properties": { "ADDRESS_ENGNM": "Sai Kung", "ADDRESS_CHTNM": "西貢 / 西贡", "BLDG_ENGNM": "Kin Ming Estate", "BLDG_CHTNM": "健明邨 / 健明邨", "OS_STATUS": "Exist", "OS_STATUS_CHTNM": "現存 / 现存", "OS_TYPE": "Ancillary", "OS_TYPE_CHTNM": "附屬休憩用地 / 附属休憩用地", "BEACH": "No", "BEACH_CHTNM": "否 / 否", "AMENITY_AREA": "No", "AMENITY_AREA_CHTNM": "否 / 否", "INDOOR_FACILITIES": "No", "INDOOR_FACILITIES_CHTNM": "否 / 否", "OS_AREA": "24400", "OS_AREA_CHTNM": "24400", "REMARK": "-", "REMARK_CHTNM": "-", "LAST_UPDATE": "03/2024", "OBJECTID_1": 90 }, "geometry": { "type": "Point", "coordinates": [ 114.2509, 22.3064 ] } },
{ "type": "Feature", "properties": { "ADDRESS_ENGNM": "Sai Kung", "ADDRESS_CHTNM": "西貢 / 西贡", "BLDG_ENGNM": "Ming Tak Estate", "BLDG_CHTNM": "明德邨 / 明德邨", "OS_STATUS": "Exist", "OS_STATUS_CHTNM": "現存 / 现存", "OS_TYPE": "Ancillary", "OS_TYPE_CHTNM": "附屬休憩用地 / 附属休憩用地", "BEACH": "No", "BEACH_CHTNM": "否 / 否", "AMENITY_AREA": "No", "AMENITY_AREA_CHTNM": "否 / 否", "INDOOR_FACILITIES": "No", "INDOOR_FACILITIES_CHTNM": "否 / 否", "OS_AREA": "8400", "OS_AREA_CHTNM": "8400", "REMARK": "-", "REMARK_CHTNM": "-", "LAST_UPDATE": "03/2024", "OBJECTID_1": 91 }, "geometry": { "type": "Point", "coordinates": [ 114.269, 22.3161 ] } },
{ "type": "Feature", "properties": { "ADDRESS_ENGNM": "Sai Kung", "ADDRESS_CHTNM": "西貢 / 西贡", "BLDG_ENGNM": "Sheung Tak Estate", "BLDG_CHTNM": "尚德邨 / 尚德邨", "OS_STATUS": "Exist", "OS_STATUS_CHTNM": "現存 / 现存", "OS_TYPE": "Ancillary", "OS_TYPE_CHTNM": "附屬休憩用地 / 附属休憩用地", "BEACH": "No", "BEACH_CHTNM": "否 / 否", "AMENITY_AREA": "No", "AMENITY_AREA_CHTNM": "否 / 否", "INDOOR_FACILITIES": "No", "INDOOR_FACILITIES_CHTNM": "否 / 否", "OS_AREA": "32400", "OS_AREA_CHTNM": "32400", "REMARK": "-", "REMARK_CHTNM": "-", "LAST_UPDATE": "03/2024", "OBJECTID_1": 92 }, "geometry": { "type": "Point", "coordinates": [ 114.2577, 22.3106 ] } },
{ "type": "Feature", "properties": { "ADDRESS_ENGNM": "Sai Kung", "ADDRESS_CHTNM": "西貢 / 西贡", "BLDG_ENGNM": "Shin Ming Estate", "BLDG_CHTNM": "善明邨 / 善明邨", "OS_STATUS": "Exist", "OS_STATUS_CHTNM": "現存 / 现存", "OS_TYPE": "Ancillary", "OS_TYPE_CHTNM": "附屬休憩用地 / 附属休憩用地", "BEACH": "No", "BEACH_CHTNM": "否 / 否", "AMENITY_AREA": "No", "AMENITY_AREA_CHTNM": "否 / 否", "INDOOR_FACILITIES": "No", "INDOOR_FACILITIES_CHTNM": "否 / 否", "OS_AREA": "4300", "OS_AREA_CHTNM": "4300", "REMARK": "The LOS area is the minimum area derived from the approved Planning Brief as at completion of the development.", "REMARK_CHTNM": "鄰舍休憩用地面積節錄自發展項目竣工時的核准規劃大綱內的最少面積。 / 邻舍休憩用地面积节录自发展项目竣工时的核准规划大纲内的最少面积。", "LAST_UPDATE": "03/2024", "OBJECTID_1": 93 }, "geometry": { "type": "Point", "coordinates": [ 114.2498, 22.3037 ] } },
{ "type": "Feature", "properties": { "ADDRESS_ENGNM": "Sai Kung", "ADDRESS_CHTNM": "西貢 / 西贡", "BLDG_ENGNM": "Yee Ming Estate", "BLDG_CHTNM": "怡明邨 / 怡明邨", "OS_STATUS": "Exist", "OS_STATUS_CHTNM": "現存 / 现存", "OS_TYPE": "Ancillary", "OS_TYPE_CHTNM": "附屬休憩用地 / 附属休憩用地", "BEACH": "No", "BEACH_CHTNM": "否 / 否", "AMENITY_AREA": "No", "AMENITY_AREA_CHTNM": "否 / 否", "INDOOR_FACILITIES": "No", "INDOOR_FACILITIES_CHTNM": "否 / 否", "OS_AREA": "5200", "OS_AREA_CHTNM": "5200", "REMARK": "The LOS area is the minimum area derived from the approved Planning Brief as at completion of the development.", "REMARK_CHTNM": "鄰舍休憩用地面積節錄自發展項目竣工時的核准規劃大綱內的最少面積。 / 邻舍休憩用地面积节录自发展项目竣工时的核准规划大纲内的最少面积。", "LAST_UPDATE": "03/2024", "OBJECTID_1": 94 }, "geometry": { "type": "Point", "coordinates": [ 114.2633, 22.3062 ] } },
{ "type": "Feature", "properties": { "ADDRESS_ENGNM": "Sha Tin", "ADDRESS_CHTNM": "沙田 / 沙田", "BLDG_ENGNM": "Chun Shek Estate", "BLDG_CHTNM": "秦石邨 / 秦石邨", "OS_STATUS": "Exist", "OS_STATUS_CHTNM": "現存 / 现存", "OS_TYPE": "Ancillary", "OS_TYPE_CHTNM": "附屬休憩用地 / 附属休憩用地", "BEACH": "No", "BEACH_CHTNM": "否 / 否", "AMENITY_AREA": "No", "AMENITY_AREA_CHTNM": "否 / 否", "INDOOR_FACILITIES": "No", "INDOOR_FACILITIES_CHTNM": "否 / 否", "OS_AREA": "17100", "OS_AREA_CHTNM": "17100", "REMARK": "-", "REMARK_CHTNM": "-", "LAST_UPDATE": "03/2024", "OBJECTID_1": 95 }, "geometry": { "type": "Point", "coordinates": [ 114.187, 22.3737 ] } },
{ "type": "Feature", "properties": { "ADDRESS_ENGNM": "Sha Tin", "ADDRESS_CHTNM": "沙田 / 沙田", "BLDG_ENGNM": "Chun Yeung Estate", "BLDG_CHTNM": "駿洋邨 / 骏洋邨", "OS_STATUS": "Exist", "OS_STATUS_CHTNM": "現存 / 现存", "OS_TYPE": "Ancillary", "OS_TYPE_CHTNM": "附屬休憩用地 / 附属休憩用地", "BEACH": "No", "BEACH_CHTNM": "否 / 否", "AMENITY_AREA": "No", "AMENITY_AREA_CHTNM": "否 / 否", "INDOOR_FACILITIES": "No", "INDOOR_FACILITIES_CHTNM": "否 / 否", "OS_AREA": "13000", "OS_AREA_CHTNM": "13000", "REMARK": "The LOS area is the minimum area derived from the approved Planning Brief as at completion of the development.", "REMARK_CHTNM": "鄰舍休憩用地面積節錄自發展項目竣工時的核准規劃大綱內的最少面積。 / 邻舍休憩用地面积节录自发展项目竣工时的核准规划大纲内的最少面积。", "LAST_UPDATE": "03/2024", "OBJECTID_1": 96 }, "geometry": { "type": "Point", "coordinates": [ 114.1886, 22.3993 ] } },
{ "type": "Feature", "properties": { "ADDRESS_ENGNM": "Sha Tin", "ADDRESS_CHTNM": "沙田 / 沙田", "BLDG_ENGNM": "Chung On Estate", "BLDG_CHTNM": "頌安邨 / 颂安邨", "OS_STATUS": "Exist", "OS_STATUS_CHTNM": "現存 / 现存", "OS_TYPE": "Ancillary", "OS_TYPE_CHTNM": "附屬休憩用地 / 附属休憩用地", "BEACH": "No", "BEACH_CHTNM": "否 / 否", "AMENITY_AREA": "No", "AMENITY_AREA_CHTNM": "否 / 否", "INDOOR_FACILITIES": "No", "INDOOR_FACILITIES_CHTNM": "否 / 否", "OS_AREA": "25500", "OS_AREA_CHTNM": "25500", "REMARK": "-", "REMARK_CHTNM": "-", "LAST_UPDATE": "03/2024", "OBJECTID_1": 97 }, "geometry": { "type": "Point", "coordinates": [ 114.2262, 22.4223 ] } },
{ "type": "Feature", "properties": { "ADDRESS_ENGNM": "Sha Tin", "ADDRESS_CHTNM": "沙田 / 沙田", "BLDG_ENGNM": "Fung Wo Estate", "BLDG_CHTNM": "豐和邨 / 丰和邨", "OS_STATUS": "Exist", "OS_STATUS_CHTNM": "現存 / 现存", "OS_TYPE": "Ancillary", "OS_TYPE_CHTNM": "附屬休憩用地 / 附属休憩用地", "BEACH": "No", "BEACH_CHTNM": "否 / 否", "AMENITY_AREA": "No", "AMENITY_AREA_CHTNM": "否 / 否", "INDOOR_FACILITIES": "No", "INDOOR_FACILITIES_CHTNM": "否 / 否", "OS_AREA": "3900", "OS_AREA_CHTNM": "3900", "REMARK": "The LOS area is the minimum area derived from the approved Planning Brief as at completion of the development.", "REMARK_CHTNM": "鄰舍休憩用地面積節錄自發展項目竣工時的核准規劃大綱內的最少面積。 / 邻舍休憩用地面积节录自发展项目竣工时的核准规划大纲内的最少面积。", "LAST_UPDATE": "03/2024", "OBJECTID_1": 98 }, "geometry": { "type": "Point", "coordinates": [ 114.1934, 22.3875 ] } },
{ "type": "Feature", "properties": { "ADDRESS_ENGNM": "Sha Tin", "ADDRESS_CHTNM": "沙田 / 沙田", "BLDG_ENGNM": "Hin Yiu Estate", "BLDG_CHTNM": "顯耀邨 / 显耀邨", "OS_STATUS": "Exist", "OS_STATUS_CHTNM": "現存 / 现存", "OS_TYPE": "Ancillary", "OS_TYPE_CHTNM": "附屬休憩用地 / 附属休憩用地", "BEACH": "No", "BEACH_CHTNM": "否 / 否", "AMENITY_AREA": "No", "AMENITY_AREA_CHTNM": "否 / 否", "INDOOR_FACILITIES": "No", "INDOOR_FACILITIES_CHTNM": "否 / 否", "OS_AREA": "1700", "OS_AREA_CHTNM": "1700", "REMARK": "-", "REMARK_CHTNM": "-", "LAST_UPDATE": "03/2024", "OBJECTID_1": 99 }, "geometry": { "type": "Point", "coordinates": [ 114.1746, 22.3669 ] } },
{ "type": "Feature", "properties": { "ADDRESS_ENGNM": "Sha Tin", "ADDRESS_CHTNM": "沙田 / 沙田", "BLDG_ENGNM": "Lee On Estate", "BLDG_CHTNM": "利安邨 / 利安邨", "OS_STATUS": "Exist", "OS_STATUS_CHTNM": "現存 / 现存", "OS_TYPE": "Ancillary", "OS_TYPE_CHTNM": "附屬休憩用地 / 附属休憩用地", "BEACH": "No", "BEACH_CHTNM": "否 / 否", "AMENITY_AREA": "No", "AMENITY_AREA_CHTNM": "否 / 否", "INDOOR_FACILITIES": "No", "INDOOR_FACILITIES_CHTNM": "否 / 否", "OS_AREA": "28900", "OS_AREA_CHTNM": "28900", "REMARK": "-", "REMARK_CHTNM": "-", "LAST_UPDATE": "03/2024", "OBJECTID_1": 100 }, "geometry": { "type": "Point", "coordinates": [ 114.2414, 22.4252 ] } },
{ "type": "Feature", "properties": { "ADDRESS_ENGNM": "Sha Tin", "ADDRESS_CHTNM": "沙田 / 沙田", "BLDG_ENGNM": "Lek Yuen Estate", "BLDG_CHTNM": "瀝源邨 / 沥源邨", "OS_STATUS": "Exist", "OS_STATUS_CHTNM": "現存 / 现存", "OS_TYPE": "Ancillary", "OS_TYPE_CHTNM": "附屬休憩用地 / 附属休憩用地", "BEACH": "No", "BEACH_CHTNM": "否 / 否", "AMENITY_AREA": "No", "AMENITY_AREA_CHTNM": "否 / 否", "INDOOR_FACILITIES": "No", "INDOOR_FACILITIES_CHTNM": "否 / 否", "OS_AREA": "31100", "OS_AREA_CHTNM": "31100", "REMARK": "-", "REMARK_CHTNM": "-", "LAST_UPDATE": "03/2024", "OBJECTID_1": 101 }, "geometry": { "type": "Point", "coordinates": [ 114.1906, 22.3847 ] } },
{ "type": "Feature", "properties": { "ADDRESS_ENGNM": "Sha Tin", "ADDRESS_CHTNM": "沙田 / 沙田", "BLDG_ENGNM": "Lung Hang Estate", "BLDG_CHTNM": "隆亨邨 / 隆亨邨", "OS_STATUS": "Exist", "OS_STATUS_CHTNM": "現存 / 现存", "OS_TYPE": "Ancillary", "OS_TYPE_CHTNM": "附屬休憩用地 / 附属休憩用地", "BEACH": "No", "BEACH_CHTNM": "否 / 否", "AMENITY_AREA": "No", "AMENITY_AREA_CHTNM": "否 / 否", "INDOOR_FACILITIES": "No", "INDOOR_FACILITIES_CHTNM": "否 / 否", "OS_AREA": "38900", "OS_AREA_CHTNM": "38900", "REMARK": "-", "REMARK_CHTNM": "-", "LAST_UPDATE": "03/2024", "OBJECTID_1": 102 }, "geometry": { "type": "Point", "coordinates": [ 114.1784, 22.3652 ] } },
{ "type": "Feature", "properties": { "ADDRESS_ENGNM": "Sha Tin", "ADDRESS_CHTNM": "沙田 / 沙田", "BLDG_ENGNM": "Mei Lam Estate", "BLDG_CHTNM": "美林邨 / 美林邨", "OS_STATUS": "Exist", "OS_STATUS_CHTNM": "現存 / 现存", "OS_TYPE": "Ancillary", "OS_TYPE_CHTNM": "附屬休憩用地 / 附属休憩用地", "BEACH": "No", "BEACH_CHTNM": "否 / 否", "AMENITY_AREA": "No", "AMENITY_AREA_CHTNM": "否 / 否", "INDOOR_FACILITIES": "No", "INDOOR_FACILITIES_CHTNM": "否 / 否", "OS_AREA": "42700", "OS_AREA_CHTNM": "42700", "REMARK": "-", "REMARK_CHTNM": "-", "LAST_UPDATE": "03/2024", "OBJECTID_1": 103 }, "geometry": { "type": "Point", "coordinates": [ 114.1773, 22.3778 ] } },
{ "type": "Feature", "properties": { "ADDRESS_ENGNM": "Sha Tin", "ADDRESS_CHTNM": "沙田 / 沙田", "BLDG_ENGNM": "Mei Tin Estate", "BLDG_CHTNM": "美田邨 / 美田邨", "OS_STATUS": "Exist", "OS_STATUS_CHTNM": "現存 / 现存", "OS_TYPE": "Ancillary", "OS_TYPE_CHTNM": "附屬休憩用地 / 附属休憩用地", "BEACH": "No", "BEACH_CHTNM": "否 / 否", "AMENITY_AREA": "No", "AMENITY_AREA_CHTNM": "否 / 否", "INDOOR_FACILITIES": "No", "INDOOR_FACILITIES_CHTNM": "否 / 否", "OS_AREA": "20300", "OS_AREA_CHTNM": "20300", "REMARK": "The LOS area is the minimum area derived from the approved Planning Brief as at completion of the development.", "REMARK_CHTNM": "鄰舍休憩用地面積節錄自發展項目竣工時的核准規劃大綱內的最少面積。 / 邻舍休憩用地面积节录自发展项目竣工时的核准规划大纲内的最少面积。", "LAST_UPDATE": "03/2024", "OBJECTID_1": 104 }, "geometry": { "type": "Point", "coordinates": [ 114.1702, 22.3757 ] } },
{ "type": "Feature", "properties": { "ADDRESS_ENGNM": "Sha Tin", "ADDRESS_CHTNM": "沙田 / 沙田", "BLDG_ENGNM": "Sha Kok Estate", "BLDG_CHTNM": "沙角邨 / 沙角邨", "OS_STATUS": "Exist", "OS_STATUS_CHTNM": "現存 / 现存", "OS_TYPE": "Ancillary", "OS_TYPE_CHTNM": "附屬休憩用地 / 附属休憩用地", "BEACH": "No", "BEACH_CHTNM": "否 / 否", "AMENITY_AREA": "No", "AMENITY_AREA_CHTNM": "否 / 否", "INDOOR_FACILITIES": "No", "INDOOR_FACILITIES_CHTNM": "否 / 否", "OS_AREA": "49300", "OS_AREA_CHTNM": "49300", "REMARK": "-", "REMARK_CHTNM": "-", "LAST_UPDATE": "03/2024", "OBJECTID_1": 105 }, "geometry": { "type": "Point", "coordinates": [ 114.1933, 22.3778 ] } },
{ "type": "Feature", "properties": { "ADDRESS_ENGNM": "Sha Tin", "ADDRESS_CHTNM": "沙田 / 沙田", "BLDG_ENGNM": "Shek Mun Estate", "BLDG_CHTNM": "碩門邨 / 硕门邨", "OS_STATUS": "Exist", "OS_STATUS_CHTNM": "現存 / 现存", "OS_TYPE": "Ancillary", "OS_TYPE_CHTNM": "附屬休憩用地 / 附属休憩用地", "BEACH": "No", "BEACH_CHTNM": "否 / 否", "AMENITY_AREA": "No", "AMENITY_AREA_CHTNM": "否 / 否", "INDOOR_FACILITIES": "No", "INDOOR_FACILITIES_CHTNM": "否 / 否", "OS_AREA": "13727", "OS_AREA_CHTNM": "13727", "REMARK": "The LOS area is the minimum area derived from the approved Planning Brief as at completion of the development.", "REMARK_CHTNM": "鄰舍休憩用地面積節錄自發展項目竣工時的核准規劃大綱內的最少面積。 / 邻舍休憩用地面积节录自发展项目竣工时的核准规划大纲内的最少面积。", "LAST_UPDATE": "03/2024", "OBJECTID_1": 106 }, "geometry": { "type": "Point", "coordinates": [ 114.2093, 22.3867 ] } },
{ "type": "Feature", "properties": { "ADDRESS_ENGNM": "Sha Tin", "ADDRESS_CHTNM": "沙田 / 沙田", "BLDG_ENGNM": "Shui Chuen O Estate", "BLDG_CHTNM": "水泉澳邨 / 水泉澳邨", "OS_STATUS": "Exist", "OS_STATUS_CHTNM": "現存 / 现存", "OS_TYPE": "Ancillary", "OS_TYPE_CHTNM": "附屬休憩用地 / 附属休憩用地", "BEACH": "No", "BEACH_CHTNM": "否 / 否", "AMENITY_AREA": "No", "AMENITY_AREA_CHTNM": "否 / 否", "INDOOR_FACILITIES": "No", "INDOOR_FACILITIES_CHTNM": "否 / 否", "OS_AREA": "30000", "OS_AREA_CHTNM": "30000", "REMARK": "The LOS area is the minimum area derived from the approved Planning Brief as at completion of the development.", "REMARK_CHTNM": "鄰舍休憩用地面積節錄自發展項目竣工時的核准規劃大綱內的最少面積。 / 邻舍休憩用地面积节录自发展项目竣工时的核准规划大纲内的最少面积。", "LAST_UPDATE": "03/2024", "OBJECTID_1": 107 }, "geometry": { "type": "Point", "coordinates": [ 114.1983, 22.3721 ] } },
{ "type": "Feature", "properties": { "ADDRESS_ENGNM": "Sha Tin", "ADDRESS_CHTNM": "沙田 / 沙田", "BLDG_ENGNM": "Sun Chui Estate", "BLDG_CHTNM": "新翠邨 / 新翠邨", "OS_STATUS": "Exist", "OS_STATUS_CHTNM": "現存 / 现存", "OS_TYPE": "Ancillary", "OS_TYPE_CHTNM": "附屬休憩用地 / 附属休憩用地", "BEACH": "No", "BEACH_CHTNM": "否 / 否", "AMENITY_AREA": "No", "AMENITY_AREA_CHTNM": "否 / 否", "INDOOR_FACILITIES": "No", "INDOOR_FACILITIES_CHTNM": "否 / 否", "OS_AREA": "59300", "OS_AREA_CHTNM": "59300", "REMARK": "-", "REMARK_CHTNM": "-", "LAST_UPDATE": "03/2024", "OBJECTID_1": 108 }, "geometry": { "type": "Point", "coordinates": [ 114.1823, 22.3692 ] } },
{ "type": "Feature", "properties": { "ADDRESS_ENGNM": "Sha Tin", "ADDRESS_CHTNM": "沙田 / 沙田", "BLDG_ENGNM": "Sun Tin Wai Estate", "BLDG_CHTNM": "新田圍邨 / 新田围邨", "OS_STATUS": "Exist", "OS_STATUS_CHTNM": "現存 / 现存", "OS_TYPE": "Ancillary", "OS_TYPE_CHTNM": "附屬休憩用地 / 附属休憩用地", "BEACH": "No", "BEACH_CHTNM": "否 / 否", "AMENITY_AREA": "No", "AMENITY_AREA_CHTNM": "否 / 否", "INDOOR_FACILITIES": "No", "INDOOR_FACILITIES_CHTNM": "否 / 否", "OS_AREA": "28800", "OS_AREA_CHTNM": "28800", "REMARK": "-", "REMARK_CHTNM": "-", "LAST_UPDATE": "03/2024", "OBJECTID_1": 109 }, "geometry": { "type": "Point", "coordinates": [ 114.1873, 22.3705 ] } },
{ "type": "Feature", "properties": { "ADDRESS_ENGNM": "Sha Tin", "ADDRESS_CHTNM": "沙田 / 沙田", "BLDG_ENGNM": "Wo Che Estate", "BLDG_CHTNM": "禾輋邨 / 禾輋邨", "OS_STATUS": "Exist", "OS_STATUS_CHTNM": "現存 / 现存", "OS_TYPE": "Ancillary", "OS_TYPE_CHTNM": "附屬休憩用地 / 附属休憩用地", "BEACH": "No", "BEACH_CHTNM": "否 / 否", "AMENITY_AREA": "No", "AMENITY_AREA_CHTNM": "否 / 否", "INDOOR_FACILITIES": "No", "INDOOR_FACILITIES_CHTNM": "否 / 否", "OS_AREA": "58300", "OS_AREA_CHTNM": "58300", "REMARK": "-", "REMARK_CHTNM": "-", "LAST_UPDATE": "03/2024", "OBJECTID_1": 110 }, "geometry": { "type": "Point", "coordinates": [ 114.1964, 22.3885 ] } },
{ "type": "Feature", "properties": { "ADDRESS_ENGNM": "Sha Tin", "ADDRESS_CHTNM": "沙田 / 沙田", "BLDG_ENGNM": "Yan On Estate", "BLDG_CHTNM": "欣安邨 / 欣安邨", "OS_STATUS": "Exist", "OS_STATUS_CHTNM": "現存 / 现存", "OS_TYPE": "Ancillary", "OS_TYPE_CHTNM": "附屬休憩用地 / 附属休憩用地", "BEACH": "No", "BEACH_CHTNM": "否 / 否", "AMENITY_AREA": "No", "AMENITY_AREA_CHTNM": "否 / 否", "INDOOR_FACILITIES": "No", "INDOOR_FACILITIES_CHTNM": "否 / 否", "OS_AREA": "6700", "OS_AREA_CHTNM": "6700", "REMARK": "The LOS area is the minimum area derived from the approved Planning Brief as at completion of the development.", "REMARK_CHTNM": "鄰舍休憩用地面積節錄自發展項目竣工時的核准規劃大綱內的最少面積。 / 邻舍休憩用地面积节录自发展项目竣工时的核准规划大纲内的最少面积。", "LAST_UPDATE": "03/2024", "OBJECTID_1": 111 }, "geometry": { "type": "Point", "coordinates": [ 114.2253, 22.4139 ] } },
{ "type": "Feature", "properties": { "ADDRESS_ENGNM": "Sham Shui Po", "ADDRESS_CHTNM": "深水埗 / 深水埗", "BLDG_ENGNM": "Chak On Estate", "BLDG_CHTNM": "澤安邨 / 泽安邨", "OS_STATUS": "Exist", "OS_STATUS_CHTNM": "現存 / 现存", "OS_TYPE": "Ancillary", "OS_TYPE_CHTNM": "附屬休憩用地 / 附属休憩用地", "BEACH": "No", "BEACH_CHTNM": "否 / 否", "AMENITY_AREA": "No", "AMENITY_AREA_CHTNM": "否 / 否", "INDOOR_FACILITIES": "No", "INDOOR_FACILITIES_CHTNM": "否 / 否", "OS_AREA": "12000", "OS_AREA_CHTNM": "12000", "REMARK": "-", "REMARK_CHTNM": "-", "LAST_UPDATE": "03/2024", "OBJECTID_1": 112 }, "geometry": { "type": "Point", "coordinates": [ 114.1647, 22.3397 ] } },
{ "type": "Feature", "properties": { "ADDRESS_ENGNM": "Sham Shui Po", "ADDRESS_CHTNM": "深水埗 / 深水埗", "BLDG_ENGNM": "Cheung Sha Wan Estate", "BLDG_CHTNM": "長沙灣邨 / 长沙湾邨", "OS_STATUS": "Exist", "OS_STATUS_CHTNM": "現存 / 现存", "OS_TYPE": "Ancillary", "OS_TYPE_CHTNM": "附屬休憩用地 / 附属休憩用地", "BEACH": "No", "BEACH_CHTNM": "否 / 否", "AMENITY_AREA": "No", "AMENITY_AREA_CHTNM": "否 / 否", "INDOOR_FACILITIES": "No", "INDOOR_FACILITIES_CHTNM": "否 / 否", "OS_AREA": "3500", "OS_AREA_CHTNM": "3500", "REMARK": "The LOS area is the minimum area derived from the approved Planning Brief as at completion of the development.", "REMARK_CHTNM": "鄰舍休憩用地面積節錄自發展項目竣工時的核准規劃大綱內的最少面積。 / 邻舍休憩用地面积节录自发展项目竣工时的核准规划大纲内的最少面积。", "LAST_UPDATE": "03/2024", "OBJECTID_1": 113 }, "geometry": { "type": "Point", "coordinates": [ 114.1563, 22.3346 ] } },
{ "type": "Feature", "properties": { "ADDRESS_ENGNM": "Sham Shui Po", "ADDRESS_CHTNM": "深水埗 / 深水埗", "BLDG_ENGNM": "Fortune Estate", "BLDG_CHTNM": "幸福邨 / 幸福邨", "OS_STATUS": "Exist", "OS_STATUS_CHTNM": "現存 / 现存", "OS_TYPE": "Ancillary", "OS_TYPE_CHTNM": "附屬休憩用地 / 附属休憩用地", "BEACH": "No", "BEACH_CHTNM": "否 / 否", "AMENITY_AREA": "No", "AMENITY_AREA_CHTNM": "否 / 否", "INDOOR_FACILITIES": "No", "INDOOR_FACILITIES_CHTNM": "否 / 否", "OS_AREA": "7400", "OS_AREA_CHTNM": "7400", "REMARK": "-", "REMARK_CHTNM": "-", "LAST_UPDATE": "03/2024", "OBJECTID_1": 114 }, "geometry": { "type": "Point", "coordinates": [ 114.1539, 22.3355 ] } },
{ "type": "Feature", "properties": { "ADDRESS_ENGNM": "Sham Shui Po", "ADDRESS_CHTNM": "深水埗 / 深水埗", "BLDG_ENGNM": "Fu Cheong Estate", "BLDG_CHTNM": "富昌邨 / 富昌邨", "OS_STATUS": "Exist", "OS_STATUS_CHTNM": "現存 / 现存", "OS_TYPE": "Ancillary", "OS_TYPE_CHTNM": "附屬休憩用地 / 附属休憩用地", "BEACH": "No", "BEACH_CHTNM": "否 / 否", "AMENITY_AREA": "No", "AMENITY_AREA_CHTNM": "否 / 否", "INDOOR_FACILITIES": "No", "INDOOR_FACILITIES_CHTNM": "否 / 否", "OS_AREA": "22700", "OS_AREA_CHTNM": "22700", "REMARK": "-", "REMARK_CHTNM": "-", "LAST_UPDATE": "03/2024", "OBJECTID_1": 115 }, "geometry": { "type": "Point", "coordinates": [ 114.1547, 22.3286 ] } },
{ "type": "Feature", "properties": { "ADDRESS_ENGNM": "Sham Shui Po", "ADDRESS_CHTNM": "深水埗 / 深水埗", "BLDG_ENGNM": "Hoi Lai Estate", "BLDG_CHTNM": "海麗邨 / 海丽邨", "OS_STATUS": "Exist", "OS_STATUS_CHTNM": "現存 / 现存", "OS_TYPE": "Ancillary", "OS_TYPE_CHTNM": "附屬休憩用地 / 附属休憩用地", "BEACH": "No", "BEACH_CHTNM": "否 / 否", "AMENITY_AREA": "No", "AMENITY_AREA_CHTNM": "否 / 否", "INDOOR_FACILITIES": "No", "INDOOR_FACILITIES_CHTNM": "否 / 否", "OS_AREA": "18900", "OS_AREA_CHTNM": "18900", "REMARK": "-", "REMARK_CHTNM": "-", "LAST_UPDATE": "03/2024", "OBJECTID_1": 116 }, "geometry": { "type": "Point", "coordinates": [ 114.1463, 22.3322 ] } },
{ "type": "Feature", "properties": { "ADDRESS_ENGNM": "Sham Shui Po", "ADDRESS_CHTNM": "深水埗 / 深水埗", "BLDG_ENGNM": "Hoi Tat Estate", "BLDG_CHTNM": "海達邨 / 海达邨", "OS_STATUS": "Exist", "OS_STATUS_CHTNM": "現存 / 现存", "OS_TYPE": "Ancillary", "OS_TYPE_CHTNM": "附屬休憩用地 / 附属休憩用地", "BEACH": "No", "BEACH_CHTNM": "否 / 否", "AMENITY_AREA": "No", "AMENITY_AREA_CHTNM": "否 / 否", "INDOOR_FACILITIES": "No", "INDOOR_FACILITIES_CHTNM": "否 / 否", "OS_AREA": "9700", "OS_AREA_CHTNM": "9700", "REMARK": "The LOS area is the minimum area required based on the assumed population as at completion of the development.", "REMARK_CHTNM": "鄰舍休憩用地面積為以發展項目竣工時擬定人口估算的最少所需面積。 / 邻舍休憩用地面积为以发展项目竣工时拟定人口估算的最少所需面积。", "LAST_UPDATE": "03/2024", "OBJECTID_1": 117 }, "geometry": { "type": "Point", "coordinates": [ 114.1504, 22.3298 ] } },
{ "type": "Feature", "properties": { "ADDRESS_ENGNM": "Sham Shui Po", "ADDRESS_CHTNM": "深水埗 / 深水埗", "BLDG_ENGNM": "Hoi Ying Estate", "BLDG_CHTNM": "海盈邨 / 海盈邨", "OS_STATUS": "Exist", "OS_STATUS_CHTNM": "現存 / 现存", "OS_TYPE": "Ancillary", "OS_TYPE_CHTNM": "附屬休憩用地 / 附属休憩用地", "BEACH": "No", "BEACH_CHTNM": "否 / 否", "AMENITY_AREA": "No", "AMENITY_AREA_CHTNM": "否 / 否", "INDOOR_FACILITIES": "No", "INDOOR_FACILITIES_CHTNM": "否 / 否", "OS_AREA": "3570", "OS_AREA_CHTNM": "3570", "REMARK": "The LOS area is the minimum area derived from the approved Planning Brief as at completion of the development.", "REMARK_CHTNM": "鄰舍休憩用地面積節錄自發展項目竣工時的核准規劃大綱內的最少面積。 / 邻舍休憩用地面积节录自发展项目竣工时的核准规划大纲内的最少面积。", "LAST_UPDATE": "03/2024", "OBJECTID_1": 118 }, "geometry": { "type": "Point", "coordinates": [ 114.1484, 22.3284 ] } },
{ "type": "Feature", "properties": { "ADDRESS_ENGNM": "Sham Shui Po", "ADDRESS_CHTNM": "深水埗 / 深水埗", "BLDG_ENGNM": "Lai Kok Estate", "BLDG_CHTNM": "麗閣邨 / 丽阁邨", "OS_STATUS": "Exist", "OS_STATUS_CHTNM": "現存 / 现存", "OS_TYPE": "Ancillary", "OS_TYPE_CHTNM": "附屬休憩用地 / 附属休憩用地", "BEACH": "No", "BEACH_CHTNM": "否 / 否", "AMENITY_AREA": "No", "AMENITY_AREA_CHTNM": "否 / 否", "INDOOR_FACILITIES": "No", "INDOOR_FACILITIES_CHTNM": "否 / 否", "OS_AREA": "18900", "OS_AREA_CHTNM": "18900", "REMARK": "-", "REMARK_CHTNM": "-", "LAST_UPDATE": "03/2024", "OBJECTID_1": 119 }, "geometry": { "type": "Point", "coordinates": [ 114.1568, 22.3322 ] } },
{ "type": "Feature", "properties": { "ADDRESS_ENGNM": "Sham Shui Po", "ADDRESS_CHTNM": "深水埗 / 深水埗", "BLDG_ENGNM": "Lai On Estate", "BLDG_CHTNM": "麗安邨 / 丽安邨", "OS_STATUS": "Exist", "OS_STATUS_CHTNM": "現存 / 现存", "OS_TYPE": "Ancillary", "OS_TYPE_CHTNM": "附屬休憩用地 / 附属休憩用地", "BEACH": "No", "BEACH_CHTNM": "否 / 否", "AMENITY_AREA": "No", "AMENITY_AREA_CHTNM": "否 / 否", "INDOOR_FACILITIES": "No", "INDOOR_FACILITIES_CHTNM": "否 / 否", "OS_AREA": "9900", "OS_AREA_CHTNM": "9900", "REMARK": "-", "REMARK_CHTNM": "-", "LAST_UPDATE": "03/2024", "OBJECTID_1": 120 }, "geometry": { "type": "Point", "coordinates": [ 114.1585, 22.3308 ] } },
{ "type": "Feature", "properties": { "ADDRESS_ENGNM": "Sham Shui Po", "ADDRESS_CHTNM": "深水埗 / 深水埗", "BLDG_ENGNM": "Lai Tsui Court", "BLDG_CHTNM": "麗翠苑 / 丽翠苑", "OS_STATUS": "Exist", "OS_STATUS_CHTNM": "現存 / 现存", "OS_TYPE": "Ancillary", "OS_TYPE_CHTNM": "附屬休憩用地 / 附属休憩用地", "BEACH": "No", "BEACH_CHTNM": "否 / 否", "AMENITY_AREA": "No", "AMENITY_AREA_CHTNM": "否 / 否", "INDOOR_FACILITIES": "No", "INDOOR_FACILITIES_CHTNM": "否 / 否", "OS_AREA": "11750", "OS_AREA_CHTNM": "11750", "REMARK": "1) The court has been sold and becomes private property. The LOS area is based on the information as at completion of the development and will not be further updated. 2) The LOS area is the minimum area derived from the approved Planning Brief as at completion of the development.", "REMARK_CHTNM": "1) 該屋苑已出售成為私人物業。鄰舍休憩用地面積為項目竣工時之資料，並不再更新。 / 该屋苑已出售成为私人物业。邻舍休憩用地面积为项目竣工时之资料，并不再更新。2) 鄰舍休憩用地面積節錄自發展項目竣工時的核准規劃大綱內的最少面積。 / 邻舍休憩用地面积节录自发展项目竣工时的核准规划大纲内的最少面积。", "LAST_UPDATE": "03/2024", "OBJECTID_1": 121 }, "geometry": { "type": "Point", "coordinates": [ 114.1545, 22.3341 ] } },
{ "type": "Feature", "properties": { "ADDRESS_ENGNM": "Sham Shui Po", "ADDRESS_CHTNM": "深水埗 / 深水埗", "BLDG_ENGNM": "Nam Shan Estate", "BLDG_CHTNM": "南山邨 / 南山邨", "OS_STATUS": "Exist", "OS_STATUS_CHTNM": "現存 / 现存", "OS_TYPE": "Ancillary", "OS_TYPE_CHTNM": "附屬休憩用地 / 附属休憩用地", "BEACH": "No", "BEACH_CHTNM": "否 / 否", "AMENITY_AREA": "No", "AMENITY_AREA_CHTNM": "否 / 否", "INDOOR_FACILITIES": "No", "INDOOR_FACILITIES_CHTNM": "否 / 否", "OS_AREA": "19200", "OS_AREA_CHTNM": "19200", "REMARK": "-", "REMARK_CHTNM": "-", "LAST_UPDATE": "03/2024", "OBJECTID_1": 122 }, "geometry": { "type": "Point", "coordinates": [ 114.1712, 22.3345 ] } },
{ "type": "Feature", "properties": { "ADDRESS_ENGNM": "Sham Shui Po", "ADDRESS_CHTNM": "深水埗 / 深水埗", "BLDG_ENGNM": "Pak Tin Estate", "BLDG_CHTNM": "白田邨 / 白田邨", "OS_STATUS": "Exist", "OS_STATUS_CHTNM": "現存 / 现存", "OS_TYPE": "Ancillary", "OS_TYPE_CHTNM": "附屬休憩用地 / 附属休憩用地", "BEACH": "No", "BEACH_CHTNM": "否 / 否", "AMENITY_AREA": "No", "AMENITY_AREA_CHTNM": "否 / 否", "INDOOR_FACILITIES": "No", "INDOOR_FACILITIES_CHTNM": "否 / 否", "OS_AREA": "40525", "OS_AREA_CHTNM": "40525", "REMARK": "1) The LOS area is the minimum area derived from the approved Planning Briefs for redevelopment of Pak Tin Estate. 2) Redevelopment for Phase 12 & Phase 13 are still in progress and their respective planned LOS areas are about 5,250 sqm. and 7,987 sqm.", "REMARK_CHTNM": "1) 鄰舍休憩用地面積節錄自白田邨重建项目的核准規劃大綱內的最少面積。 / 邻舍休憩用地面积节录自白田邨重建项目的核准规划大纲内的最少面积。2) 第十二期及第十三期重建項目仍在進行中，其各自規劃中的鄰舍休憩用地面積約為5,250 平方米 和 7,987 平方米。 / 第十二期及第十三期重建项目仍在进行中，其各自规划中的邻舍休憩用地面积约为5,250 平方米 和 7,987 平方米。", "LAST_UPDATE": "03/2024", "OBJECTID_1": 123 }, "geometry": { "type": "Point", "coordinates": [ 114.1676, 22.3372 ] } },
{ "type": "Feature", "properties": { "ADDRESS_ENGNM": "Sham Shui Po", "ADDRESS_CHTNM": "深水埗 / 深水埗", "BLDG_ENGNM": "Shek Kip Mei Estate", "BLDG_CHTNM": "石硤尾邨 / 石硖尾邨", "OS_STATUS": "Exist", "OS_STATUS_CHTNM": "現存 / 现存", "OS_TYPE": "Ancillary", "OS_TYPE_CHTNM": "附屬休憩用地 / 附属休憩用地", "BEACH": "No", "BEACH_CHTNM": "否 / 否", "AMENITY_AREA": "No", "AMENITY_AREA_CHTNM": "否 / 否", "INDOOR_FACILITIES": "No", "INDOOR_FACILITIES_CHTNM": "否 / 否", "OS_AREA": "33700", "OS_AREA_CHTNM": "33700", "REMARK": "The LOS area is determined based on the approved Planning Brief as at completion of the development, as well as the survey record kept by the Hong Kong Housing Authority.", "REMARK_CHTNM": "鄰舍休憩用地面積乃根據發展項目竣工時的核准規劃大綱，以及房委會備存的測量記錄綜合而定。 / 邻舍休憩用地面积乃根据发展项目竣工时的核准规划大纲，以及房委会备存的测量记录综合而定。", "LAST_UPDATE": "03/2024", "OBJECTID_1": 124 }, "geometry": { "type": "Point", "coordinates": [ 114.1653, 22.3327 ] } },
{ "type": "Feature", "properties": { "ADDRESS_ENGNM": "Sham Shui Po", "ADDRESS_CHTNM": "深水埗 / 深水埗", "BLDG_ENGNM": "So Uk Estate", "BLDG_CHTNM": "蘇屋邨 / 苏屋邨", "OS_STATUS": "Exist", "OS_STATUS_CHTNM": "現存 / 现存", "OS_TYPE": "Ancillary", "OS_TYPE_CHTNM": "附屬休憩用地 / 附属休憩用地", "BEACH": "No", "BEACH_CHTNM": "否 / 否", "AMENITY_AREA": "No", "AMENITY_AREA_CHTNM": "否 / 否", "INDOOR_FACILITIES": "No", "INDOOR_FACILITIES_CHTNM": "否 / 否", "OS_AREA": "18400", "OS_AREA_CHTNM": "18400", "REMARK": "The LOS area is the minimum area derived from the approved Planning Brief as at completion of the development.", "REMARK_CHTNM": "鄰舍休憩用地面積節錄自發展項目竣工時的核准規劃大綱內的最少面積。 / 邻舍休憩用地面积节录自发展项目竣工时的核准规划大纲内的最少面积。", "LAST_UPDATE": "03/2024", "OBJECTID_1": 125 }, "geometry": { "type": "Point", "coordinates": [ 114.1568, 22.3416 ] } },
{ "type": "Feature", "properties": { "ADDRESS_ENGNM": "Sham Shui Po", "ADDRESS_CHTNM": "深水埗 / 深水埗", "BLDG_ENGNM": "Tai Hang Tung Estate", "BLDG_CHTNM": "大坑東邨 / 大坑东邨", "OS_STATUS": "Exist", "OS_STATUS_CHTNM": "現存 / 现存", "OS_TYPE": "Ancillary", "OS_TYPE_CHTNM": "附屬休憩用地 / 附属休憩用地", "BEACH": "No", "BEACH_CHTNM": "否 / 否", "AMENITY_AREA": "No", "AMENITY_AREA_CHTNM": "否 / 否", "INDOOR_FACILITIES": "No", "INDOOR_FACILITIES_CHTNM": "否 / 否", "OS_AREA": "17400", "OS_AREA_CHTNM": "17400", "REMARK": "-", "REMARK_CHTNM": "-", "LAST_UPDATE": "03/2024", "OBJECTID_1": 126 }, "geometry": { "type": "Point", "coordinates": [ 114.1717, 22.3327 ] } },
{ "type": "Feature", "properties": { "ADDRESS_ENGNM": "Sham Shui Po", "ADDRESS_CHTNM": "深水埗 / 深水埗", "BLDG_ENGNM": "Un Chau Estate", "BLDG_CHTNM": "元州邨 / 元州邨", "OS_STATUS": "Exist", "OS_STATUS_CHTNM": "現存 / 现存", "OS_TYPE": "Ancillary", "OS_TYPE_CHTNM": "附屬休憩用地 / 附属休憩用地", "BEACH": "No", "BEACH_CHTNM": "否 / 否", "AMENITY_AREA": "No", "AMENITY_AREA_CHTNM": "否 / 否", "INDOOR_FACILITIES": "No", "INDOOR_FACILITIES_CHTNM": "否 / 否", "OS_AREA": "28100", "OS_AREA_CHTNM": "28100", "REMARK": "The LOS area is the minimum area derived from the approved Planning Brief as at completion of the development.", "REMARK_CHTNM": "鄰舍休憩用地面積節錄自發展項目竣工時的核准規劃大綱內的最少面積。 / 邻舍休憩用地面积节录自发展项目竣工时的核准规划大纲内的最少面积。", "LAST_UPDATE": "03/2024", "OBJECTID_1": 127 }, "geometry": { "type": "Point", "coordinates": [ 114.156, 22.3366 ] } },
{ "type": "Feature", "properties": { "ADDRESS_ENGNM": "Sham Shui Po", "ADDRESS_CHTNM": "深水埗 / 深水埗", "BLDG_ENGNM": "Wing Cheong Estate", "BLDG_CHTNM": "榮昌邨 / 荣昌邨", "OS_STATUS": "Exist", "OS_STATUS_CHTNM": "現存 / 现存", "OS_TYPE": "Ancillary", "OS_TYPE_CHTNM": "附屬休憩用地 / 附属休憩用地", "BEACH": "No", "BEACH_CHTNM": "否 / 否", "AMENITY_AREA": "No", "AMENITY_AREA_CHTNM": "否 / 否", "INDOOR_FACILITIES": "No", "INDOOR_FACILITIES_CHTNM": "否 / 否", "OS_AREA": "3900", "OS_AREA_CHTNM": "3900", "REMARK": "The LOS area is the minimum area derived from the approved Planning Brief as at completion of the development.", "REMARK_CHTNM": "鄰舍休憩用地面積節錄自發展項目竣工時的核准規劃大綱內的最少面積。 / 邻舍休憩用地面积节录自发展项目竣工时的核准规划大纲内的最少面积。", "LAST_UPDATE": "03/2024", "OBJECTID_1": 128 }, "geometry": { "type": "Point", "coordinates": [ 114.1554, 22.3292 ] } },
{ "type": "Feature", "properties": { "ADDRESS_ENGNM": "Southern", "ADDRESS_CHTNM": "南區 / 南区", "BLDG_ENGNM": "Ap Lei Chau Estate", "BLDG_CHTNM": "鴨脷洲邨 / 鸭脷洲邨", "OS_STATUS": "Exist", "OS_STATUS_CHTNM": "現存 / 现存", "OS_TYPE": "Ancillary", "OS_TYPE_CHTNM": "附屬休憩用地 / 附属休憩用地", "BEACH": "No", "BEACH_CHTNM": "否 / 否", "AMENITY_AREA": "No", "AMENITY_AREA_CHTNM": "否 / 否", "INDOOR_FACILITIES": "No", "INDOOR_FACILITIES_CHTNM": "否 / 否", "OS_AREA": "19700", "OS_AREA_CHTNM": "19700", "REMARK": "-", "REMARK_CHTNM": "-", "LAST_UPDATE": "03/2024", "OBJECTID_1": 129 }, "geometry": { "type": "Point", "coordinates": [ 114.1522, 22.2444 ] } },
{ "type": "Feature", "properties": { "ADDRESS_ENGNM": "Southern", "ADDRESS_CHTNM": "南區 / 南区", "BLDG_ENGNM": "Ma Hang Estate", "BLDG_CHTNM": "馬坑邨 / 马坑邨", "OS_STATUS": "Exist", "OS_STATUS_CHTNM": "現存 / 现存", "OS_TYPE": "Ancillary", "OS_TYPE_CHTNM": "附屬休憩用地 / 附属休憩用地", "BEACH": "No", "BEACH_CHTNM": "否 / 否", "AMENITY_AREA": "No", "AMENITY_AREA_CHTNM": "否 / 否", "INDOOR_FACILITIES": "No", "INDOOR_FACILITIES_CHTNM": "否 / 否", "OS_AREA": "28500", "OS_AREA_CHTNM": "28500", "REMARK": "-", "REMARK_CHTNM": "-", "LAST_UPDATE": "03/2024", "OBJECTID_1": 130 }, "geometry": { "type": "Point", "coordinates": [ 114.207, 22.2217 ] } },
{ "type": "Feature", "properties": { "ADDRESS_ENGNM": "Southern", "ADDRESS_CHTNM": "南區 / 南区", "BLDG_ENGNM": "Shek Pai Wan Estate", "BLDG_CHTNM": "石排灣邨 / 石排湾邨", "OS_STATUS": "Exist", "OS_STATUS_CHTNM": "現存 / 现存", "OS_TYPE": "Ancillary", "OS_TYPE_CHTNM": "附屬休憩用地 / 附属休憩用地", "BEACH": "No", "BEACH_CHTNM": "否 / 否", "AMENITY_AREA": "No", "AMENITY_AREA_CHTNM": "否 / 否", "INDOOR_FACILITIES": "No", "INDOOR_FACILITIES_CHTNM": "否 / 否", "OS_AREA": "15900", "OS_AREA_CHTNM": "15900", "REMARK": "-", "REMARK_CHTNM": "-", "LAST_UPDATE": "03/2024", "OBJECTID_1": 131 }, "geometry": { "type": "Point", "coordinates": [ 114.1573, 22.2493 ] } },
{ "type": "Feature", "properties": { "ADDRESS_ENGNM": "Southern", "ADDRESS_CHTNM": "南區 / 南区", "BLDG_ENGNM": "Tin Wan Estate", "BLDG_CHTNM": "田灣邨 / 田湾邨", "OS_STATUS": "Exist", "OS_STATUS_CHTNM": "現存 / 现存", "OS_TYPE": "Ancillary", "OS_TYPE_CHTNM": "附屬休憩用地 / 附属休憩用地", "BEACH": "No", "BEACH_CHTNM": "否 / 否", "AMENITY_AREA": "No", "AMENITY_AREA_CHTNM": "否 / 否", "INDOOR_FACILITIES": "No", "INDOOR_FACILITIES_CHTNM": "否 / 否", "OS_AREA": "10300", "OS_AREA_CHTNM": "10300", "REMARK": "-", "REMARK_CHTNM": "-", "LAST_UPDATE": "03/2024", "OBJECTID_1": 132 }, "geometry": { "type": "Point", "coordinates": [ 114.1505, 22.252 ] } },
{ "type": "Feature", "properties": { "ADDRESS_ENGNM": "Southern", "ADDRESS_CHTNM": "南區 / 南区", "BLDG_ENGNM": "Wah Fu (I) Estate, Wah Fu (II) Estate", "BLDG_CHTNM": "華富(一), (二)邨 / 华富(一), (二)邨", "OS_STATUS": "Exist", "OS_STATUS_CHTNM": "現存 / 现存", "OS_TYPE": "Ancillary", "OS_TYPE_CHTNM": "附屬休憩用地 / 附属休憩用地", "BEACH": "No", "BEACH_CHTNM": "否 / 否", "AMENITY_AREA": "No", "AMENITY_AREA_CHTNM": "否 / 否", "INDOOR_FACILITIES": "No", "INDOOR_FACILITIES_CHTNM": "否 / 否", "OS_AREA": "43700", "OS_AREA_CHTNM": "43700", "REMARK": "-", "REMARK_CHTNM": "-", "LAST_UPDATE": "03/2024", "OBJECTID_1": 133 }, "geometry": { "type": "Point", "coordinates": [ 114.136628, 22.250856 ] } },
{ "type": "Feature", "properties": { "ADDRESS_ENGNM": "Tai Po", "ADDRESS_CHTNM": "大埔 / 大埔", "BLDG_ENGNM": "Fu Tip Estate", "BLDG_CHTNM": "富蝶邨 / 富蝶邨", "OS_STATUS": "Exist", "OS_STATUS_CHTNM": "現存 / 现存", "OS_TYPE": "Ancillary", "OS_TYPE_CHTNM": "附屬休憩用地 / 附属休憩用地", "BEACH": "No", "BEACH_CHTNM": "否 / 否", "AMENITY_AREA": "No", "AMENITY_AREA_CHTNM": "否 / 否", "INDOOR_FACILITIES": "No", "INDOOR_FACILITIES_CHTNM": "否 / 否", "OS_AREA": "4147", "OS_AREA_CHTNM": "4147", "REMARK": "The LOS area is the minimum area derived from the approved Planning Brief as at completion of the development.", "REMARK_CHTNM": "鄰舍休憩用地面積節錄自發展項目竣工時的核准規劃大綱內的最少面積。 / 邻舍休憩用地面积节录自发展项目竣工时的核准规划大纲内的最少面积。", "LAST_UPDATE": "03/2024", "OBJECTID_1": 134 }, "geometry": { "type": "Point", "coordinates": [ 114.1731, 22.4612 ] } },
{ "type": "Feature", "properties": { "ADDRESS_ENGNM": "Tai Po", "ADDRESS_CHTNM": "大埔 / 大埔", "BLDG_ENGNM": "Kwong Fuk Estate", "BLDG_CHTNM": "廣福邨 / 广福邨", "OS_STATUS": "Exist", "OS_STATUS_CHTNM": "現存 / 现存", "OS_TYPE": "Ancillary", "OS_TYPE_CHTNM": "附屬休憩用地 / 附属休憩用地", "BEACH": "No", "BEACH_CHTNM": "否 / 否", "AMENITY_AREA": "No", "AMENITY_AREA_CHTNM": "否 / 否", "INDOOR_FACILITIES": "No", "INDOOR_FACILITIES_CHTNM": "否 / 否", "OS_AREA": "50700", "OS_AREA_CHTNM": "50700", "REMARK": "-", "REMARK_CHTNM": "-", "LAST_UPDATE": "03/2024", "OBJECTID_1": 135 }, "geometry": { "type": "Point", "coordinates": [ 114.1739, 22.4478 ] } },
{ "type": "Feature", "properties": { "ADDRESS_ENGNM": "Tai Po", "ADDRESS_CHTNM": "大埔 / 大埔", "BLDG_ENGNM": "Po Heung Estate", "BLDG_CHTNM": "寶鄉邨 / 宝乡邨", "OS_STATUS": "Exist", "OS_STATUS_CHTNM": "現存 / 现存", "OS_TYPE": "Ancillary", "OS_TYPE_CHTNM": "附屬休憩用地 / 附属休憩用地", "BEACH": "No", "BEACH_CHTNM": "否 / 否", "AMENITY_AREA": "No", "AMENITY_AREA_CHTNM": "否 / 否", "INDOOR_FACILITIES": "No", "INDOOR_FACILITIES_CHTNM": "否 / 否", "OS_AREA": "1300", "OS_AREA_CHTNM": "1300", "REMARK": "The LOS area is the minimum area derived from the approved Planning Brief as at completion of the development.", "REMARK_CHTNM": "鄰舍休憩用地面積節錄自發展項目竣工時的核准規劃大綱內的最少面積。 / 邻舍休憩用地面积节录自发展项目竣工时的核准规划大纲内的最少面积。", "LAST_UPDATE": "03/2024", "OBJECTID_1": 136 }, "geometry": { "type": "Point", "coordinates": [ 114.1654, 22.447 ] } },
{ "type": "Feature", "properties": { "ADDRESS_ENGNM": "Tai Po", "ADDRESS_CHTNM": "大埔 / 大埔", "BLDG_ENGNM": "Tai Yuen Estate", "BLDG_CHTNM": "大元邨 / 大元邨", "OS_STATUS": "Exist", "OS_STATUS_CHTNM": "現存 / 现存", "OS_TYPE": "Ancillary", "OS_TYPE_CHTNM": "附屬休憩用地 / 附属休憩用地", "BEACH": "No", "BEACH_CHTNM": "否 / 否", "AMENITY_AREA": "No", "AMENITY_AREA_CHTNM": "否 / 否", "INDOOR_FACILITIES": "No", "INDOOR_FACILITIES_CHTNM": "否 / 否", "OS_AREA": "36400", "OS_AREA_CHTNM": "36400", "REMARK": "-", "REMARK_CHTNM": "-", "LAST_UPDATE": "03/2024", "OBJECTID_1": 137 }, "geometry": { "type": "Point", "coordinates": [ 114.169, 22.455 ] } },
{ "type": "Feature", "properties": { "ADDRESS_ENGNM": "Tsuen Wan", "ADDRESS_CHTNM": "荃灣 / 荃湾", "BLDG_ENGNM": "Cheung Shan Estate", "BLDG_CHTNM": "象山邨 / 象山邨", "OS_STATUS": "Exist", "OS_STATUS_CHTNM": "現存 / 现存", "OS_TYPE": "Ancillary", "OS_TYPE_CHTNM": "附屬休憩用地 / 附属休憩用地", "BEACH": "No", "BEACH_CHTNM": "否 / 否", "AMENITY_AREA": "No", "AMENITY_AREA_CHTNM": "否 / 否", "INDOOR_FACILITIES": "No", "INDOOR_FACILITIES_CHTNM": "否 / 否", "OS_AREA": "7900", "OS_AREA_CHTNM": "7900", "REMARK": "-", "REMARK_CHTNM": "-", "LAST_UPDATE": "03/2024", "OBJECTID_1": 138 }, "geometry": { "type": "Point", "coordinates": [ 114.1312, 22.379 ] } },
{ "type": "Feature", "properties": { "ADDRESS_ENGNM": "Tsuen Wan", "ADDRESS_CHTNM": "荃灣 / 荃湾", "BLDG_ENGNM": "Fuk Loi Estate", "BLDG_CHTNM": "福來邨 / 福来邨", "OS_STATUS": "Exist", "OS_STATUS_CHTNM": "現存 / 现存", "OS_TYPE": "Ancillary", "OS_TYPE_CHTNM": "附屬休憩用地 / 附属休憩用地", "BEACH": "No", "BEACH_CHTNM": "否 / 否", "AMENITY_AREA": "No", "AMENITY_AREA_CHTNM": "否 / 否", "INDOOR_FACILITIES": "No", "INDOOR_FACILITIES_CHTNM": "否 / 否", "OS_AREA": "13500", "OS_AREA_CHTNM": "13500", "REMARK": "-", "REMARK_CHTNM": "-", "LAST_UPDATE": "03/2024", "OBJECTID_1": 139 }, "geometry": { "type": "Point", "coordinates": [ 114.112, 22.3744 ] } },
{ "type": "Feature", "properties": { "ADDRESS_ENGNM": "Tsuen Wan", "ADDRESS_CHTNM": "荃灣 / 荃湾", "BLDG_ENGNM": "Lei Muk Shue Estate, Lei Muk Shue (I) Estate, Lei Muk Shue (II) Estate", "BLDG_CHTNM": "梨木樹邨、梨木樹(一) 、(二)邨 / 梨木树邨、梨木树(一) 、(二)邨", "OS_STATUS": "Exist", "OS_STATUS_CHTNM": "現存 / 现存", "OS_TYPE": "Ancillary", "OS_TYPE_CHTNM": "附屬休憩用地 / 附属休憩用地", "BEACH": "No", "BEACH_CHTNM": "否 / 否", "AMENITY_AREA": "No", "AMENITY_AREA_CHTNM": "否 / 否", "INDOOR_FACILITIES": "No", "INDOOR_FACILITIES_CHTNM": "否 / 否", "OS_AREA": "52000", "OS_AREA_CHTNM": "52000", "REMARK": "-", "REMARK_CHTNM": "-", "LAST_UPDATE": "03/2024", "OBJECTID_1": 140 }, "geometry": { "type": "Point", "coordinates": [ 114.135563, 22.378571 ] } },
{ "type": "Feature", "properties": { "ADDRESS_ENGNM": "Tsuen Wan", "ADDRESS_CHTNM": "荃灣 / 荃湾", "BLDG_ENGNM": "Shek Wai Kok Estate", "BLDG_CHTNM": "石圍角邨 / 石围角邨", "OS_STATUS": "Exist", "OS_STATUS_CHTNM": "現存 / 现存", "OS_TYPE": "Ancillary", "OS_TYPE_CHTNM": "附屬休憩用地 / 附属休憩用地", "BEACH": "No", "BEACH_CHTNM": "否 / 否", "AMENITY_AREA": "No", "AMENITY_AREA_CHTNM": "否 / 否", "INDOOR_FACILITIES": "No", "INDOOR_FACILITIES_CHTNM": "否 / 否", "OS_AREA": "32600", "OS_AREA_CHTNM": "32600", "REMARK": "-", "REMARK_CHTNM": "-", "LAST_UPDATE": "03/2024", "OBJECTID_1": 141 }, "geometry": { "type": "Point", "coordinates": [ 114.1247, 22.3765 ] } },
{ "type": "Feature", "properties": { "ADDRESS_ENGNM": "Tuen Mun", "ADDRESS_CHTNM": "屯門 / 屯门", "BLDG_ENGNM": "Butterfly Estate", "BLDG_CHTNM": "蝴蝶邨 / 蝴蝶邨", "OS_STATUS": "Exist", "OS_STATUS_CHTNM": "現存 / 现存", "OS_TYPE": "Ancillary", "OS_TYPE_CHTNM": "附屬休憩用地 / 附属休憩用地", "BEACH": "No", "BEACH_CHTNM": "否 / 否", "AMENITY_AREA": "No", "AMENITY_AREA_CHTNM": "否 / 否", "INDOOR_FACILITIES": "No", "INDOOR_FACILITIES_CHTNM": "否 / 否", "OS_AREA": "71800", "OS_AREA_CHTNM": "71800", "REMARK": "-", "REMARK_CHTNM": "-", "LAST_UPDATE": "03/2024", "OBJECTID_1": 142 }, "geometry": { "type": "Point", "coordinates": [ 113.9618, 22.3759 ] } },
{ "type": "Feature", "properties": { "ADDRESS_ENGNM": "Tuen Mun", "ADDRESS_CHTNM": "屯門 / 屯门", "BLDG_ENGNM": "Ching Tin Estate", "BLDG_CHTNM": "菁田邨 / 菁田邨", "OS_STATUS": "Exist", "OS_STATUS_CHTNM": "現存 / 现存", "OS_TYPE": "Ancillary", "OS_TYPE_CHTNM": "附屬休憩用地 / 附属休憩用地", "BEACH": "No", "BEACH_CHTNM": "否 / 否", "AMENITY_AREA": "No", "AMENITY_AREA_CHTNM": "否 / 否", "INDOOR_FACILITIES": "No", "INDOOR_FACILITIES_CHTNM": "否 / 否", "OS_AREA": "13200", "OS_AREA_CHTNM": "13200", "REMARK": "The LOS area is the minimum area derived from the approved Planning Brief as at completion of the development.", "REMARK_CHTNM": "鄰舍休憩用地面積節錄自發展項目竣工時的核准規劃大綱內的最少面積。 / 邻舍休憩用地面积节录自发展项目竣工时的核准规划大纲内的最少面积。", "LAST_UPDATE": "03/2024", "OBJECTID_1": 143 }, "geometry": { "type": "Point", "coordinates": [ 113.9713, 22.4123 ] } },
{ "type": "Feature", "properties": { "ADDRESS_ENGNM": "Tuen Mun", "ADDRESS_CHTNM": "屯門 / 屯门", "BLDG_ENGNM": "Fu Tai Estate", "BLDG_CHTNM": "富泰邨 / 富泰邨", "OS_STATUS": "Exist", "OS_STATUS_CHTNM": "現存 / 现存", "OS_TYPE": "Ancillary", "OS_TYPE_CHTNM": "附屬休憩用地 / 附属休憩用地", "BEACH": "No", "BEACH_CHTNM": "否 / 否", "AMENITY_AREA": "No", "AMENITY_AREA_CHTNM": "否 / 否", "INDOOR_FACILITIES": "No", "INDOOR_FACILITIES_CHTNM": "否 / 否", "OS_AREA": "26900", "OS_AREA_CHTNM": "26900", "REMARK": "-", "REMARK_CHTNM": "-", "LAST_UPDATE": "03/2024", "OBJECTID_1": 144 }, "geometry": { "type": "Point", "coordinates": [ 113.9847, 22.4134 ] } },
{ "type": "Feature", "properties": { "ADDRESS_ENGNM": "Tuen Mun", "ADDRESS_CHTNM": "屯門 / 屯门", "BLDG_ENGNM": "Lung Yat Estate", "BLDG_CHTNM": "龍逸邨 / 龙逸邨", "OS_STATUS": "Exist", "OS_STATUS_CHTNM": "現存 / 现存", "OS_TYPE": "Ancillary", "OS_TYPE_CHTNM": "附屬休憩用地 / 附属休憩用地", "BEACH": "No", "BEACH_CHTNM": "否 / 否", "AMENITY_AREA": "No", "AMENITY_AREA_CHTNM": "否 / 否", "INDOOR_FACILITIES": "No", "INDOOR_FACILITIES_CHTNM": "否 / 否", "OS_AREA": "2800", "OS_AREA_CHTNM": "2800", "REMARK": "The LOS area is the minimum area derived from the approved Planning Brief as at completion of the development.", "REMARK_CHTNM": "鄰舍休憩用地面積節錄自發展項目竣工時的核准規劃大綱內的最少面積。 / 邻舍休憩用地面积节录自发展项目竣工时的核准规划大纲内的最少面积。", "LAST_UPDATE": "03/2024", "OBJECTID_1": 145 }, "geometry": { "type": "Point", "coordinates": [ 113.9676, 22.3869 ] } },
{ "type": "Feature", "properties": { "ADDRESS_ENGNM": "Tuen Mun", "ADDRESS_CHTNM": "屯門 / 屯门", "BLDG_ENGNM": "On Ting Estate", "BLDG_CHTNM": "安定邨 / 安定邨", "OS_STATUS": "Exist", "OS_STATUS_CHTNM": "現存 / 现存", "OS_TYPE": "Ancillary", "OS_TYPE_CHTNM": "附屬休憩用地 / 附属休憩用地", "BEACH": "No", "BEACH_CHTNM": "否 / 否", "AMENITY_AREA": "No", "AMENITY_AREA_CHTNM": "否 / 否", "INDOOR_FACILITIES": "No", "INDOOR_FACILITIES_CHTNM": "否 / 否", "OS_AREA": "40600", "OS_AREA_CHTNM": "40600", "REMARK": "-", "REMARK_CHTNM": "-", "LAST_UPDATE": "03/2024", "OBJECTID_1": 146 }, "geometry": { "type": "Point", "coordinates": [ 113.9768, 22.3879 ] } },
{ "type": "Feature", "properties": { "ADDRESS_ENGNM": "Tuen Mun", "ADDRESS_CHTNM": "屯門 / 屯门", "BLDG_ENGNM": "Po Tin Estate", "BLDG_CHTNM": "寶田邨 / 宝田邨", "OS_STATUS": "Exist", "OS_STATUS_CHTNM": "現存 / 现存", "OS_TYPE": "Ancillary", "OS_TYPE_CHTNM": "附屬休憩用地 / 附属休憩用地", "BEACH": "No", "BEACH_CHTNM": "否 / 否", "AMENITY_AREA": "No", "AMENITY_AREA_CHTNM": "否 / 否", "INDOOR_FACILITIES": "No", "INDOOR_FACILITIES_CHTNM": "否 / 否", "OS_AREA": "18000", "OS_AREA_CHTNM": "18000", "REMARK": "-", "REMARK_CHTNM": "-", "LAST_UPDATE": "03/2024", "OBJECTID_1": 147 }, "geometry": { "type": "Point", "coordinates": [ 113.9667, 22.4102 ] } },
{ "type": "Feature", "properties": { "ADDRESS_ENGNM": "Tuen Mun", "ADDRESS_CHTNM": "屯門 / 屯门", "BLDG_ENGNM": "Sam Shing Estate", "BLDG_CHTNM": "三聖邨 / 三圣邨", "OS_STATUS": "Exist", "OS_STATUS_CHTNM": "現存 / 现存", "OS_TYPE": "Ancillary", "OS_TYPE_CHTNM": "附屬休憩用地 / 附属休憩用地", "BEACH": "No", "BEACH_CHTNM": "否 / 否", "AMENITY_AREA": "No", "AMENITY_AREA_CHTNM": "否 / 否", "INDOOR_FACILITIES": "No", "INDOOR_FACILITIES_CHTNM": "否 / 否", "OS_AREA": "10400", "OS_AREA_CHTNM": "10400", "REMARK": "-", "REMARK_CHTNM": "-", "LAST_UPDATE": "03/2024", "OBJECTID_1": 148 }, "geometry": { "type": "Point", "coordinates": [ 113.9781, 22.3811 ] } },
{ "type": "Feature", "properties": { "ADDRESS_ENGNM": "Tuen Mun", "ADDRESS_CHTNM": "屯門 / 屯门", "BLDG_ENGNM": "Tai Hing Estate", "BLDG_CHTNM": "大興邨 / 大兴邨", "OS_STATUS": "Exist", "OS_STATUS_CHTNM": "現存 / 现存", "OS_TYPE": "Ancillary", "OS_TYPE_CHTNM": "附屬休憩用地 / 附属休憩用地", "BEACH": "No", "BEACH_CHTNM": "否 / 否", "AMENITY_AREA": "No", "AMENITY_AREA_CHTNM": "否 / 否", "INDOOR_FACILITIES": "No", "INDOOR_FACILITIES_CHTNM": "否 / 否", "OS_AREA": "70600", "OS_AREA_CHTNM": "70600", "REMARK": "-", "REMARK_CHTNM": "-", "LAST_UPDATE": "03/2024", "OBJECTID_1": 149 }, "geometry": { "type": "Point", "coordinates": [ 113.9722, 22.4044 ] } },
{ "type": "Feature", "properties": { "ADDRESS_ENGNM": "Tuen Mun", "ADDRESS_CHTNM": "屯門 / 屯门", "BLDG_ENGNM": "Wo Tin Estate", "BLDG_CHTNM": "和田邨 / 和田邨", "OS_STATUS": "Exist", "OS_STATUS_CHTNM": "現存 / 现存", "OS_TYPE": "Ancillary", "OS_TYPE_CHTNM": "附屬休憩用地 / 附属休憩用地", "BEACH": "No", "BEACH_CHTNM": "否 / 否", "AMENITY_AREA": "No", "AMENITY_AREA_CHTNM": "否 / 否", "INDOOR_FACILITIES": "No", "INDOOR_FACILITIES_CHTNM": "否 / 否", "OS_AREA": "10800", "OS_AREA_CHTNM": "10800", "REMARK": "The LOS area is the minimum area derived from the approved Planning Brief as at completion of the development.", "REMARK_CHTNM": "鄰舍休憩用地面積節錄自發展項目竣工時的核准規劃大綱內的最少面積。 / 邻舍休憩用地面积节录自发展项目竣工时的核准规划大纲内的最少面积。", "LAST_UPDATE": "03/2024", "OBJECTID_1": 150 }, "geometry": { "type": "Point", "coordinates": [ 113.9687, 22.4143 ] } },
{ "type": "Feature", "properties": { "ADDRESS_ENGNM": "Tuen Mun", "ADDRESS_CHTNM": "屯門 / 屯门", "BLDG_ENGNM": "Wu King Estate", "BLDG_CHTNM": "湖景邨 / 湖景邨", "OS_STATUS": "Exist", "OS_STATUS_CHTNM": "現存 / 现存", "OS_TYPE": "Ancillary", "OS_TYPE_CHTNM": "附屬休憩用地 / 附属休憩用地", "BEACH": "No", "BEACH_CHTNM": "否 / 否", "AMENITY_AREA": "No", "AMENITY_AREA_CHTNM": "否 / 否", "INDOOR_FACILITIES": "No", "INDOOR_FACILITIES_CHTNM": "否 / 否", "OS_AREA": "38400", "OS_AREA_CHTNM": "38400", "REMARK": "-", "REMARK_CHTNM": "-", "LAST_UPDATE": "03/2024", "OBJECTID_1": 151 }, "geometry": { "type": "Point", "coordinates": [ 113.9651, 22.3765 ] } },
{ "type": "Feature", "properties": { "ADDRESS_ENGNM": "Tuen Mun", "ADDRESS_CHTNM": "屯門 / 屯门", "BLDG_ENGNM": "Yan Tin Estate", "BLDG_CHTNM": "欣田邨 / 欣田邨", "OS_STATUS": "Exist", "OS_STATUS_CHTNM": "現存 / 现存", "OS_TYPE": "Ancillary", "OS_TYPE_CHTNM": "附屬休憩用地 / 附属休憩用地", "BEACH": "No", "BEACH_CHTNM": "否 / 否", "AMENITY_AREA": "No", "AMENITY_AREA_CHTNM": "否 / 否", "INDOOR_FACILITIES": "No", "INDOOR_FACILITIES_CHTNM": "否 / 否", "OS_AREA": "13700", "OS_AREA_CHTNM": "13700", "REMARK": "The LOS area is the minimum area derived from the approved Planning Brief as at completion of the development.", "REMARK_CHTNM": "鄰舍休憩用地面積節錄自發展項目竣工時的核准規劃大綱內的最少面積。 / 邻舍休憩用地面积节录自发展项目竣工时的核准规划大纲内的最少面积。", "LAST_UPDATE": "03/2024", "OBJECTID_1": 152 }, "geometry": { "type": "Point", "coordinates": [ 113.9756, 22.4144 ] } },
{ "type": "Feature", "properties": { "ADDRESS_ENGNM": "Tuen Mun", "ADDRESS_CHTNM": "屯門 / 屯门", "BLDG_ENGNM": "Yau Oi Estate", "BLDG_CHTNM": "友愛邨 / 友爱邨", "OS_STATUS": "Exist", "OS_STATUS_CHTNM": "現存 / 现存", "OS_TYPE": "Ancillary", "OS_TYPE_CHTNM": "附屬休憩用地 / 附属休憩用地", "BEACH": "No", "BEACH_CHTNM": "否 / 否", "AMENITY_AREA": "No", "AMENITY_AREA_CHTNM": "否 / 否", "INDOOR_FACILITIES": "No", "INDOOR_FACILITIES_CHTNM": "否 / 否", "OS_AREA": "60700", "OS_AREA_CHTNM": "60700", "REMARK": "-", "REMARK_CHTNM": "-", "LAST_UPDATE": "03/2024", "OBJECTID_1": 153 }, "geometry": { "type": "Point", "coordinates": [ 113.9735, 22.3883 ] } },
{ "type": "Feature", "properties": { "ADDRESS_ENGNM": "Wong Tai Sin", "ADDRESS_CHTNM": "黃大仙 / 黄大仙", "BLDG_ENGNM": "Choi Fai Estate", "BLDG_CHTNM": "彩輝邨 / 彩辉邨", "OS_STATUS": "Exist", "OS_STATUS_CHTNM": "現存 / 现存", "OS_TYPE": "Ancillary", "OS_TYPE_CHTNM": "附屬休憩用地 / 附属休憩用地", "BEACH": "No", "BEACH_CHTNM": "否 / 否", "AMENITY_AREA": "No", "AMENITY_AREA_CHTNM": "否 / 否", "INDOOR_FACILITIES": "No", "INDOOR_FACILITIES_CHTNM": "否 / 否", "OS_AREA": "4400", "OS_AREA_CHTNM": "4400", "REMARK": "-", "REMARK_CHTNM": "-", "LAST_UPDATE": "03/2024", "OBJECTID_1": 154 }, "geometry": { "type": "Point", "coordinates": [ 114.218, 22.3354 ] } },
{ "type": "Feature", "properties": { "ADDRESS_ENGNM": "Wong Tai Sin", "ADDRESS_CHTNM": "黃大仙 / 黄大仙", "BLDG_ENGNM": "Choi Hung Estate", "BLDG_CHTNM": "彩虹邨 / 彩虹邨", "OS_STATUS": "Exist", "OS_STATUS_CHTNM": "現存 / 现存", "OS_TYPE": "Ancillary", "OS_TYPE_CHTNM": "附屬休憩用地 / 附属休憩用地", "BEACH": "No", "BEACH_CHTNM": "否 / 否", "AMENITY_AREA": "No", "AMENITY_AREA_CHTNM": "否 / 否", "INDOOR_FACILITIES": "No", "INDOOR_FACILITIES_CHTNM": "否 / 否", "OS_AREA": "35900", "OS_AREA_CHTNM": "35900", "REMARK": "-", "REMARK_CHTNM": "-", "LAST_UPDATE": "03/2024", "OBJECTID_1": 155 }, "geometry": { "type": "Point", "coordinates": [ 114.2074, 22.3339 ] } },
{ "type": "Feature", "properties": { "ADDRESS_ENGNM": "Wong Tai Sin", "ADDRESS_CHTNM": "黃大仙 / 黄大仙", "BLDG_ENGNM": "Choi Wan (I) Estate", "BLDG_CHTNM": "彩雲(一)邨 / 彩云(一)邨", "OS_STATUS": "Exist", "OS_STATUS_CHTNM": "現存 / 现存", "OS_TYPE": "Ancillary", "OS_TYPE_CHTNM": "附屬休憩用地 / 附属休憩用地", "BEACH": "No", "BEACH_CHTNM": "否 / 否", "AMENITY_AREA": "No", "AMENITY_AREA_CHTNM": "否 / 否", "INDOOR_FACILITIES": "No", "INDOOR_FACILITIES_CHTNM": "否 / 否", "OS_AREA": "22400", "OS_AREA_CHTNM": "22400", "REMARK": "-", "REMARK_CHTNM": "-", "LAST_UPDATE": "03/2024", "OBJECTID_1": 156 }, "geometry": { "type": "Point", "coordinates": [ 114.2151, 22.333 ] } },
{ "type": "Feature", "properties": { "ADDRESS_ENGNM": "Wong Tai Sin", "ADDRESS_CHTNM": "黃大仙 / 黄大仙", "BLDG_ENGNM": "Choi Wan (II) Estate", "BLDG_CHTNM": "彩雲(二)邨 / 彩云(二)邨", "OS_STATUS": "Exist", "OS_STATUS_CHTNM": "現存 / 现存", "OS_TYPE": "Ancillary", "OS_TYPE_CHTNM": "附屬休憩用地 / 附属休憩用地", "BEACH": "No", "BEACH_CHTNM": "否 / 否", "AMENITY_AREA": "No", "AMENITY_AREA_CHTNM": "否 / 否", "INDOOR_FACILITIES": "No", "INDOOR_FACILITIES_CHTNM": "否 / 否", "OS_AREA": "12000", "OS_AREA_CHTNM": "12000", "REMARK": "-", "REMARK_CHTNM": "-", "LAST_UPDATE": "03/2024", "OBJECTID_1": 157 }, "geometry": { "type": "Point", "coordinates": [ 114.2173, 22.3337 ] } },
{ "type": "Feature", "properties": { "ADDRESS_ENGNM": "Wong Tai Sin", "ADDRESS_CHTNM": "黃大仙 / 黄大仙", "BLDG_ENGNM": "Chuk Yuen South Estate", "BLDG_CHTNM": "竹園南邨 / 竹园南邨", "OS_STATUS": "Exist", "OS_STATUS_CHTNM": "現存 / 现存", "OS_TYPE": "Ancillary", "OS_TYPE_CHTNM": "附屬休憩用地 / 附属休憩用地", "BEACH": "No", "BEACH_CHTNM": "否 / 否", "AMENITY_AREA": "No", "AMENITY_AREA_CHTNM": "否 / 否", "INDOOR_FACILITIES": "No", "INDOOR_FACILITIES_CHTNM": "否 / 否", "OS_AREA": "23900", "OS_AREA_CHTNM": "23900", "REMARK": "-", "REMARK_CHTNM": "-", "LAST_UPDATE": "03/2024", "OBJECTID_1": 158 }, "geometry": { "type": "Point", "coordinates": [ 114.1906, 22.3446 ] } },
{ "type": "Feature", "properties": { "ADDRESS_ENGNM": "Wong Tai Sin", "ADDRESS_CHTNM": "黃大仙 / 黄大仙", "BLDG_ENGNM": "Fu Shan Estate", "BLDG_CHTNM": "富山邨 / 富山邨", "OS_STATUS": "Exist", "OS_STATUS_CHTNM": "現存 / 现存", "OS_TYPE": "Ancillary", "OS_TYPE_CHTNM": "附屬休憩用地 / 附属休憩用地", "BEACH": "No", "BEACH_CHTNM": "否 / 否", "AMENITY_AREA": "No", "AMENITY_AREA_CHTNM": "否 / 否", "INDOOR_FACILITIES": "No", "INDOOR_FACILITIES_CHTNM": "否 / 否", "OS_AREA": "6000", "OS_AREA_CHTNM": "6000", "REMARK": "The LOS area is the minimum area derived from the approved Planning Brief as at completion of the development.", "REMARK_CHTNM": "鄰舍休憩用地面積節錄自發展項目竣工時的核准規劃大綱內的最少面積。 / 邻舍休憩用地面积节录自发展项目竣工时的核准规划大纲内的最少面积。", "LAST_UPDATE": "03/2024", "OBJECTID_1": 159 }, "geometry": { "type": "Point", "coordinates": [ 114.2091, 22.3427 ] } },
{ "type": "Feature", "properties": { "ADDRESS_ENGNM": "Wong Tai Sin", "ADDRESS_CHTNM": "黃大仙 / 黄大仙", "BLDG_ENGNM": "Kai Chuen Court", "BLDG_CHTNM": "啟鑽苑 / 启钻苑", "OS_STATUS": "Exist", "OS_STATUS_CHTNM": "現存 / 现存", "OS_TYPE": "Ancillary", "OS_TYPE_CHTNM": "附屬休憩用地 / 附属休憩用地", "BEACH": "No", "BEACH_CHTNM": "否 / 否", "AMENITY_AREA": "No", "AMENITY_AREA_CHTNM": "否 / 否", "INDOOR_FACILITIES": "No", "INDOOR_FACILITIES_CHTNM": "否 / 否", "OS_AREA": "8578", "OS_AREA_CHTNM": "8578", "REMARK": "1) The court has been sold and becomes private property. The LOS area is based on the information as at completion of the development and will not be further updated. 2) The LOS area is the minimum area derived from the approved Planning Brief as at completion of the development.", "REMARK_CHTNM": "1) 該屋苑已出售成為私人物業。鄰舍休憩用地面積為項目竣工時之資料，並不再更新。 / 该屋苑已出售成为私人物业。邻舍休憩用地面积为项目竣工时之资料，并不再更新。2) 鄰舍休憩用地面積節錄自發展項目竣工時的核准規劃大綱內的最少面積。 / 邻舍休憩用地面积节录自发展项目竣工时的核准规划大纲内的最少面积。", "LAST_UPDATE": "03/2024", "OBJECTID_1": 160 }, "geometry": { "type": "Point", "coordinates": [ 114.1999, 22.3396 ] } },
{ "type": "Feature", "properties": { "ADDRESS_ENGNM": "Wong Tai Sin", "ADDRESS_CHTNM": "黃大仙 / 黄大仙", "BLDG_ENGNM": "Lok Fu Estate", "BLDG_CHTNM": "樂富邨 / 乐富邨", "OS_STATUS": "Exist", "OS_STATUS_CHTNM": "現存 / 现存", "OS_TYPE": "Ancillary", "OS_TYPE_CHTNM": "附屬休憩用地 / 附属休憩用地", "BEACH": "No", "BEACH_CHTNM": "否 / 否", "AMENITY_AREA": "No", "AMENITY_AREA_CHTNM": "否 / 否", "INDOOR_FACILITIES": "No", "INDOOR_FACILITIES_CHTNM": "否 / 否", "OS_AREA": "26400", "OS_AREA_CHTNM": "26400", "REMARK": "-", "REMARK_CHTNM": "-", "LAST_UPDATE": "03/2024", "OBJECTID_1": 161 }, "geometry": { "type": "Point", "coordinates": [ 114.1867, 22.3382 ] } },
{ "type": "Feature", "properties": { "ADDRESS_ENGNM": "Wong Tai Sin", "ADDRESS_CHTNM": "黃大仙 / 黄大仙", "BLDG_ENGNM": "Mei Tung Estate", "BLDG_CHTNM": "美東邨 / 美东邨", "OS_STATUS": "Exist", "OS_STATUS_CHTNM": "現存 / 现存", "OS_TYPE": "Ancillary", "OS_TYPE_CHTNM": "附屬休憩用地 / 附属休憩用地", "BEACH": "No", "BEACH_CHTNM": "否 / 否", "AMENITY_AREA": "No", "AMENITY_AREA_CHTNM": "否 / 否", "INDOOR_FACILITIES": "No", "INDOOR_FACILITIES_CHTNM": "否 / 否", "OS_AREA": "7000", "OS_AREA_CHTNM": "7000", "REMARK": "The LOS area is the minimum area derived from the approved Planning Brief as at completion of the development.", "REMARK_CHTNM": "鄰舍休憩用地面積節錄自發展項目竣工時的核准規劃大綱內的最少面積。 / 邻舍休憩用地面积节录自发展项目竣工时的核准规划大纲内的最少面积。", "LAST_UPDATE": "03/2024", "OBJECTID_1": 162 }, "geometry": { "type": "Point", "coordinates": [ 114.188, 22.3331 ] } },
{ "type": "Feature", "properties": { "ADDRESS_ENGNM": "Wong Tai Sin", "ADDRESS_CHTNM": "黃大仙 / 黄大仙", "BLDG_ENGNM": "Shatin Pass Estate", "BLDG_CHTNM": "沙田坳邨 / 沙田坳邨", "OS_STATUS": "Exist", "OS_STATUS_CHTNM": "現存 / 现存", "OS_TYPE": "Ancillary", "OS_TYPE_CHTNM": "附屬休憩用地 / 附属休憩用地", "BEACH": "No", "BEACH_CHTNM": "否 / 否", "AMENITY_AREA": "No", "AMENITY_AREA_CHTNM": "否 / 否", "INDOOR_FACILITIES": "No", "INDOOR_FACILITIES_CHTNM": "否 / 否", "OS_AREA": "3600", "OS_AREA_CHTNM": "3600", "REMARK": "-", "REMARK_CHTNM": "-", "LAST_UPDATE": "03/2024", "OBJECTID_1": 163 }, "geometry": { "type": "Point", "coordinates": [ 114.195, 22.3496 ] } },
{ "type": "Feature", "properties": { "ADDRESS_ENGNM": "Wong Tai Sin", "ADDRESS_CHTNM": "黃大仙 / 黄大仙", "BLDG_ENGNM": "Tsz Ching Estate", "BLDG_CHTNM": "慈正邨 / 慈正邨", "OS_STATUS": "Exist", "OS_STATUS_CHTNM": "現存 / 现存", "OS_TYPE": "Ancillary", "OS_TYPE_CHTNM": "附屬休憩用地 / 附属休憩用地", "BEACH": "No", "BEACH_CHTNM": "否 / 否", "AMENITY_AREA": "No", "AMENITY_AREA_CHTNM": "否 / 否", "INDOOR_FACILITIES": "No", "INDOOR_FACILITIES_CHTNM": "否 / 否", "OS_AREA": "24300", "OS_AREA_CHTNM": "24300", "REMARK": "-", "REMARK_CHTNM": "-", "LAST_UPDATE": "03/2024", "OBJECTID_1": 164 }, "geometry": { "type": "Point", "coordinates": [ 114.2026, 22.3499 ] } },
{ "type": "Feature", "properties": { "ADDRESS_ENGNM": "Wong Tai Sin", "ADDRESS_CHTNM": "黃大仙 / 黄大仙", "BLDG_ENGNM": "Tsz Hong Estate", "BLDG_CHTNM": "慈康邨 / 慈康邨", "OS_STATUS": "Exist", "OS_STATUS_CHTNM": "現存 / 现存", "OS_TYPE": "Ancillary", "OS_TYPE_CHTNM": "附屬休憩用地 / 附属休憩用地", "BEACH": "No", "BEACH_CHTNM": "否 / 否", "AMENITY_AREA": "No", "AMENITY_AREA_CHTNM": "否 / 否", "INDOOR_FACILITIES": "No", "INDOOR_FACILITIES_CHTNM": "否 / 否", "OS_AREA": "6000", "OS_AREA_CHTNM": "6000", "REMARK": "-", "REMARK_CHTNM": "-", "LAST_UPDATE": "03/2024", "OBJECTID_1": 165 }, "geometry": { "type": "Point", "coordinates": [ 114.2031, 22.3473 ] } },
{ "type": "Feature", "properties": { "ADDRESS_ENGNM": "Wong Tai Sin", "ADDRESS_CHTNM": "黃大仙 / 黄大仙", "BLDG_ENGNM": "Tsz Lok Estate", "BLDG_CHTNM": "慈樂邨 / 慈乐邨", "OS_STATUS": "Exist", "OS_STATUS_CHTNM": "現存 / 现存", "OS_TYPE": "Ancillary", "OS_TYPE_CHTNM": "附屬休憩用地 / 附属休憩用地", "BEACH": "No", "BEACH_CHTNM": "否 / 否", "AMENITY_AREA": "No", "AMENITY_AREA_CHTNM": "否 / 否", "INDOOR_FACILITIES": "No", "INDOOR_FACILITIES_CHTNM": "否 / 否", "OS_AREA": "36100", "OS_AREA_CHTNM": "36100", "REMARK": "-", "REMARK_CHTNM": "-", "LAST_UPDATE": "03/2024", "OBJECTID_1": 166 }, "geometry": { "type": "Point", "coordinates": [ 114.1988, 22.3489 ] } },
{ "type": "Feature", "properties": { "ADDRESS_ENGNM": "Wong Tai Sin", "ADDRESS_CHTNM": "黃大仙 / 黄大仙", "BLDG_ENGNM": "Tsz Man Estate", "BLDG_CHTNM": "慈民邨 / 慈民邨", "OS_STATUS": "Exist", "OS_STATUS_CHTNM": "現存 / 现存", "OS_TYPE": "Ancillary", "OS_TYPE_CHTNM": "附屬休憩用地 / 附属休憩用地", "BEACH": "No", "BEACH_CHTNM": "否 / 否", "AMENITY_AREA": "No", "AMENITY_AREA_CHTNM": "否 / 否", "INDOOR_FACILITIES": "No", "INDOOR_FACILITIES_CHTNM": "否 / 否", "OS_AREA": "8000", "OS_AREA_CHTNM": "8000", "REMARK": "-", "REMARK_CHTNM": "-", "LAST_UPDATE": "03/2024", "OBJECTID_1": 167 }, "geometry": { "type": "Point", "coordinates": [ 114.2038, 22.3482 ] } },
{ "type": "Feature", "properties": { "ADDRESS_ENGNM": "Wong Tai Sin", "ADDRESS_CHTNM": "黃大仙 / 黄大仙", "BLDG_ENGNM": "Tung Wui Estate", "BLDG_CHTNM": "東匯邨 / 东汇邨", "OS_STATUS": "Exist", "OS_STATUS_CHTNM": "現存 / 现存", "OS_TYPE": "Ancillary", "OS_TYPE_CHTNM": "附屬休憩用地 / 附属休憩用地", "BEACH": "No", "BEACH_CHTNM": "否 / 否", "AMENITY_AREA": "No", "AMENITY_AREA_CHTNM": "否 / 否", "INDOOR_FACILITIES": "No", "INDOOR_FACILITIES_CHTNM": "否 / 否", "OS_AREA": "5990", "OS_AREA_CHTNM": "5990", "REMARK": "The LOS area is the minimum area derived from the approved Planning Brief as at completion of the development.", "REMARK_CHTNM": "鄰舍休憩用地面積節錄自發展項目竣工時的核准規劃大綱內的最少面積。 / 邻舍休憩用地面积节录自发展项目竣工时的核准规划大纲内的最少面积。", "LAST_UPDATE": "03/2024", "OBJECTID_1": 168 }, "geometry": { "type": "Point", "coordinates": [ 114.1938, 22.3324 ] } },
{ "type": "Feature", "properties": { "ADDRESS_ENGNM": "Wong Tai Sin", "ADDRESS_CHTNM": "黃大仙 / 黄大仙", "BLDG_ENGNM": "Upper Wong Tai Sin Estate", "BLDG_CHTNM": "黃大仙上邨 / 黄大仙上邨", "OS_STATUS": "Exist", "OS_STATUS_CHTNM": "現存 / 现存", "OS_TYPE": "Ancillary", "OS_TYPE_CHTNM": "附屬休憩用地 / 附属休憩用地", "BEACH": "No", "BEACH_CHTNM": "否 / 否", "AMENITY_AREA": "No", "AMENITY_AREA_CHTNM": "否 / 否", "INDOOR_FACILITIES": "No", "INDOOR_FACILITIES_CHTNM": "否 / 否", "OS_AREA": "23400", "OS_AREA_CHTNM": "23400", "REMARK": "-", "REMARK_CHTNM": "-", "LAST_UPDATE": "03/2024", "OBJECTID_1": 169 }, "geometry": { "type": "Point", "coordinates": [ 114.1927, 22.3427 ] } },
{ "type": "Feature", "properties": { "ADDRESS_ENGNM": "Wong Tai Sin", "ADDRESS_CHTNM": "黃大仙 / 黄大仙", "BLDG_ENGNM": "Lower Wong Tai Sin (II) Estate", "BLDG_CHTNM": "黃大仙下(二)邨 / 黄大仙下(二)邨", "OS_STATUS": "Exist", "OS_STATUS_CHTNM": "現存 / 现存", "OS_TYPE": "Ancillary", "OS_TYPE_CHTNM": "附屬休憩用地 / 附属休憩用地", "BEACH": "No", "BEACH_CHTNM": "否 / 否", "AMENITY_AREA": "No", "AMENITY_AREA_CHTNM": "否 / 否", "INDOOR_FACILITIES": "No", "INDOOR_FACILITIES_CHTNM": "否 / 否", "OS_AREA": "46000", "OS_AREA_CHTNM": "46000", "REMARK": "-", "REMARK_CHTNM": "-", "LAST_UPDATE": "03/2024", "OBJECTID_1": 170 }, "geometry": { "type": "Point", "coordinates": [ 114.1912, 22.3399 ] } },
{ "type": "Feature", "properties": { "ADDRESS_ENGNM": "Wong Tai Sin", "ADDRESS_CHTNM": "黃大仙 / 黄大仙", "BLDG_ENGNM": "Wang Tau Hom Estate", "BLDG_CHTNM": "橫頭磡邨 / 横头磡邨", "OS_STATUS": "Exist", "OS_STATUS_CHTNM": "現存 / 现存", "OS_TYPE": "Ancillary", "OS_TYPE_CHTNM": "附屬休憩用地 / 附属休憩用地", "BEACH": "No", "BEACH_CHTNM": "否 / 否", "AMENITY_AREA": "No", "AMENITY_AREA_CHTNM": "否 / 否", "INDOOR_FACILITIES": "No", "INDOOR_FACILITIES_CHTNM": "否 / 否", "OS_AREA": "54300", "OS_AREA_CHTNM": "54300", "REMARK": "-", "REMARK_CHTNM": "-", "LAST_UPDATE": "03/2024", "OBJECTID_1": 171 }, "geometry": { "type": "Point", "coordinates": [ 114.186, 22.3409 ] } },
{ "type": "Feature", "properties": { "ADDRESS_ENGNM": "Yau Tsim Mong", "ADDRESS_CHTNM": "油尖旺 / 油尖旺", "BLDG_ENGNM": "Hoi Fu Court", "BLDG_CHTNM": "海富苑 / 海富苑", "OS_STATUS": "Exist", "OS_STATUS_CHTNM": "現存 / 现存", "OS_TYPE": "Ancillary", "OS_TYPE_CHTNM": "附屬休憩用地 / 附属休憩用地", "BEACH": "No", "BEACH_CHTNM": "否 / 否", "AMENITY_AREA": "No", "AMENITY_AREA_CHTNM": "否 / 否", "INDOOR_FACILITIES": "No", "INDOOR_FACILITIES_CHTNM": "否 / 否", "OS_AREA": "16200", "OS_AREA_CHTNM": "16200", "REMARK": "-", "REMARK_CHTNM": "-", "LAST_UPDATE": "03/2024", "OBJECTID_1": 172 }, "geometry": { "type": "Point", "coordinates": [ 114.1647, 22.3161 ] } },
{ "type": "Feature", "properties": { "ADDRESS_ENGNM": "Yuen Long", "ADDRESS_CHTNM": "元朗 / 元朗", "BLDG_ENGNM": "Grandeur Terrace", "BLDG_CHTNM": "俊宏軒 / 俊宏轩", "OS_STATUS": "Exist", "OS_STATUS_CHTNM": "現存 / 现存", "OS_TYPE": "Ancillary", "OS_TYPE_CHTNM": "附屬休憩用地 / 附属休憩用地", "BEACH": "No", "BEACH_CHTNM": "否 / 否", "AMENITY_AREA": "No", "AMENITY_AREA_CHTNM": "否 / 否", "INDOOR_FACILITIES": "No", "INDOOR_FACILITIES_CHTNM": "否 / 否", "OS_AREA": "17000", "OS_AREA_CHTNM": "17000", "REMARK": "-", "REMARK_CHTNM": "-", "LAST_UPDATE": "03/2024", "OBJECTID_1": 173 }, "geometry": { "type": "Point", "coordinates": [ 114.0024, 22.4688 ] } },
{ "type": "Feature", "properties": { "ADDRESS_ENGNM": "Yuen Long", "ADDRESS_CHTNM": "元朗 / 元朗", "BLDG_ENGNM": "Hung Fuk Estate", "BLDG_CHTNM": "洪福邨 / 洪福邨", "OS_STATUS": "Exist", "OS_STATUS_CHTNM": "現存 / 现存", "OS_TYPE": "Ancillary", "OS_TYPE_CHTNM": "附屬休憩用地 / 附属休憩用地", "BEACH": "No", "BEACH_CHTNM": "否 / 否", "AMENITY_AREA": "No", "AMENITY_AREA_CHTNM": "否 / 否", "INDOOR_FACILITIES": "No", "INDOOR_FACILITIES_CHTNM": "否 / 否", "OS_AREA": "12600", "OS_AREA_CHTNM": "12600", "REMARK": "The LOS area is the minimum area derived from the approved Planning Brief as at completion of the development.", "REMARK_CHTNM": "鄰舍休憩用地面積節錄自發展項目竣工時的核准規劃大綱內的最少面積。 / 邻舍休憩用地面积节录自发展项目竣工时的核准规划大纲内的最少面积。", "LAST_UPDATE": "03/2024", "OBJECTID_1": 174 }, "geometry": { "type": "Point", "coordinates": [ 113.9978, 22.4378 ] } },
{ "type": "Feature", "properties": { "ADDRESS_ENGNM": "Yuen Long", "ADDRESS_CHTNM": "元朗 / 元朗", "BLDG_ENGNM": "Long Ching Estate", "BLDG_CHTNM": "朗晴邨 / 朗晴邨", "OS_STATUS": "Exist", "OS_STATUS_CHTNM": "現存 / 现存", "OS_TYPE": "Ancillary", "OS_TYPE_CHTNM": "附屬休憩用地 / 附属休憩用地", "BEACH": "No", "BEACH_CHTNM": "否 / 否", "AMENITY_AREA": "No", "AMENITY_AREA_CHTNM": "否 / 否", "INDOOR_FACILITIES": "No", "INDOOR_FACILITIES_CHTNM": "否 / 否", "OS_AREA": "1100", "OS_AREA_CHTNM": "1100", "REMARK": "The LOS area is the minimum area derived from the approved Planning Brief as at completion of the development.", "REMARK_CHTNM": "鄰舍休憩用地面積節錄自發展項目竣工時的核准規劃大綱內的最少面積。 / 邻舍休憩用地面积节录自发展项目竣工时的核准规划大纲内的最少面积。", "LAST_UPDATE": "03/2024", "OBJECTID_1": 175 }, "geometry": { "type": "Point", "coordinates": [ 114.0286, 22.4465 ] } },
{ "type": "Feature", "properties": { "ADDRESS_ENGNM": "Yuen Long", "ADDRESS_CHTNM": "元朗 / 元朗", "BLDG_ENGNM": "Long Shin Estate", "BLDG_CHTNM": "朗善邨 / 朗善邨", "OS_STATUS": "Exist", "OS_STATUS_CHTNM": "現存 / 现存", "OS_TYPE": "Ancillary", "OS_TYPE_CHTNM": "附屬休憩用地 / 附属休憩用地", "BEACH": "No", "BEACH_CHTNM": "否 / 否", "AMENITY_AREA": "No", "AMENITY_AREA_CHTNM": "否 / 否", "INDOOR_FACILITIES": "No", "INDOOR_FACILITIES_CHTNM": "否 / 否", "OS_AREA": "3500", "OS_AREA_CHTNM": "3500", "REMARK": "The LOS area is the minimum area derived from the approved Planning Brief as at completion of the development.", "REMARK_CHTNM": "鄰舍休憩用地面積節錄自發展項目竣工時的核准規劃大綱內的最少面積。 / 邻舍休憩用地面积节录自发展项目竣工时的核准规划大纲内的最少面积。", "LAST_UPDATE": "03/2024", "OBJECTID_1": 176 }, "geometry": { "type": "Point", "coordinates": [ 114.045, 22.4423 ] } },
{ "type": "Feature", "properties": { "ADDRESS_ENGNM": "Yuen Long", "ADDRESS_CHTNM": "元朗 / 元朗", "BLDG_ENGNM": "Shui Pin Wai Estate", "BLDG_CHTNM": "水邊圍邨 / 水边围邨", "OS_STATUS": "Exist", "OS_STATUS_CHTNM": "現存 / 现存", "OS_TYPE": "Ancillary", "OS_TYPE_CHTNM": "附屬休憩用地 / 附属休憩用地", "BEACH": "No", "BEACH_CHTNM": "否 / 否", "AMENITY_AREA": "No", "AMENITY_AREA_CHTNM": "否 / 否", "INDOOR_FACILITIES": "No", "INDOOR_FACILITIES_CHTNM": "否 / 否", "OS_AREA": "19000", "OS_AREA_CHTNM": "19000", "REMARK": "-", "REMARK_CHTNM": "-", "LAST_UPDATE": "03/2024", "OBJECTID_1": 177 }, "geometry": { "type": "Point", "coordinates": [ 114.0203, 22.446 ] } },
{ "type": "Feature", "properties": { "ADDRESS_ENGNM": "Yuen Long", "ADDRESS_CHTNM": "元朗 / 元朗", "BLDG_ENGNM": "Tin Chak Estate", "BLDG_CHTNM": "天澤邨 / 天泽邨", "OS_STATUS": "Exist", "OS_STATUS_CHTNM": "現存 / 现存", "OS_TYPE": "Ancillary", "OS_TYPE_CHTNM": "附屬休憩用地 / 附属休憩用地", "BEACH": "No", "BEACH_CHTNM": "否 / 否", "AMENITY_AREA": "No", "AMENITY_AREA_CHTNM": "否 / 否", "INDOOR_FACILITIES": "No", "INDOOR_FACILITIES_CHTNM": "否 / 否", "OS_AREA": "16300", "OS_AREA_CHTNM": "16300", "REMARK": "-", "REMARK_CHTNM": "-", "LAST_UPDATE": "03/2024", "OBJECTID_1": 178 }, "geometry": { "type": "Point", "coordinates": [ 113.9975, 22.4673 ] } },
{ "type": "Feature", "properties": { "ADDRESS_ENGNM": "Yuen Long", "ADDRESS_CHTNM": "元朗 / 元朗", "BLDG_ENGNM": "Tin Ching Estate", "BLDG_CHTNM": "天晴邨 / 天晴邨", "OS_STATUS": "Exist", "OS_STATUS_CHTNM": "現存 / 现存", "OS_TYPE": "Ancillary", "OS_TYPE_CHTNM": "附屬休憩用地 / 附属休憩用地", "BEACH": "No", "BEACH_CHTNM": "否 / 否", "AMENITY_AREA": "No", "AMENITY_AREA_CHTNM": "否 / 否", "INDOOR_FACILITIES": "No", "INDOOR_FACILITIES_CHTNM": "否 / 否", "OS_AREA": "31700", "OS_AREA_CHTNM": "31700", "REMARK": "-", "REMARK_CHTNM": "-", "LAST_UPDATE": "03/2024", "OBJECTID_1": 179 }, "geometry": { "type": "Point", "coordinates": [ 114.0035, 22.4629 ] } },
{ "type": "Feature", "properties": { "ADDRESS_ENGNM": "Yuen Long", "ADDRESS_CHTNM": "元朗 / 元朗", "BLDG_ENGNM": "Tin Heng Estate", "BLDG_CHTNM": "天恒邨 / 天恒邨", "OS_STATUS": "Exist", "OS_STATUS_CHTNM": "現存 / 现存", "OS_TYPE": "Ancillary", "OS_TYPE_CHTNM": "附屬休憩用地 / 附属休憩用地", "BEACH": "No", "BEACH_CHTNM": "否 / 否", "AMENITY_AREA": "No", "AMENITY_AREA_CHTNM": "否 / 否", "INDOOR_FACILITIES": "No", "INDOOR_FACILITIES_CHTNM": "否 / 否", "OS_AREA": "33200", "OS_AREA_CHTNM": "33200", "REMARK": "-", "REMARK_CHTNM": "-", "LAST_UPDATE": "03/2024", "OBJECTID_1": 180 }, "geometry": { "type": "Point", "coordinates": [ 113.9989, 22.4706 ] } },
{ "type": "Feature", "properties": { "ADDRESS_ENGNM": "Yuen Long", "ADDRESS_CHTNM": "元朗 / 元朗", "BLDG_ENGNM": "Tin Shui (I) Estate, Tin Shui (II) Estate", "BLDG_CHTNM": "天瑞(一), (二)邨 / 天瑞(一), (二)邨", "OS_STATUS": "Exist", "OS_STATUS_CHTNM": "現存 / 现存", "OS_TYPE": "Ancillary", "OS_TYPE_CHTNM": "附屬休憩用地 / 附属休憩用地", "BEACH": "No", "BEACH_CHTNM": "否 / 否", "AMENITY_AREA": "No", "AMENITY_AREA_CHTNM": "否 / 否", "INDOOR_FACILITIES": "No", "INDOOR_FACILITIES_CHTNM": "否 / 否", "OS_AREA": "55900", "OS_AREA_CHTNM": "55900", "REMARK": "-", "REMARK_CHTNM": "-", "LAST_UPDATE": "03/2024", "OBJECTID_1": 181 }, "geometry": { "type": "Point", "coordinates": [ 113.998684, 22.455341 ] } },
{ "type": "Feature", "properties": { "ADDRESS_ENGNM": "Yuen Long", "ADDRESS_CHTNM": "元朗 / 元朗", "BLDG_ENGNM": "Tin Tsz Estate", "BLDG_CHTNM": "天慈邨 / 天慈邨", "OS_STATUS": "Exist", "OS_STATUS_CHTNM": "現存 / 现存", "OS_TYPE": "Ancillary", "OS_TYPE_CHTNM": "附屬休憩用地 / 附属休憩用地", "BEACH": "No", "BEACH_CHTNM": "否 / 否", "AMENITY_AREA": "No", "AMENITY_AREA_CHTNM": "否 / 否", "INDOOR_FACILITIES": "No", "INDOOR_FACILITIES_CHTNM": "否 / 否", "OS_AREA": "22800", "OS_AREA_CHTNM": "22800", "REMARK": "-", "REMARK_CHTNM": "-", "LAST_UPDATE": "03/2024", "OBJECTID_1": 182 }, "geometry": { "type": "Point", "coordinates": [ 114.0074, 22.4526 ] } },
{ "type": "Feature", "properties": { "ADDRESS_ENGNM": "Yuen Long", "ADDRESS_CHTNM": "元朗 / 元朗", "BLDG_ENGNM": "Tin Wah Estate", "BLDG_CHTNM": "天華邨 / 天华邨", "OS_STATUS": "Exist", "OS_STATUS_CHTNM": "現存 / 现存", "OS_TYPE": "Ancillary", "OS_TYPE_CHTNM": "附屬休憩用地 / 附属休憩用地", "BEACH": "No", "BEACH_CHTNM": "否 / 否", "AMENITY_AREA": "No", "AMENITY_AREA_CHTNM": "否 / 否", "INDOOR_FACILITIES": "No", "INDOOR_FACILITIES_CHTNM": "否 / 否", "OS_AREA": "16200", "OS_AREA_CHTNM": "16200", "REMARK": "-", "REMARK_CHTNM": "-", "LAST_UPDATE": "03/2024", "OBJECTID_1": 183 }, "geometry": { "type": "Point", "coordinates": [ 113.9955, 22.4607 ] } },
{ "type": "Feature", "properties": { "ADDRESS_ENGNM": "Yuen Long", "ADDRESS_CHTNM": "元朗 / 元朗", "BLDG_ENGNM": "Tin Yan Estate", "BLDG_CHTNM": "天恩邨 / 天恩邨", "OS_STATUS": "Exist", "OS_STATUS_CHTNM": "現存 / 现存", "OS_TYPE": "Ancillary", "OS_TYPE_CHTNM": "附屬休憩用地 / 附属休憩用地", "BEACH": "No", "BEACH_CHTNM": "否 / 否", "AMENITY_AREA": "No", "AMENITY_AREA_CHTNM": "否 / 否", "INDOOR_FACILITIES": "No", "INDOOR_FACILITIES_CHTNM": "否 / 否", "OS_AREA": "16200", "OS_AREA_CHTNM": "16200", "REMARK": "-", "REMARK_CHTNM": "-", "LAST_UPDATE": "03/2024", "OBJECTID_1": 184 }, "geometry": { "type": "Point", "coordinates": [ 113.996, 22.4644 ] } },
{ "type": "Feature", "properties": { "ADDRESS_ENGNM": "Yuen Long", "ADDRESS_CHTNM": "元朗 / 元朗", "BLDG_ENGNM": "Tin Yat Estate", "BLDG_CHTNM": "天逸邨 / 天逸邨", "OS_STATUS": "Exist", "OS_STATUS_CHTNM": "現存 / 现存", "OS_TYPE": "Ancillary", "OS_TYPE_CHTNM": "附屬休憩用地 / 附属休憩用地", "BEACH": "No", "BEACH_CHTNM": "否 / 否", "AMENITY_AREA": "No", "AMENITY_AREA_CHTNM": "否 / 否", "INDOOR_FACILITIES": "No", "INDOOR_FACILITIES_CHTNM": "否 / 否", "OS_AREA": "18700", "OS_AREA_CHTNM": "18700", "REMARK": "-", "REMARK_CHTNM": "-", "LAST_UPDATE": "03/2024", "OBJECTID_1": 185 }, "geometry": { "type": "Point", "coordinates": [ 114.0002, 22.4667 ] } },
{ "type": "Feature", "properties": { "ADDRESS_ENGNM": "Yuen Long", "ADDRESS_CHTNM": "元朗 / 元朗", "BLDG_ENGNM": "Tin Yiu (I) Estate, Tin Yiu (II) Estate", "BLDG_CHTNM": "天耀(一), (二)邨 / 天耀(一), (二)邨", "OS_STATUS": "Exist", "OS_STATUS_CHTNM": "現存 / 现存", "OS_TYPE": "Ancillary", "OS_TYPE_CHTNM": "附屬休憩用地 / 附属休憩用地", "BEACH": "No", "BEACH_CHTNM": "否 / 否", "AMENITY_AREA": "No", "AMENITY_AREA_CHTNM": "否 / 否", "INDOOR_FACILITIES": "No", "INDOOR_FACILITIES_CHTNM": "否 / 否", "OS_AREA": "62600", "OS_AREA_CHTNM": "62600", "REMARK": "-", "REMARK_CHTNM": "-", "LAST_UPDATE": "03/2024", "OBJECTID_1": 186 }, "geometry": { "type": "Point", "coordinates": [ 114.004623, 22.451112 ] } },
{ "type": "Feature", "properties": { "ADDRESS_ENGNM": "Yuen Long", "ADDRESS_CHTNM": "元朗 / 元朗", "BLDG_ENGNM": "Tin Yuet Estate", "BLDG_CHTNM": "天悅邨 / 天悦邨", "OS_STATUS": "Exist", "OS_STATUS_CHTNM": "現存 / 现存", "OS_TYPE": "Ancillary", "OS_TYPE_CHTNM": "附屬休憩用地 / 附属休憩用地", "BEACH": "No", "BEACH_CHTNM": "否 / 否", "AMENITY_AREA": "No", "AMENITY_AREA_CHTNM": "否 / 否", "INDOOR_FACILITIES": "No", "INDOOR_FACILITIES_CHTNM": "否 / 否", "OS_AREA": "17800", "OS_AREA_CHTNM": "17800", "REMARK": "-", "REMARK_CHTNM": "-", "LAST_UPDATE": "03/2024", "OBJECTID_1": 187 }, "geometry": { "type": "Point", "coordinates": [ 113.9994, 22.4627 ] } },
{ "type": "Feature", "properties": { "ADDRESS_ENGNM": "Eastern", "ADDRESS_CHTNM": "東區 / 东区", "BLDG_ENGNM": "Fung Wah Estate", "BLDG_CHTNM": "峰華邨 / 峰华邨", "OS_STATUS": "Exist", "OS_STATUS_CHTNM": "現存 / 现存", "OS_TYPE": "Ancillary", "OS_TYPE_CHTNM": "附屬休憩用地 / 附属休憩用地", "BEACH": "No", "BEACH_CHTNM": "否 / 否", "AMENITY_AREA": "No", "AMENITY_AREA_CHTNM": "否 / 否", "INDOOR_FACILITIES": "No", "INDOOR_FACILITIES_CHTNM": "否 / 否", "OS_AREA": "6300", "OS_AREA_CHTNM": "6300", "REMARK": "The estate has been sold and becomes private property. The LOS area is based on the information as at completion of the development and will not be further updated.", "REMARK_CHTNM": "該屋邨已出售成為私人物業。鄰舍休憩用地面積為項目竣工時之資料，並不再更新。 / 该屋邨已出售成为私人物业。邻舍休憩用地面积为项目竣工时之资料，并不再更新。", "LAST_UPDATE": "03/2024", "OBJECTID_1": 188 }, "geometry": { "type": "Point", "coordinates": [ 114.2315, 22.2611 ] } },
{ "type": "Feature", "properties": { "ADDRESS_ENGNM": "Eastern", "ADDRESS_CHTNM": "東區 / 东区", "BLDG_ENGNM": "Tsui Wan Estate", "BLDG_CHTNM": "翠灣邨 / 翠湾邨", "OS_STATUS": "Exist", "OS_STATUS_CHTNM": "現存 / 现存", "OS_TYPE": "Ancillary", "OS_TYPE_CHTNM": "附屬休憩用地 / 附属休憩用地", "BEACH": "No", "BEACH_CHTNM": "否 / 否", "AMENITY_AREA": "No", "AMENITY_AREA_CHTNM": "否 / 否", "INDOOR_FACILITIES": "No", "INDOOR_FACILITIES_CHTNM": "否 / 否", "OS_AREA": "21700", "OS_AREA_CHTNM": "21700", "REMARK": "The estate has been sold and becomes private property. The LOS area is based on the information as at completion of the development and will not be further updated.", "REMARK_CHTNM": "該屋邨已出售成為私人物業。鄰舍休憩用地面積為項目竣工時之資料，並不再更新。 / 该屋邨已出售成为私人物业。邻舍休憩用地面积为项目竣工时之资料，并不再更新。", "LAST_UPDATE": "03/2024", "OBJECTID_1": 189 }, "geometry": { "type": "Point", "coordinates": [ 114.2406, 22.2682 ] } },
{ "type": "Feature", "properties": { "ADDRESS_ENGNM": "Wong Tai Sin", "ADDRESS_CHTNM": "黃大仙 / 黄大仙", "BLDG_ENGNM": "Chuk Yuen (North) Estate", "BLDG_CHTNM": "竹園北邨 / 竹园北邨", "OS_STATUS": "Exist", "OS_STATUS_CHTNM": "現存 / 现存", "OS_TYPE": "Ancillary", "OS_TYPE_CHTNM": "附屬休憩用地 / 附属休憩用地", "BEACH": "No", "BEACH_CHTNM": "否 / 否", "AMENITY_AREA": "No", "AMENITY_AREA_CHTNM": "否 / 否", "INDOOR_FACILITIES": "No", "INDOOR_FACILITIES_CHTNM": "否 / 否", "OS_AREA": "44600", "OS_AREA_CHTNM": "44600", "REMARK": "The estate has been sold and becomes private property. The LOS area is based on the information as at completion of the development and will not be further updated.", "REMARK_CHTNM": "該屋邨已出售成為私人物業。鄰舍休憩用地面積為項目竣工時之資料，並不再更新。 / 该屋邨已出售成为私人物业。邻舍休憩用地面积为项目竣工时之资料，并不再更新。", "LAST_UPDATE": "03/2024", "OBJECTID_1": 190 }, "geometry": { "type": "Point", "coordinates": [ 114.1929, 22.3458 ] } },
{ "type": "Feature", "properties": { "ADDRESS_ENGNM": "Wong Tai Sin", "ADDRESS_CHTNM": "黃大仙 / 黄大仙", "BLDG_ENGNM": "Fung Tak Estate", "BLDG_CHTNM": "鳳德邨 / 凤德邨", "OS_STATUS": "Exist", "OS_STATUS_CHTNM": "現存 / 现存", "OS_TYPE": "Ancillary", "OS_TYPE_CHTNM": "附屬休憩用地 / 附属休憩用地", "BEACH": "No", "BEACH_CHTNM": "否 / 否", "AMENITY_AREA": "No", "AMENITY_AREA_CHTNM": "否 / 否", "INDOOR_FACILITIES": "No", "INDOOR_FACILITIES_CHTNM": "否 / 否", "OS_AREA": "29400", "OS_AREA_CHTNM": "29400", "REMARK": "The estate has been sold and becomes private property. The LOS area is based on the information as at completion of the development and will not be further updated.", "REMARK_CHTNM": "該屋邨已出售成為私人物業。鄰舍休憩用地面積為項目竣工時之資料，並不再更新。 / 该屋邨已出售成为私人物业。邻舍休憩用地面积为项目竣工时之资料，并不再更新。", "LAST_UPDATE": "03/2024", "OBJECTID_1": 191 }, "geometry": { "type": "Point", "coordinates": [ 114.2012, 22.3449 ] } },
{ "type": "Feature", "properties": { "ADDRESS_ENGNM": "Wong Tai Sin", "ADDRESS_CHTNM": "黃大仙 / 黄大仙", "BLDG_ENGNM": "Tung Tau (II) Estate", "BLDG_CHTNM": "東頭(二)邨 / 东头(二)邨", "OS_STATUS": "Exist", "OS_STATUS_CHTNM": "現存 / 现存", "OS_TYPE": "Ancillary", "OS_TYPE_CHTNM": "附屬休憩用地 / 附属休憩用地", "BEACH": "No", "BEACH_CHTNM": "否 / 否", "AMENITY_AREA": "No", "AMENITY_AREA_CHTNM": "否 / 否", "INDOOR_FACILITIES": "No", "INDOOR_FACILITIES_CHTNM": "否 / 否", "OS_AREA": "58600", "OS_AREA_CHTNM": "58600", "REMARK": "The estate has been sold and becomes private property. The LOS area is based on the information as at completion of the development and will not be further updated.", "REMARK_CHTNM": "該屋邨已出售成為私人物業。鄰舍休憩用地面積為項目竣工時之資料，並不再更新。 / 该屋邨已出售成为私人物业。邻舍休憩用地面积为项目竣工时之资料，并不再更新。", "LAST_UPDATE": "03/2024", "OBJECTID_1": 192 }, "geometry": { "type": "Point", "coordinates": [ 114.1934, 22.3331 ] } },
{ "type": "Feature", "properties": { "ADDRESS_ENGNM": "Wong Tai Sin", "ADDRESS_CHTNM": "黃大仙 / 黄大仙", "BLDG_ENGNM": "Lower Wong Tai Sin (I) Estate", "BLDG_CHTNM": "黃大仙下(一)邨 / 黄大仙下(一)邨", "OS_STATUS": "Exist", "OS_STATUS_CHTNM": "現存 / 现存", "OS_TYPE": "Ancillary", "OS_TYPE_CHTNM": "附屬休憩用地 / 附属休憩用地", "BEACH": "No", "BEACH_CHTNM": "否 / 否", "AMENITY_AREA": "No", "AMENITY_AREA_CHTNM": "否 / 否", "INDOOR_FACILITIES": "No", "INDOOR_FACILITIES_CHTNM": "否 / 否", "OS_AREA": "30500", "OS_AREA_CHTNM": "30500", "REMARK": "The estate has been sold and becomes private property. The LOS area is based on the information as at completion of the development and will not be further updated.", "REMARK_CHTNM": "該屋邨已出售成為私人物業。鄰舍休憩用地面積為項目竣工時之資料，並不再更新。 / 该屋邨已出售成为私人物业。邻舍休憩用地面积为项目竣工时之资料，并不再更新。", "LAST_UPDATE": "03/2024", "OBJECTID_1": 193 }, "geometry": { "type": "Point", "coordinates": [ 114.1948, 22.3392 ] } },
{ "type": "Feature", "properties": { "ADDRESS_ENGNM": "Southern", "ADDRESS_CHTNM": "南區 / 南区", "BLDG_ENGNM": "Lei Tung Estate", "BLDG_CHTNM": "利東邨 / 利东邨", "OS_STATUS": "Exist", "OS_STATUS_CHTNM": "現存 / 现存", "OS_TYPE": "Ancillary", "OS_TYPE_CHTNM": "附屬休憩用地 / 附属休憩用地", "BEACH": "No", "BEACH_CHTNM": "否 / 否", "AMENITY_AREA": "No", "AMENITY_AREA_CHTNM": "否 / 否", "INDOOR_FACILITIES": "No", "INDOOR_FACILITIES_CHTNM": "否 / 否", "OS_AREA": "28800", "OS_AREA_CHTNM": "28800", "REMARK": "The estate has been sold and becomes private property. The LOS area is based on the information as at completion of the development and will not be further updated.", "REMARK_CHTNM": "該屋邨已出售成為私人物業。鄰舍休憩用地面積為項目竣工時之資料，並不再更新。 / 该屋邨已出售成为私人物业。邻舍休憩用地面积为项目竣工时之资料，并不再更新。", "LAST_UPDATE": "03/2024", "OBJECTID_1": 194 }, "geometry": { "type": "Point", "coordinates": [ 114.157, 22.2408 ] } },
{ "type": "Feature", "properties": { "ADDRESS_ENGNM": "Southern", "ADDRESS_CHTNM": "南區 / 南区", "BLDG_ENGNM": "Wah Kwai Estate", "BLDG_CHTNM": "華貴邨 / 华贵邨", "OS_STATUS": "Exist", "OS_STATUS_CHTNM": "現存 / 现存", "OS_TYPE": "Ancillary", "OS_TYPE_CHTNM": "附屬休憩用地 / 附属休憩用地", "BEACH": "No", "BEACH_CHTNM": "否 / 否", "AMENITY_AREA": "No", "AMENITY_AREA_CHTNM": "否 / 否", "INDOOR_FACILITIES": "No", "INDOOR_FACILITIES_CHTNM": "否 / 否", "OS_AREA": "19600", "OS_AREA_CHTNM": "19600", "REMARK": "The estate has been sold and becomes private property. The LOS area is based on the information as at completion of the development and will not be further updated.", "REMARK_CHTNM": "該屋邨已出售成為私人物業。鄰舍休憩用地面積為項目竣工時之資料，並不再更新。 / 该屋邨已出售成为私人物业。邻舍休憩用地面积为项目竣工时之资料，并不再更新。", "LAST_UPDATE": "03/2024", "OBJECTID_1": 195 }, "geometry": { "type": "Point", "coordinates": [ 114.1402, 22.2501 ] } },
{ "type": "Feature", "properties": { "ADDRESS_ENGNM": "Sham Shui Po", "ADDRESS_CHTNM": "深水埗 / 深水埗", "BLDG_ENGNM": "Lei Cheng Uk Estate", "BLDG_CHTNM": "李鄭屋邨 / 李郑屋邨", "OS_STATUS": "Exist", "OS_STATUS_CHTNM": "現存 / 现存", "OS_TYPE": "Ancillary", "OS_TYPE_CHTNM": "附屬休憩用地 / 附属休憩用地", "BEACH": "No", "BEACH_CHTNM": "否 / 否", "AMENITY_AREA": "No", "AMENITY_AREA_CHTNM": "否 / 否", "INDOOR_FACILITIES": "No", "INDOOR_FACILITIES_CHTNM": "否 / 否", "OS_AREA": "26700", "OS_AREA_CHTNM": "26700", "REMARK": "The estate has been sold and becomes private property. The LOS area is based on the information as at completion of the development and will not be further updated.", "REMARK_CHTNM": "該屋邨已出售成為私人物業。鄰舍休憩用地面積為項目竣工時之資料，並不再更新。 / 该屋邨已出售成为私人物业。邻舍休憩用地面积为项目竣工时之资料，并不再更新。", "LAST_UPDATE": "03/2024", "OBJECTID_1": 196 }, "geometry": { "type": "Point", "coordinates": [ 114.1601, 22.3392 ] } },
{ "type": "Feature", "properties": { "ADDRESS_ENGNM": "Sham Shui Po", "ADDRESS_CHTNM": "深水埗 / 深水埗", "BLDG_ENGNM": "Nam Cheong Estate", "BLDG_CHTNM": "南昌邨 / 南昌邨", "OS_STATUS": "Exist", "OS_STATUS_CHTNM": "現存 / 现存", "OS_TYPE": "Ancillary", "OS_TYPE_CHTNM": "附屬休憩用地 / 附属休憩用地", "BEACH": "No", "BEACH_CHTNM": "否 / 否", "AMENITY_AREA": "No", "AMENITY_AREA_CHTNM": "否 / 否", "INDOOR_FACILITIES": "No", "INDOOR_FACILITIES_CHTNM": "否 / 否", "OS_AREA": "17400", "OS_AREA_CHTNM": "17400", "REMARK": "The estate has been sold and becomes private property. The LOS area is based on the information as at completion of the development and will not be further updated.", "REMARK_CHTNM": "該屋邨已出售成為私人物業。鄰舍休憩用地面積為項目竣工時之資料，並不再更新。 / 该屋邨已出售成为私人物业。邻舍休憩用地面积为项目竣工时之资料，并不再更新。", "LAST_UPDATE": "03/2024", "OBJECTID_1": 197 }, "geometry": { "type": "Point", "coordinates": [ 114.1583, 22.3264 ] } },
{ "type": "Feature", "properties": { "ADDRESS_ENGNM": "Yuen Long", "ADDRESS_CHTNM": "元朗 / 元朗", "BLDG_ENGNM": "Long Ping Estate", "BLDG_CHTNM": "朗屏邨 / 朗屏邨", "OS_STATUS": "Exist", "OS_STATUS_CHTNM": "現存 / 现存", "OS_TYPE": "Ancillary", "OS_TYPE_CHTNM": "附屬休憩用地 / 附属休憩用地", "BEACH": "No", "BEACH_CHTNM": "否 / 否", "AMENITY_AREA": "No", "AMENITY_AREA_CHTNM": "否 / 否", "INDOOR_FACILITIES": "No", "INDOOR_FACILITIES_CHTNM": "否 / 否", "OS_AREA": "50800", "OS_AREA_CHTNM": "50800", "REMARK": "The estate has been sold and becomes private property. The LOS area is based on the information as at completion of the development and will not be further updated.", "REMARK_CHTNM": "該屋邨已出售成為私人物業。鄰舍休憩用地面積為項目竣工時之資料，並不再更新。 / 该屋邨已出售成为私人物业。邻舍休憩用地面积为项目竣工时之资料，并不再更新。", "LAST_UPDATE": "03/2024", "OBJECTID_1": 198 }, "geometry": { "type": "Point", "coordinates": [ 114.0228, 22.4491 ] } },
{ "type": "Feature", "properties": { "ADDRESS_ENGNM": "Kwun Tong", "ADDRESS_CHTNM": "觀塘 / 观塘", "BLDG_ENGNM": "Choi Ha Estate", "BLDG_CHTNM": "彩霞邨 / 彩霞邨", "OS_STATUS": "Exist", "OS_STATUS_CHTNM": "現存 / 现存", "OS_TYPE": "Ancillary", "OS_TYPE_CHTNM": "附屬休憩用地 / 附属休憩用地", "BEACH": "No", "BEACH_CHTNM": "否 / 否", "AMENITY_AREA": "No", "AMENITY_AREA_CHTNM": "否 / 否", "INDOOR_FACILITIES": "No", "INDOOR_FACILITIES_CHTNM": "否 / 否", "OS_AREA": "13000", "OS_AREA_CHTNM": "13000", "REMARK": "The estate has been sold and becomes private property. The LOS area is based on the information as at completion of the development and will not be further updated.", "REMARK_CHTNM": "該屋邨已出售成為私人物業。鄰舍休憩用地面積為項目竣工時之資料，並不再更新。 / 该屋邨已出售成为私人物业。邻舍休憩用地面积为项目竣工时之资料，并不再更新。", "LAST_UPDATE": "03/2024", "OBJECTID_1": 199 }, "geometry": { "type": "Point", "coordinates": [ 114.2182, 22.326 ] } },
{ "type": "Feature", "properties": { "ADDRESS_ENGNM": "Kwun Tong", "ADDRESS_CHTNM": "觀塘 / 观塘", "BLDG_ENGNM": "Hing Tin Estate", "BLDG_CHTNM": "興田邨 / 兴田邨", "OS_STATUS": "Exist", "OS_STATUS_CHTNM": "現存 / 现存", "OS_TYPE": "Ancillary", "OS_TYPE_CHTNM": "附屬休憩用地 / 附属休憩用地", "BEACH": "No", "BEACH_CHTNM": "否 / 否", "AMENITY_AREA": "No", "AMENITY_AREA_CHTNM": "否 / 否", "INDOOR_FACILITIES": "No", "INDOOR_FACILITIES_CHTNM": "否 / 否", "OS_AREA": "10800", "OS_AREA_CHTNM": "10800", "REMARK": "The estate has been sold and becomes private property. The LOS area is based on the information as at completion of the development and will not be further updated.", "REMARK_CHTNM": "該屋邨已出售成為私人物業。鄰舍休憩用地面積為項目竣工時之資料，並不再更新。 / 该屋邨已出售成为私人物业。邻舍休憩用地面积为项目竣工时之资料，并不再更新。", "LAST_UPDATE": "03/2024", "OBJECTID_1": 200 }, "geometry": { "type": "Point", "coordinates": [ 114.2388, 22.3129 ] } },
{ "type": "Feature", "properties": { "ADDRESS_ENGNM": "Kwun Tong", "ADDRESS_CHTNM": "觀塘 / 观塘", "BLDG_ENGNM": "Tak Tin Estate", "BLDG_CHTNM": "德田邨 / 德田邨", "OS_STATUS": "Exist", "OS_STATUS_CHTNM": "現存 / 现存", "OS_TYPE": "Ancillary", "OS_TYPE_CHTNM": "附屬休憩用地 / 附属休憩用地", "BEACH": "No", "BEACH_CHTNM": "否 / 否", "AMENITY_AREA": "No", "AMENITY_AREA_CHTNM": "否 / 否", "INDOOR_FACILITIES": "No", "INDOOR_FACILITIES_CHTNM": "否 / 否", "OS_AREA": "27100", "OS_AREA_CHTNM": "27100", "REMARK": "The estate has been sold and becomes private property. The LOS area is based on the information as at completion of the development and will not be further updated.", "REMARK_CHTNM": "該屋邨已出售成為私人物業。鄰舍休憩用地面積為項目竣工時之資料，並不再更新。 / 该屋邨已出售成为私人物业。邻舍休憩用地面积为项目竣工时之资料，并不再更新。", "LAST_UPDATE": "03/2024", "OBJECTID_1": 201 }, "geometry": { "type": "Point", "coordinates": [ 114.2396, 22.3098 ] } },
{ "type": "Feature", "properties": { "ADDRESS_ENGNM": "Kwun Tong", "ADDRESS_CHTNM": "觀塘 / 观塘", "BLDG_ENGNM": "Tsui Ping (North) Estate", "BLDG_CHTNM": "翠屏(北)邨 / 翠屏(北)邨", "OS_STATUS": "Exist", "OS_STATUS_CHTNM": "現存 / 现存", "OS_TYPE": "Ancillary", "OS_TYPE_CHTNM": "附屬休憩用地 / 附属休憩用地", "BEACH": "No", "BEACH_CHTNM": "否 / 否", "AMENITY_AREA": "No", "AMENITY_AREA_CHTNM": "否 / 否", "INDOOR_FACILITIES": "No", "INDOOR_FACILITIES_CHTNM": "否 / 否", "OS_AREA": "29900", "OS_AREA_CHTNM": "29900", "REMARK": "The estate has been sold and becomes private property. The LOS area is based on the information as at completion of the development and will not be further updated.", "REMARK_CHTNM": "該屋邨已出售成為私人物業。鄰舍休憩用地面積為項目竣工時之資料，並不再更新。 / 该屋邨已出售成为私人物业。邻舍休憩用地面积为项目竣工时之资料，并不再更新。", "LAST_UPDATE": "03/2024", "OBJECTID_1": 202 }, "geometry": { "type": "Point", "coordinates": [ 114.2292, 22.3156 ] } },
{ "type": "Feature", "properties": { "ADDRESS_ENGNM": "Kwai Tsing", "ADDRESS_CHTNM": "葵青 / 葵青", "BLDG_ENGNM": "Cheung Fat Estate", "BLDG_CHTNM": "長發邨 / 长发邨", "OS_STATUS": "Exist", "OS_STATUS_CHTNM": "現存 / 现存", "OS_TYPE": "Ancillary", "OS_TYPE_CHTNM": "附屬休憩用地 / 附属休憩用地", "BEACH": "No", "BEACH_CHTNM": "否 / 否", "AMENITY_AREA": "No", "AMENITY_AREA_CHTNM": "否 / 否", "INDOOR_FACILITIES": "No", "INDOOR_FACILITIES_CHTNM": "否 / 否", "OS_AREA": "25600", "OS_AREA_CHTNM": "25600", "REMARK": "The estate has been sold and becomes private property. The LOS area is based on the information as at completion of the development and will not be further updated.", "REMARK_CHTNM": "該屋邨已出售成為私人物業。鄰舍休憩用地面積為項目竣工時之資料，並不再更新。 / 该屋邨已出售成为私人物业。邻舍休憩用地面积为项目竣工时之资料，并不再更新。", "LAST_UPDATE": "03/2024", "OBJECTID_1": 203 }, "geometry": { "type": "Point", "coordinates": [ 114.1035, 22.3631 ] } },
{ "type": "Feature", "properties": { "ADDRESS_ENGNM": "Kwai Tsing", "ADDRESS_CHTNM": "葵青 / 葵青", "BLDG_ENGNM": "Cheung On Estate", "BLDG_CHTNM": "長安邨 / 长安邨", "OS_STATUS": "Exist", "OS_STATUS_CHTNM": "現存 / 现存", "OS_TYPE": "Ancillary", "OS_TYPE_CHTNM": "附屬休憩用地 / 附属休憩用地", "BEACH": "No", "BEACH_CHTNM": "否 / 否", "AMENITY_AREA": "No", "AMENITY_AREA_CHTNM": "否 / 否", "INDOOR_FACILITIES": "No", "INDOOR_FACILITIES_CHTNM": "否 / 否", "OS_AREA": "43200", "OS_AREA_CHTNM": "43200", "REMARK": "The estate has been sold and becomes private property. The LOS area is based on the information as at completion of the development and will not be further updated.", "REMARK_CHTNM": "該屋邨已出售成為私人物業。鄰舍休憩用地面積為項目竣工時之資料，並不再更新。 / 该屋邨已出售成为私人物业。邻舍休憩用地面积为项目竣工时之资料，并不再更新。", "LAST_UPDATE": "03/2024", "OBJECTID_1": 204 }, "geometry": { "type": "Point", "coordinates": [ 114.1043, 22.3599 ] } },
{ "type": "Feature", "properties": { "ADDRESS_ENGNM": "Kwai Tsing", "ADDRESS_CHTNM": "葵青 / 葵青", "BLDG_ENGNM": "Kwai Hing Estate", "BLDG_CHTNM": "葵興邨 / 葵兴邨", "OS_STATUS": "Exist", "OS_STATUS_CHTNM": "現存 / 现存", "OS_TYPE": "Ancillary", "OS_TYPE_CHTNM": "附屬休憩用地 / 附属休憩用地", "BEACH": "No", "BEACH_CHTNM": "否 / 否", "AMENITY_AREA": "No", "AMENITY_AREA_CHTNM": "否 / 否", "INDOOR_FACILITIES": "No", "INDOOR_FACILITIES_CHTNM": "否 / 否", "OS_AREA": "10300", "OS_AREA_CHTNM": "10300", "REMARK": "The estate has been sold and becomes private property. The LOS area is based on the information as at completion of the development and will not be further updated.", "REMARK_CHTNM": "該屋邨已出售成為私人物業。鄰舍休憩用地面積為項目竣工時之資料，並不再更新。 / 该屋邨已出售成为私人物业。邻舍休憩用地面积为项目竣工时之资料，并不再更新。", "LAST_UPDATE": "03/2024", "OBJECTID_1": 205 }, "geometry": { "type": "Point", "coordinates": [ 114.1326, 22.3663 ] } },
{ "type": "Feature", "properties": { "ADDRESS_ENGNM": "Kwai Tsing", "ADDRESS_CHTNM": "葵青 / 葵青", "BLDG_ENGNM": "Tsing Yi Estate", "BLDG_CHTNM": "青衣邨 / 青衣邨", "OS_STATUS": "Exist", "OS_STATUS_CHTNM": "現存 / 现存", "OS_TYPE": "Ancillary", "OS_TYPE_CHTNM": "附屬休憩用地 / 附属休憩用地", "BEACH": "No", "BEACH_CHTNM": "否 / 否", "AMENITY_AREA": "No", "AMENITY_AREA_CHTNM": "否 / 否", "INDOOR_FACILITIES": "No", "INDOOR_FACILITIES_CHTNM": "否 / 否", "OS_AREA": "27900", "OS_AREA_CHTNM": "27900", "REMARK": "The estate has been sold and becomes private property. The LOS area is based on the information as at completion of the development and will not be further updated.", "REMARK_CHTNM": "該屋邨已出售成為私人物業。鄰舍休憩用地面積為項目竣工時之資料，並不再更新。 / 该屋邨已出售成为私人物业。邻舍休憩用地面积为项目竣工时之资料，并不再更新。", "LAST_UPDATE": "03/2024", "OBJECTID_1": 206 }, "geometry": { "type": "Point", "coordinates": [ 114.1028, 22.3546 ] } },
{ "type": "Feature", "properties": { "ADDRESS_ENGNM": "Tuen Mun", "ADDRESS_CHTNM": "屯門 / 屯门", "BLDG_ENGNM": "Kin Sang Estate", "BLDG_CHTNM": "建生邨 / 建生邨", "OS_STATUS": "Exist", "OS_STATUS_CHTNM": "現存 / 现存", "OS_TYPE": "Ancillary", "OS_TYPE_CHTNM": "附屬休憩用地 / 附属休憩用地", "BEACH": "No", "BEACH_CHTNM": "否 / 否", "AMENITY_AREA": "No", "AMENITY_AREA_CHTNM": "否 / 否", "INDOOR_FACILITIES": "No", "INDOOR_FACILITIES_CHTNM": "否 / 否", "OS_AREA": "23100", "OS_AREA_CHTNM": "23100", "REMARK": "The estate has been sold and becomes private property. The LOS area is based on the information as at completion of the development and will not be further updated.", "REMARK_CHTNM": "該屋邨已出售成為私人物業。鄰舍休憩用地面積為項目竣工時之資料，並不再更新。 / 该屋邨已出售成为私人物业。邻舍休憩用地面积为项目竣工时之资料，并不再更新。", "LAST_UPDATE": "03/2024", "OBJECTID_1": 207 }, "geometry": { "type": "Point", "coordinates": [ 113.9699, 22.4061 ] } },
{ "type": "Feature", "properties": { "ADDRESS_ENGNM": "Tuen Mun", "ADDRESS_CHTNM": "屯門 / 屯门", "BLDG_ENGNM": "Leung King Estate", "BLDG_CHTNM": "良景邨 / 良景邨", "OS_STATUS": "Exist", "OS_STATUS_CHTNM": "現存 / 现存", "OS_TYPE": "Ancillary", "OS_TYPE_CHTNM": "附屬休憩用地 / 附属休憩用地", "BEACH": "No", "BEACH_CHTNM": "否 / 否", "AMENITY_AREA": "No", "AMENITY_AREA_CHTNM": "否 / 否", "INDOOR_FACILITIES": "No", "INDOOR_FACILITIES_CHTNM": "否 / 否", "OS_AREA": "80600", "OS_AREA_CHTNM": "80600", "REMARK": "The estate has been sold and becomes private property. The LOS area is based on the information as at completion of the development and will not be further updated.", "REMARK_CHTNM": "該屋邨已出售成為私人物業。鄰舍休憩用地面積為項目竣工時之資料，並不再更新。 / 该屋邨已出售成为私人物业。邻舍休憩用地面积为项目竣工时之资料，并不再更新。", "LAST_UPDATE": "03/2024", "OBJECTID_1": 208 }, "geometry": { "type": "Point", "coordinates": [ 113.9633, 22.4076 ] } },
{ "type": "Feature", "properties": { "ADDRESS_ENGNM": "Tuen Mun", "ADDRESS_CHTNM": "屯門 / 屯门", "BLDG_ENGNM": "Tin King Estate", "BLDG_CHTNM": "田景邨 / 田景邨", "OS_STATUS": "Exist", "OS_STATUS_CHTNM": "現存 / 现存", "OS_TYPE": "Ancillary", "OS_TYPE_CHTNM": "附屬休憩用地 / 附属休憩用地", "BEACH": "No", "BEACH_CHTNM": "否 / 否", "AMENITY_AREA": "No", "AMENITY_AREA_CHTNM": "否 / 否", "INDOOR_FACILITIES": "No", "INDOOR_FACILITIES_CHTNM": "否 / 否", "OS_AREA": "25700", "OS_AREA_CHTNM": "25700", "REMARK": "The estate has been sold and becomes private property. The LOS area is based on the information as at completion of the development and will not be further updated.", "REMARK_CHTNM": "該屋邨已出售成為私人物業。鄰舍休憩用地面積為項目竣工時之資料，並不再更新。 / 该屋邨已出售成为私人物业。邻舍休憩用地面积为项目竣工时之资料，并不再更新。", "LAST_UPDATE": "03/2024", "OBJECTID_1": 209 }, "geometry": { "type": "Point", "coordinates": [ 113.964, 22.4059 ] } },
{ "type": "Feature", "properties": { "ADDRESS_ENGNM": "Tuen Mun", "ADDRESS_CHTNM": "屯門 / 屯门", "BLDG_ENGNM": "Shan King Estate", "BLDG_CHTNM": "山景邨 / 山景邨", "OS_STATUS": "Exist", "OS_STATUS_CHTNM": "現存 / 现存", "OS_TYPE": "Ancillary", "OS_TYPE_CHTNM": "附屬休憩用地 / 附属休憩用地", "BEACH": "No", "BEACH_CHTNM": "否 / 否", "AMENITY_AREA": "No", "AMENITY_AREA_CHTNM": "否 / 否", "INDOOR_FACILITIES": "No", "INDOOR_FACILITIES_CHTNM": "否 / 否", "OS_AREA": "40000", "OS_AREA_CHTNM": "40000", "REMARK": "The estate has been sold and becomes private property. The LOS area is based on the information as at completion of the development and will not be further updated.", "REMARK_CHTNM": "該屋邨已出售成為私人物業。鄰舍休憩用地面積為項目竣工時之資料，並不再更新。 / 该屋邨已出售成为私人物业。邻舍休憩用地面积为项目竣工时之资料，并不再更新。", "LAST_UPDATE": "03/2024", "OBJECTID_1": 210 }, "geometry": { "type": "Point", "coordinates": [ 113.9663, 22.3989 ] } },
{ "type": "Feature", "properties": { "ADDRESS_ENGNM": "Sha Tin", "ADDRESS_CHTNM": "沙田 / 沙田", "BLDG_ENGNM": "Heng On Estate", "BLDG_CHTNM": "恆安邨 / 恒安邨", "OS_STATUS": "Exist", "OS_STATUS_CHTNM": "現存 / 现存", "OS_TYPE": "Ancillary", "OS_TYPE_CHTNM": "附屬休憩用地 / 附属休憩用地", "BEACH": "No", "BEACH_CHTNM": "否 / 否", "AMENITY_AREA": "No", "AMENITY_AREA_CHTNM": "否 / 否", "INDOOR_FACILITIES": "No", "INDOOR_FACILITIES_CHTNM": "否 / 否", "OS_AREA": "49100", "OS_AREA_CHTNM": "49100", "REMARK": "The estate has been sold and becomes private property. The LOS area is based on the information as at completion of the development and will not be further updated.", "REMARK_CHTNM": "該屋邨已出售成為私人物業。鄰舍休憩用地面積為項目竣工時之資料，並不再更新。 / 该屋邨已出售成为私人物业。邻舍休憩用地面积为项目竣工时之资料，并不再更新。", "LAST_UPDATE": "03/2024", "OBJECTID_1": 211 }, "geometry": { "type": "Point", "coordinates": [ 114.2291, 22.4158 ] } },
{ "type": "Feature", "properties": { "ADDRESS_ENGNM": "Sha Tin", "ADDRESS_CHTNM": "沙田 / 沙田", "BLDG_ENGNM": "Hin Keng Estate", "BLDG_CHTNM": "顯徑邨 / 显径邨", "OS_STATUS": "Exist", "OS_STATUS_CHTNM": "現存 / 现存", "OS_TYPE": "Ancillary", "OS_TYPE_CHTNM": "附屬休憩用地 / 附属休憩用地", "BEACH": "No", "BEACH_CHTNM": "否 / 否", "AMENITY_AREA": "No", "AMENITY_AREA_CHTNM": "否 / 否", "INDOOR_FACILITIES": "No", "INDOOR_FACILITIES_CHTNM": "否 / 否", "OS_AREA": "47700", "OS_AREA_CHTNM": "47700", "REMARK": "The estate has been sold and becomes private property. The LOS area is based on the information as at completion of the development and will not be further updated.", "REMARK_CHTNM": "該屋邨已出售成為私人物業。鄰舍休憩用地面積為項目竣工時之資料，並不再更新。 / 该屋邨已出售成为私人物业。邻舍休憩用地面积为项目竣工时之资料，并不再更新。", "LAST_UPDATE": "03/2024", "OBJECTID_1": 212 }, "geometry": { "type": "Point", "coordinates": [ 114.1732, 22.364 ] } },
{ "type": "Feature", "properties": { "ADDRESS_ENGNM": "Sha Tin", "ADDRESS_CHTNM": "沙田 / 沙田", "BLDG_ENGNM": "Kwong Yuen Estate", "BLDG_CHTNM": "廣源邨 / 广源邨", "OS_STATUS": "Exist", "OS_STATUS_CHTNM": "現存 / 现存", "OS_TYPE": "Ancillary", "OS_TYPE_CHTNM": "附屬休憩用地 / 附属休憩用地", "BEACH": "No", "BEACH_CHTNM": "否 / 否", "AMENITY_AREA": "No", "AMENITY_AREA_CHTNM": "否 / 否", "INDOOR_FACILITIES": "No", "INDOOR_FACILITIES_CHTNM": "否 / 否", "OS_AREA": "27800", "OS_AREA_CHTNM": "27800", "REMARK": "The estate has been sold and becomes private property. The LOS area is based on the information as at completion of the development and will not be further updated.", "REMARK_CHTNM": "該屋邨已出售成為私人物業。鄰舍休憩用地面積為項目竣工時之資料，並不再更新。 / 该屋邨已出售成为私人物业。邻舍休憩用地面积为项目竣工时之资料，并不再更新。", "LAST_UPDATE": "03/2024", "OBJECTID_1": 213 }, "geometry": { "type": "Point", "coordinates": [ 114.2142, 22.3812 ] } },
{ "type": "Feature", "properties": { "ADDRESS_ENGNM": "Sha Tin", "ADDRESS_CHTNM": "沙田 / 沙田", "BLDG_ENGNM": "Pok Hong Estate", "BLDG_CHTNM": "博康邨 / 博康邨", "OS_STATUS": "Exist", "OS_STATUS_CHTNM": "現存 / 现存", "OS_TYPE": "Ancillary", "OS_TYPE_CHTNM": "附屬休憩用地 / 附属休憩用地", "BEACH": "No", "BEACH_CHTNM": "否 / 否", "AMENITY_AREA": "No", "AMENITY_AREA_CHTNM": "否 / 否", "INDOOR_FACILITIES": "No", "INDOOR_FACILITIES_CHTNM": "否 / 否", "OS_AREA": "35900", "OS_AREA_CHTNM": "35900", "REMARK": "The estate has been sold and becomes private property. The LOS area is based on the information as at completion of the development and will not be further updated.", "REMARK_CHTNM": "該屋邨已出售成為私人物業。鄰舍休憩用地面積為項目竣工時之資料，並不再更新。 / 该屋邨已出售成为私人物业。邻舍休憩用地面积为项目竣工时之资料，并不再更新。", "LAST_UPDATE": "03/2024", "OBJECTID_1": 214 }, "geometry": { "type": "Point", "coordinates": [ 114.1919, 22.3749 ] } },
{ "type": "Feature", "properties": { "ADDRESS_ENGNM": "Sha Tin", "ADDRESS_CHTNM": "沙田 / 沙田", "BLDG_ENGNM": "Yiu On Estate", "BLDG_CHTNM": "耀安邨 / 耀安邨", "OS_STATUS": "Exist", "OS_STATUS_CHTNM": "現存 / 现存", "OS_TYPE": "Ancillary", "OS_TYPE_CHTNM": "附屬休憩用地 / 附属休憩用地", "BEACH": "No", "BEACH_CHTNM": "否 / 否", "AMENITY_AREA": "No", "AMENITY_AREA_CHTNM": "否 / 否", "INDOOR_FACILITIES": "No", "INDOOR_FACILITIES_CHTNM": "否 / 否", "OS_AREA": "41800", "OS_AREA_CHTNM": "41800", "REMARK": "The estate has been sold and becomes private property. The LOS area is based on the information as at completion of the development and will not be further updated.", "REMARK_CHTNM": "該屋邨已出售成為私人物業。鄰舍休憩用地面積為項目竣工時之資料，並不再更新。 / 该屋邨已出售成为私人物业。邻舍休憩用地面积为项目竣工时之资料，并不再更新。", "LAST_UPDATE": "03/2024", "OBJECTID_1": 215 }, "geometry": { "type": "Point", "coordinates": [ 114.2303, 22.4189 ] } },
{ "type": "Feature", "properties": { "ADDRESS_ENGNM": "Tai Po", "ADDRESS_CHTNM": "大埔 / 大埔", "BLDG_ENGNM": "Fu Heng Estate", "BLDG_CHTNM": "富亨邨 / 富亨邨", "OS_STATUS": "Exist", "OS_STATUS_CHTNM": "現存 / 现存", "OS_TYPE": "Ancillary", "OS_TYPE_CHTNM": "附屬休憩用地 / 附属休憩用地", "BEACH": "No", "BEACH_CHTNM": "否 / 否", "AMENITY_AREA": "No", "AMENITY_AREA_CHTNM": "否 / 否", "INDOOR_FACILITIES": "No", "INDOOR_FACILITIES_CHTNM": "否 / 否", "OS_AREA": "45400", "OS_AREA_CHTNM": "45400", "REMARK": "The estate has been sold and becomes private property. The LOS area is based on the information as at completion of the development and will not be further updated.", "REMARK_CHTNM": "該屋邨已出售成為私人物業。鄰舍休憩用地面積為項目竣工時之資料，並不再更新。 / 该屋邨已出售成为私人物业。邻舍休憩用地面积为项目竣工时之资料，并不再更新。", "LAST_UPDATE": "03/2024", "OBJECTID_1": 216 }, "geometry": { "type": "Point", "coordinates": [ 114.1707, 22.4565 ] } },
{ "type": "Feature", "properties": { "ADDRESS_ENGNM": "Tai Po", "ADDRESS_CHTNM": "大埔 / 大埔", "BLDG_ENGNM": "Fu Shin Estate", "BLDG_CHTNM": "富善邨 / 富善邨", "OS_STATUS": "Exist", "OS_STATUS_CHTNM": "現存 / 现存", "OS_TYPE": "Ancillary", "OS_TYPE_CHTNM": "附屬休憩用地 / 附属休憩用地", "BEACH": "No", "BEACH_CHTNM": "否 / 否", "AMENITY_AREA": "No", "AMENITY_AREA_CHTNM": "否 / 否", "INDOOR_FACILITIES": "No", "INDOOR_FACILITIES_CHTNM": "否 / 否", "OS_AREA": "42900", "OS_AREA_CHTNM": "42900", "REMARK": "The estate has been sold and becomes private property. The LOS area is based on the information as at completion of the development and will not be further updated.", "REMARK_CHTNM": "該屋邨已出售成為私人物業。鄰舍休憩用地面積為項目竣工時之資料，並不再更新。 / 该屋邨已出售成为私人物业。邻舍休憩用地面积为项目竣工时之资料，并不再更新。", "LAST_UPDATE": "03/2024", "OBJECTID_1": 217 }, "geometry": { "type": "Point", "coordinates": [ 114.1756, 22.453 ] } },
{ "type": "Feature", "properties": { "ADDRESS_ENGNM": "Tai Po", "ADDRESS_CHTNM": "大埔 / 大埔", "BLDG_ENGNM": "Tai Wo Estate", "BLDG_CHTNM": "太和邨 / 太和邨", "OS_STATUS": "Exist", "OS_STATUS_CHTNM": "現存 / 现存", "OS_TYPE": "Ancillary", "OS_TYPE_CHTNM": "附屬休憩用地 / 附属休憩用地", "BEACH": "No", "BEACH_CHTNM": "否 / 否", "AMENITY_AREA": "No", "AMENITY_AREA_CHTNM": "否 / 否", "INDOOR_FACILITIES": "No", "INDOOR_FACILITIES_CHTNM": "否 / 否", "OS_AREA": "47900", "OS_AREA_CHTNM": "47900", "REMARK": "The estate has been sold and becomes private property. The LOS area is based on the information as at completion of the development and will not be further updated.", "REMARK_CHTNM": "該屋邨已出售成為私人物業。鄰舍休憩用地面積為項目竣工時之資料，並不再更新。 / 该屋邨已出售成为私人物业。邻舍休憩用地面积为项目竣工时之资料，并不再更新。", "LAST_UPDATE": "03/2024", "OBJECTID_1": 218 }, "geometry": { "type": "Point", "coordinates": [ 114.1626, 22.452 ] } },
{ "type": "Feature", "properties": { "ADDRESS_ENGNM": "Tai Po", "ADDRESS_CHTNM": "大埔 / 大埔", "BLDG_ENGNM": "Wan Tau Tong Estate", "BLDG_CHTNM": "運頭塘邨 / 运头塘邨", "OS_STATUS": "Exist", "OS_STATUS_CHTNM": "現存 / 现存", "OS_TYPE": "Ancillary", "OS_TYPE_CHTNM": "附屬休憩用地 / 附属休憩用地", "BEACH": "No", "BEACH_CHTNM": "否 / 否", "AMENITY_AREA": "No", "AMENITY_AREA_CHTNM": "否 / 否", "INDOOR_FACILITIES": "No", "INDOOR_FACILITIES_CHTNM": "否 / 否", "OS_AREA": "19400", "OS_AREA_CHTNM": "19400", "REMARK": "The estate has been sold and becomes private property. The LOS area is based on the information as at completion of the development and will not be further updated.", "REMARK_CHTNM": "該屋邨已出售成為私人物業。鄰舍休憩用地面積為項目竣工時之資料，並不再更新。 / 该屋邨已出售成为私人物业。邻舍休憩用地面积为项目竣工时之资料，并不再更新。", "LAST_UPDATE": "03/2024", "OBJECTID_1": 219 }, "geometry": { "type": "Point", "coordinates": [ 114.1688, 22.4428 ] } },
{ "type": "Feature", "properties": { "ADDRESS_ENGNM": "North", "ADDRESS_CHTNM": "北區 / 北区", "BLDG_ENGNM": "Cheung Wah Estate", "BLDG_CHTNM": "祥華邨 / 祥华邨", "OS_STATUS": "Exist", "OS_STATUS_CHTNM": "現存 / 现存", "OS_TYPE": "Ancillary", "OS_TYPE_CHTNM": "附屬休憩用地 / 附属休憩用地", "BEACH": "No", "BEACH_CHTNM": "否 / 否", "AMENITY_AREA": "No", "AMENITY_AREA_CHTNM": "否 / 否", "INDOOR_FACILITIES": "No", "INDOOR_FACILITIES_CHTNM": "否 / 否", "OS_AREA": "33400", "OS_AREA_CHTNM": "33400", "REMARK": "The estate has been sold and becomes private property. The LOS area is based on the information as at completion of the development and will not be further updated.", "REMARK_CHTNM": "該屋邨已出售成為私人物業。鄰舍休憩用地面積為項目竣工時之資料，並不再更新。 / 该屋邨已出售成为私人物业。邻舍休憩用地面积为项目竣工时之资料，并不再更新。", "LAST_UPDATE": "03/2024", "OBJECTID_1": 220 }, "geometry": { "type": "Point", "coordinates": [ 114.1419, 22.4922 ] } },
{ "type": "Feature", "properties": { "ADDRESS_ENGNM": "North", "ADDRESS_CHTNM": "北區 / 北区", "BLDG_ENGNM": "Tai Ping Estate", "BLDG_CHTNM": "太平邨 / 太平邨", "OS_STATUS": "Exist", "OS_STATUS_CHTNM": "現存 / 现存", "OS_TYPE": "Ancillary", "OS_TYPE_CHTNM": "附屬休憩用地 / 附属休憩用地", "BEACH": "No", "BEACH_CHTNM": "否 / 否", "AMENITY_AREA": "No", "AMENITY_AREA_CHTNM": "否 / 否", "INDOOR_FACILITIES": "No", "INDOOR_FACILITIES_CHTNM": "否 / 否", "OS_AREA": "13900", "OS_AREA_CHTNM": "13900", "REMARK": "The estate has been sold and becomes private property. The LOS area is based on the information as at completion of the development and will not be further updated.", "REMARK_CHTNM": "該屋邨已出售成為私人物業。鄰舍休憩用地面積為項目竣工時之資料，並不再更新。 / 该屋邨已出售成为私人物业。邻舍休憩用地面积为项目竣工时之资料，并不再更新。", "LAST_UPDATE": "03/2024", "OBJECTID_1": 221 }, "geometry": { "type": "Point", "coordinates": [ 114.1267, 22.498 ] } },
{ "type": "Feature", "properties": { "ADDRESS_ENGNM": "North", "ADDRESS_CHTNM": "北區 / 北区", "BLDG_ENGNM": "Tin Ping Estate", "BLDG_CHTNM": "天平邨 / 天平邨", "OS_STATUS": "Exist", "OS_STATUS_CHTNM": "現存 / 现存", "OS_TYPE": "Ancillary", "OS_TYPE_CHTNM": "附屬休憩用地 / 附属休憩用地", "BEACH": "No", "BEACH_CHTNM": "否 / 否", "AMENITY_AREA": "No", "AMENITY_AREA_CHTNM": "否 / 否", "INDOOR_FACILITIES": "No", "INDOOR_FACILITIES_CHTNM": "否 / 否", "OS_AREA": "37400", "OS_AREA_CHTNM": "37400", "REMARK": "The estate has been sold and becomes private property. The LOS area is based on the information as at completion of the development and will not be further updated.", "REMARK_CHTNM": "該屋邨已出售成為私人物業。鄰舍休憩用地面積為項目竣工時之資料，並不再更新。 / 该屋邨已出售成为私人物业。邻舍休憩用地面积为项目竣工时之资料，并不再更新。", "LAST_UPDATE": "03/2024", "OBJECTID_1": 222 }, "geometry": { "type": "Point", "coordinates": [ 114.1323, 22.5035 ] } },
{ "type": "Feature", "properties": { "ADDRESS_ENGNM": "North", "ADDRESS_CHTNM": "北區 / 北区", "BLDG_ENGNM": "Wah Ming Estate", "BLDG_CHTNM": "華明邨 / 华明邨", "OS_STATUS": "Exist", "OS_STATUS_CHTNM": "現存 / 现存", "OS_TYPE": "Ancillary", "OS_TYPE_CHTNM": "附屬休憩用地 / 附属休憩用地", "BEACH": "No", "BEACH_CHTNM": "否 / 否", "AMENITY_AREA": "No", "AMENITY_AREA_CHTNM": "否 / 否", "INDOOR_FACILITIES": "No", "INDOOR_FACILITIES_CHTNM": "否 / 否", "OS_AREA": "41200", "OS_AREA_CHTNM": "41200", "REMARK": "The estate has been sold and becomes private property. The LOS area is based on the information as at completion of the development and will not be further updated.", "REMARK_CHTNM": "該屋邨已出售成為私人物業。鄰舍休憩用地面積為項目竣工時之資料，並不再更新。 / 该屋邨已出售成为私人物业。邻舍休憩用地面积为项目竣工时之资料，并不再更新。", "LAST_UPDATE": "03/2024", "OBJECTID_1": 223 }, "geometry": { "type": "Point", "coordinates": [ 114.1402, 22.4845 ] } },
{ "type": "Feature", "properties": { "ADDRESS_ENGNM": "Sai Kung", "ADDRESS_CHTNM": "西貢 / 西贡", "BLDG_ENGNM": "King Lam Estate", "BLDG_CHTNM": "景林邨 / 景林邨", "OS_STATUS": "Exist", "OS_STATUS_CHTNM": "現存 / 现存", "OS_TYPE": "Ancillary", "OS_TYPE_CHTNM": "附屬休憩用地 / 附属休憩用地", "BEACH": "No", "BEACH_CHTNM": "否 / 否", "AMENITY_AREA": "No", "AMENITY_AREA_CHTNM": "否 / 否", "INDOOR_FACILITIES": "No", "INDOOR_FACILITIES_CHTNM": "否 / 否", "OS_AREA": "48900", "OS_AREA_CHTNM": "48900", "REMARK": "The estate has been sold and becomes private property. The LOS area is based on the information as at completion of the development and will not be further updated.", "REMARK_CHTNM": "該屋邨已出售成為私人物業。鄰舍休憩用地面積為項目竣工時之資料，並不再更新。 / 该屋邨已出售成为私人物业。邻舍休憩用地面积为项目竣工时之资料，并不再更新。", "LAST_UPDATE": "03/2024", "OBJECTID_1": 224 }, "geometry": { "type": "Point", "coordinates": [ 114.2616, 22.3199 ] } },
{ "type": "Feature", "properties": { "ADDRESS_ENGNM": "Sai Kung", "ADDRESS_CHTNM": "西貢 / 西贡", "BLDG_ENGNM": "Po Lam Estate", "BLDG_CHTNM": "寶林邨 / 宝林邨", "OS_STATUS": "Exist", "OS_STATUS_CHTNM": "現存 / 现存", "OS_TYPE": "Ancillary", "OS_TYPE_CHTNM": "附屬休憩用地 / 附属休憩用地", "BEACH": "No", "BEACH_CHTNM": "否 / 否", "AMENITY_AREA": "No", "AMENITY_AREA_CHTNM": "否 / 否", "INDOOR_FACILITIES": "No", "INDOOR_FACILITIES_CHTNM": "否 / 否", "OS_AREA": "39900", "OS_AREA_CHTNM": "39900", "REMARK": "The estate has been sold and becomes private property. The LOS area is based on the information as at completion of the development and will not be further updated.", "REMARK_CHTNM": "該屋邨已出售成為私人物業。鄰舍休憩用地面積為項目竣工時之資料，並不再更新。 / 该屋邨已出售成为私人物业。邻舍休憩用地面积为项目竣工时之资料，并不再更新。", "LAST_UPDATE": "03/2024", "OBJECTID_1": 225 }, "geometry": { "type": "Point", "coordinates": [ 114.2531, 22.3259 ] } },
{ "type": "Feature", "properties": { "ADDRESS_ENGNM": "Sai Kung", "ADDRESS_CHTNM": "西貢 / 西贡", "BLDG_ENGNM": "Tsui Lam Estate", "BLDG_CHTNM": "翠林邨 / 翠林邨", "OS_STATUS": "Exist", "OS_STATUS_CHTNM": "現存 / 现存", "OS_TYPE": "Ancillary", "OS_TYPE_CHTNM": "附屬休憩用地 / 附属休憩用地", "BEACH": "No", "BEACH_CHTNM": "否 / 否", "AMENITY_AREA": "No", "AMENITY_AREA_CHTNM": "否 / 否", "INDOOR_FACILITIES": "No", "INDOOR_FACILITIES_CHTNM": "否 / 否", "OS_AREA": "46300", "OS_AREA_CHTNM": "46300", "REMARK": "The estate has been sold and becomes private property. The LOS area is based on the information as at completion of the development and will not be further updated.", "REMARK_CHTNM": "該屋邨已出售成為私人物業。鄰舍休憩用地面積為項目竣工時之資料，並不再更新。 / 该屋邨已出售成为私人物业。邻舍休憩用地面积为项目竣工时之资料，并不再更新。", "LAST_UPDATE": "03/2024", "OBJECTID_1": 226 }, "geometry": { "type": "Point", "coordinates": [ 114.2483, 22.3235 ] } },
{ "type": "Feature", "properties": { "ADDRESS_ENGNM": "Eastern", "ADDRESS_CHTNM": "東區 / 东区", "BLDG_ENGNM": "Aldrich Garden", "BLDG_CHTNM": "愛蝶灣 / 爱蝶湾", "OS_STATUS": "Exist", "OS_STATUS_CHTNM": "現存 / 现存", "OS_TYPE": "Ancillary", "OS_TYPE_CHTNM": "附屬休憩用地 / 附属休憩用地", "BEACH": "No", "BEACH_CHTNM": "否 / 否", "AMENITY_AREA": "No", "AMENITY_AREA_CHTNM": "否 / 否", "INDOOR_FACILITIES": "No", "INDOOR_FACILITIES_CHTNM": "否 / 否", "OS_AREA": "7600", "OS_AREA_CHTNM": "7600", "REMARK": "The court has been sold and becomes private property. The LOS area is based on the information as at completion of the development and will not be further updated.", "REMARK_CHTNM": "該屋苑已出售成為私人物業。鄰舍休憩用地面積為項目竣工時之資料，並不再更新。 / 该屋苑已出售成为私人物业。邻舍休憩用地面积为项目竣工时之资料，并不再更新。", "LAST_UPDATE": "03/2024", "OBJECTID_1": 227 }, "geometry": { "type": "Point", "coordinates": [ 114.2288, 22.2812 ] } },
{ "type": "Feature", "properties": { "ADDRESS_ENGNM": "Eastern", "ADDRESS_CHTNM": "東區 / 东区", "BLDG_ENGNM": "Cheerful Garden", "BLDG_CHTNM": "富怡花園 / 富怡花园", "OS_STATUS": "Exist", "OS_STATUS_CHTNM": "現存 / 现存", "OS_TYPE": "Ancillary", "OS_TYPE_CHTNM": "附屬休憩用地 / 附属休憩用地", "BEACH": "No", "BEACH_CHTNM": "否 / 否", "AMENITY_AREA": "No", "AMENITY_AREA_CHTNM": "否 / 否", "INDOOR_FACILITIES": "No", "INDOOR_FACILITIES_CHTNM": "否 / 否", "OS_AREA": "6300", "OS_AREA_CHTNM": "6300", "REMARK": "The court has been sold and becomes private property. The LOS area is based on the information as at completion of the development and will not be further updated.", "REMARK_CHTNM": "該屋苑已出售成為私人物業。鄰舍休憩用地面積為項目竣工時之資料，並不再更新。 / 该屋苑已出售成为私人物业。邻舍休憩用地面积为项目竣工时之资料，并不再更新。", "LAST_UPDATE": "03/2024", "OBJECTID_1": 228 }, "geometry": { "type": "Point", "coordinates": [ 114.2505, 22.263 ] } },
{ "type": "Feature", "properties": { "ADDRESS_ENGNM": "Eastern", "ADDRESS_CHTNM": "東區 / 东区", "BLDG_ENGNM": "Dip Tsui Court", "BLDG_CHTNM": "蝶翠苑 / 蝶翠苑", "OS_STATUS": "Exist", "OS_STATUS_CHTNM": "現存 / 现存", "OS_TYPE": "Ancillary", "OS_TYPE_CHTNM": "附屬休憩用地 / 附属休憩用地", "BEACH": "No", "BEACH_CHTNM": "否 / 否", "AMENITY_AREA": "No", "AMENITY_AREA_CHTNM": "否 / 否", "INDOOR_FACILITIES": "No", "INDOOR_FACILITIES_CHTNM": "否 / 否", "OS_AREA": "1500", "OS_AREA_CHTNM": "1500", "REMARK": "1) The court has been sold and becomes private property. The LOS area is based on the information as at completion of the development and will not be further updated. 2) The LOS area is the minimum area derived from the approved Planning Brief as at completion of the development.", "REMARK_CHTNM": "1) 該屋苑已出售成為私人物業。鄰舍休憩用地面積為項目竣工時之資料，並不再更新。 / 该屋苑已出售成为私人物业。邻舍休憩用地面积为项目竣工时之资料，并不再更新。2) 鄰舍休憩用地面積節錄自發展項目竣工時的核准規劃大綱內的最少面積。 / 邻舍休憩用地面积节录自发展项目竣工时的核准规划大纲内的最少面积。", "LAST_UPDATE": "03/2024", "OBJECTID_1": 229 }, "geometry": { "type": "Point", "coordinates": [ 114.244, 22.2653 ] } },
{ "type": "Feature", "properties": { "ADDRESS_ENGNM": "Eastern", "ADDRESS_CHTNM": "東區 / 东区", "BLDG_ENGNM": "Fullview Garden", "BLDG_CHTNM": "富景花園 / 富景花园", "OS_STATUS": "Exist", "OS_STATUS_CHTNM": "現存 / 现存", "OS_TYPE": "Ancillary", "OS_TYPE_CHTNM": "附屬休憩用地 / 附属休憩用地", "BEACH": "No", "BEACH_CHTNM": "否 / 否", "AMENITY_AREA": "No", "AMENITY_AREA_CHTNM": "否 / 否", "INDOOR_FACILITIES": "No", "INDOOR_FACILITIES_CHTNM": "否 / 否", "OS_AREA": "9900", "OS_AREA_CHTNM": "9900", "REMARK": "The court has been sold and becomes private property. The LOS area is based on the information as at completion of the development and will not be further updated.", "REMARK_CHTNM": "該屋苑已出售成為私人物業。鄰舍休憩用地面積為項目竣工時之資料，並不再更新。 / 该屋苑已出售成为私人物业。邻舍休憩用地面积为项目竣工时之资料，并不再更新。", "LAST_UPDATE": "03/2024", "OBJECTID_1": 230 }, "geometry": { "type": "Point", "coordinates": [ 114.2519, 22.2626 ] } },
{ "type": "Feature", "properties": { "ADDRESS_ENGNM": "Eastern", "ADDRESS_CHTNM": "東區 / 东区", "BLDG_ENGNM": "Greenwood Terrace", "BLDG_CHTNM": "康翠臺 / 康翠台", "OS_STATUS": "Exist", "OS_STATUS_CHTNM": "現存 / 现存", "OS_TYPE": "Ancillary", "OS_TYPE_CHTNM": "附屬休憩用地 / 附属休憩用地", "BEACH": "No", "BEACH_CHTNM": "否 / 否", "AMENITY_AREA": "No", "AMENITY_AREA_CHTNM": "否 / 否", "INDOOR_FACILITIES": "No", "INDOOR_FACILITIES_CHTNM": "否 / 否", "OS_AREA": "7600", "OS_AREA_CHTNM": "7600", "REMARK": "The court has been sold and becomes private property. The LOS area is based on the information as at completion of the development and will not be further updated.", "REMARK_CHTNM": "該屋苑已出售成為私人物業。鄰舍休憩用地面積為項目竣工時之資料，並不再更新。 / 该屋苑已出售成为私人物业。邻舍休憩用地面积为项目竣工时之资料，并不再更新。", "LAST_UPDATE": "03/2024", "OBJECTID_1": 231 }, "geometry": { "type": "Point", "coordinates": [ 114.2346, 22.267 ] } },
{ "type": "Feature", "properties": { "ADDRESS_ENGNM": "Eastern", "ADDRESS_CHTNM": "東區 / 东区", "BLDG_ENGNM": "Hang Tsui Court", "BLDG_CHTNM": "杏翠苑 / 杏翠苑", "OS_STATUS": "Exist", "OS_STATUS_CHTNM": "現存 / 现存", "OS_TYPE": "Ancillary", "OS_TYPE_CHTNM": "附屬休憩用地 / 附属休憩用地", "BEACH": "No", "BEACH_CHTNM": "否 / 否", "AMENITY_AREA": "No", "AMENITY_AREA_CHTNM": "否 / 否", "INDOOR_FACILITIES": "No", "INDOOR_FACILITIES_CHTNM": "否 / 否", "OS_AREA": "2800", "OS_AREA_CHTNM": "2800", "REMARK": "The court has been sold and becomes private property. The LOS area is based on the information as at completion of the development and will not be further updated.", "REMARK_CHTNM": "該屋苑已出售成為私人物業。鄰舍休憩用地面積為項目竣工時之資料，並不再更新。 / 该屋苑已出售成为私人物业。邻舍休憩用地面积为项目竣工时之资料，并不再更新。", "LAST_UPDATE": "03/2024", "OBJECTID_1": 232 }, "geometry": { "type": "Point", "coordinates": [ 114.2415, 22.2672 ] } },
{ "type": "Feature", "properties": { "ADDRESS_ENGNM": "Eastern", "ADDRESS_CHTNM": "東區 / 东区", "BLDG_ENGNM": "Harmony Garden", "BLDG_CHTNM": "富欣花園 / 富欣花园", "OS_STATUS": "Exist", "OS_STATUS_CHTNM": "現存 / 现存", "OS_TYPE": "Ancillary", "OS_TYPE_CHTNM": "附屬休憩用地 / 附属休憩用地", "BEACH": "No", "BEACH_CHTNM": "否 / 否", "AMENITY_AREA": "No", "AMENITY_AREA_CHTNM": "否 / 否", "INDOOR_FACILITIES": "No", "INDOOR_FACILITIES_CHTNM": "否 / 否", "OS_AREA": "11100", "OS_AREA_CHTNM": "11100", "REMARK": "The court has been sold and becomes private property. The LOS area is based on the information as at completion of the development and will not be further updated.", "REMARK_CHTNM": "該屋苑已出售成為私人物業。鄰舍休憩用地面積為項目竣工時之資料，並不再更新。 / 该屋苑已出售成为私人物业。邻舍休憩用地面积为项目竣工时之资料，并不再更新。", "LAST_UPDATE": "03/2024", "OBJECTID_1": 233 }, "geometry": { "type": "Point", "coordinates": [ 114.2489, 22.266 ] } },
{ "type": "Feature", "properties": { "ADDRESS_ENGNM": "Eastern", "ADDRESS_CHTNM": "東區 / 东区", "BLDG_ENGNM": "Hiu Tsui Court", "BLDG_CHTNM": "曉翠苑 / 晓翠苑", "OS_STATUS": "Exist", "OS_STATUS_CHTNM": "現存 / 现存", "OS_TYPE": "Ancillary", "OS_TYPE_CHTNM": "附屬休憩用地 / 附属休憩用地", "BEACH": "No", "BEACH_CHTNM": "否 / 否", "AMENITY_AREA": "No", "AMENITY_AREA_CHTNM": "否 / 否", "INDOOR_FACILITIES": "No", "INDOOR_FACILITIES_CHTNM": "否 / 否", "OS_AREA": "5000", "OS_AREA_CHTNM": "5000", "REMARK": "The court has been sold and becomes private property. The LOS area is based on the information as at completion of the development and will not be further updated.", "REMARK_CHTNM": "該屋苑已出售成為私人物業。鄰舍休憩用地面積為項目竣工時之資料，並不再更新。 / 该屋苑已出售成为私人物业。邻舍休憩用地面积为项目竣工时之资料，并不再更新。", "LAST_UPDATE": "03/2024", "OBJECTID_1": 234 }, "geometry": { "type": "Point", "coordinates": [ 114.2474, 22.2633 ] } },
{ "type": "Feature", "properties": { "ADDRESS_ENGNM": "Eastern", "ADDRESS_CHTNM": "東區 / 东区", "BLDG_ENGNM": "Kai Tsui Court", "BLDG_CHTNM": "佳翠苑 / 佳翠苑", "OS_STATUS": "Exist", "OS_STATUS_CHTNM": "現存 / 现存", "OS_TYPE": "Ancillary", "OS_TYPE_CHTNM": "附屬休憩用地 / 附属休憩用地", "BEACH": "No", "BEACH_CHTNM": "否 / 否", "AMENITY_AREA": "No", "AMENITY_AREA_CHTNM": "否 / 否", "INDOOR_FACILITIES": "No", "INDOOR_FACILITIES_CHTNM": "否 / 否", "OS_AREA": "5740", "OS_AREA_CHTNM": "5740", "REMARK": "The court has been sold and becomes private property. The LOS area is based on the information as at completion of the development and will not be further updated.", "REMARK_CHTNM": "該屋苑已出售成為私人物業。鄰舍休憩用地面積為項目竣工時之資料，並不再更新。 / 该屋苑已出售成为私人物业。邻舍休憩用地面积为项目竣工时之资料，并不再更新。", "LAST_UPDATE": "03/2024", "OBJECTID_1": 235 }, "geometry": { "type": "Point", "coordinates": [ 114.2513, 22.2615 ] } },
{ "type": "Feature", "properties": { "ADDRESS_ENGNM": "Eastern", "ADDRESS_CHTNM": "東區 / 东区", "BLDG_ENGNM": "King Tsui Court", "BLDG_CHTNM": "景翠苑 / 景翠苑", "OS_STATUS": "Exist", "OS_STATUS_CHTNM": "現存 / 现存", "OS_TYPE": "Ancillary", "OS_TYPE_CHTNM": "附屬休憩用地 / 附属休憩用地", "BEACH": "No", "BEACH_CHTNM": "否 / 否", "AMENITY_AREA": "No", "AMENITY_AREA_CHTNM": "否 / 否", "INDOOR_FACILITIES": "No", "INDOOR_FACILITIES_CHTNM": "否 / 否", "OS_AREA": "900", "OS_AREA_CHTNM": "900", "REMARK": "The court has been sold and becomes private property. The LOS area is based on the information as at completion of the development and will not be further updated.", "REMARK_CHTNM": "該屋苑已出售成為私人物業。鄰舍休憩用地面積為項目竣工時之資料，並不再更新。 / 该屋苑已出售成为私人物业。邻舍休憩用地面积为项目竣工时之资料，并不再更新。", "LAST_UPDATE": "03/2024", "OBJECTID_1": 236 }, "geometry": { "type": "Point", "coordinates": [ 114.2306, 22.2602 ] } },
{ "type": "Feature", "properties": { "ADDRESS_ENGNM": "Eastern", "ADDRESS_CHTNM": "東區 / 东区", "BLDG_ENGNM": "Kornhill", "BLDG_CHTNM": "康山花園 / 康山花园", "OS_STATUS": "Exist", "OS_STATUS_CHTNM": "現存 / 现存", "OS_TYPE": "Ancillary", "OS_TYPE_CHTNM": "附屬休憩用地 / 附属休憩用地", "BEACH": "No", "BEACH_CHTNM": "否 / 否", "AMENITY_AREA": "No", "AMENITY_AREA_CHTNM": "否 / 否", "INDOOR_FACILITIES": "No", "INDOOR_FACILITIES_CHTNM": "否 / 否", "OS_AREA": "5800", "OS_AREA_CHTNM": "5800", "REMARK": "The court has been sold and becomes private property. The LOS area is based on the information as at completion of the development and will not be further updated.", "REMARK_CHTNM": "該屋苑已出售成為私人物業。鄰舍休憩用地面積為項目竣工時之資料，並不再更新。 / 该屋苑已出售成为私人物业。邻舍休憩用地面积为项目竣工时之资料，并不再更新。", "LAST_UPDATE": "03/2024", "OBJECTID_1": 237 }, "geometry": { "type": "Point", "coordinates": [ 114.2162, 22.2855 ] } },
{ "type": "Feature", "properties": { "ADDRESS_ENGNM": "Eastern", "ADDRESS_CHTNM": "東區 / 东区", "BLDG_ENGNM": "Lok Hin Terrace", "BLDG_CHTNM": "樂軒臺 / 乐轩台", "OS_STATUS": "Exist", "OS_STATUS_CHTNM": "現存 / 现存", "OS_TYPE": "Ancillary", "OS_TYPE_CHTNM": "附屬休憩用地 / 附属休憩用地", "BEACH": "No", "BEACH_CHTNM": "否 / 否", "AMENITY_AREA": "No", "AMENITY_AREA_CHTNM": "否 / 否", "INDOOR_FACILITIES": "No", "INDOOR_FACILITIES_CHTNM": "否 / 否", "OS_AREA": "6300", "OS_AREA_CHTNM": "6300", "REMARK": "The court has been sold and becomes private property. The LOS area is based on the information as at completion of the development and will not be further updated.", "REMARK_CHTNM": "該屋苑已出售成為私人物業。鄰舍休憩用地面積為項目竣工時之資料，並不再更新。 / 该屋苑已出售成为私人物业。邻舍休憩用地面积为项目竣工时之资料，并不再更新。", "LAST_UPDATE": "03/2024", "OBJECTID_1": 238 }, "geometry": { "type": "Point", "coordinates": [ 114.2407, 22.2636 ] } },
{ "type": "Feature", "properties": { "ADDRESS_ENGNM": "Eastern", "ADDRESS_CHTNM": "東區 / 东区", "BLDG_ENGNM": "Neptune Terrace", "BLDG_CHTNM": "樂翠臺 / 乐翠台", "OS_STATUS": "Exist", "OS_STATUS_CHTNM": "現存 / 现存", "OS_TYPE": "Ancillary", "OS_TYPE_CHTNM": "附屬休憩用地 / 附属休憩用地", "BEACH": "No", "BEACH_CHTNM": "否 / 否", "AMENITY_AREA": "No", "AMENITY_AREA_CHTNM": "否 / 否", "INDOOR_FACILITIES": "No", "INDOOR_FACILITIES_CHTNM": "否 / 否", "OS_AREA": "1400", "OS_AREA_CHTNM": "1400", "REMARK": "The court has been sold and becomes private property. The LOS area is based on the information as at completion of the development and will not be further updated.", "REMARK_CHTNM": "該屋苑已出售成為私人物業。鄰舍休憩用地面積為項目竣工時之資料，並不再更新。 / 该屋苑已出售成为私人物业。邻舍休憩用地面积为项目竣工时之资料，并不再更新。", "LAST_UPDATE": "03/2024", "OBJECTID_1": 239 }, "geometry": { "type": "Point", "coordinates": [ 114.2344, 22.2681 ] } },
{ "type": "Feature", "properties": { "ADDRESS_ENGNM": "Eastern", "ADDRESS_CHTNM": "東區 / 东区", "BLDG_ENGNM": "Shan Tsui Court", "BLDG_CHTNM": "山翠苑 / 山翠苑", "OS_STATUS": "Exist", "OS_STATUS_CHTNM": "現存 / 现存", "OS_TYPE": "Ancillary", "OS_TYPE_CHTNM": "附屬休憩用地 / 附属休憩用地", "BEACH": "No", "BEACH_CHTNM": "否 / 否", "AMENITY_AREA": "No", "AMENITY_AREA_CHTNM": "否 / 否", "INDOOR_FACILITIES": "No", "INDOOR_FACILITIES_CHTNM": "否 / 否", "OS_AREA": "1200", "OS_AREA_CHTNM": "1200", "REMARK": "The court has been sold and becomes private property. The LOS area is based on the information as at completion of the development and will not be further updated.", "REMARK_CHTNM": "該屋苑已出售成為私人物業。鄰舍休憩用地面積為項目竣工時之資料，並不再更新。 / 该屋苑已出售成为私人物业。邻舍休憩用地面积为项目竣工时之资料，并不再更新。", "LAST_UPDATE": "03/2024", "OBJECTID_1": 240 }, "geometry": { "type": "Point", "coordinates": [ 114.2332, 22.2689 ] } },
{ "type": "Feature", "properties": { "ADDRESS_ENGNM": "Eastern", "ADDRESS_CHTNM": "東區 / 东区", "BLDG_ENGNM": "Tung Chun Court", "BLDG_CHTNM": "東駿苑 / 东骏苑", "OS_STATUS": "Exist", "OS_STATUS_CHTNM": "現存 / 现存", "OS_TYPE": "Ancillary", "OS_TYPE_CHTNM": "附屬休憩用地 / 附属休憩用地", "BEACH": "No", "BEACH_CHTNM": "否 / 否", "AMENITY_AREA": "No", "AMENITY_AREA_CHTNM": "否 / 否", "INDOOR_FACILITIES": "No", "INDOOR_FACILITIES_CHTNM": "否 / 否", "OS_AREA": "8100", "OS_AREA_CHTNM": "8100", "REMARK": "The court has been sold and becomes private property. The LOS area is based on the information as at completion of the development and will not be further updated.", "REMARK_CHTNM": "該屋苑已出售成為私人物業。鄰舍休憩用地面積為項目竣工時之資料，並不再更新。 / 该屋苑已出售成为私人物业。邻舍休憩用地面积为项目竣工时之资料，并不再更新。", "LAST_UPDATE": "03/2024", "OBJECTID_1": 241 }, "geometry": { "type": "Point", "coordinates": [ 114.2228, 22.2771 ] } },
{ "type": "Feature", "properties": { "ADDRESS_ENGNM": "Eastern", "ADDRESS_CHTNM": "東區 / 东区", "BLDG_ENGNM": "Tung Hei Court", "BLDG_CHTNM": "東熹苑 / 东熹苑", "OS_STATUS": "Exist", "OS_STATUS_CHTNM": "現存 / 现存", "OS_TYPE": "Ancillary", "OS_TYPE_CHTNM": "附屬休憩用地 / 附属休憩用地", "BEACH": "No", "BEACH_CHTNM": "否 / 否", "AMENITY_AREA": "No", "AMENITY_AREA_CHTNM": "否 / 否", "INDOOR_FACILITIES": "No", "INDOOR_FACILITIES_CHTNM": "否 / 否", "OS_AREA": "16100", "OS_AREA_CHTNM": "16100", "REMARK": "The court has been sold and becomes private property. The LOS area is based on the information as at completion of the development and will not be further updated.", "REMARK_CHTNM": "該屋苑已出售成為私人物業。鄰舍休憩用地面積為項目竣工時之資料，並不再更新。 / 该屋苑已出售成为私人物业。邻舍休憩用地面积为项目竣工时之资料，并不再更新。", "LAST_UPDATE": "03/2024", "OBJECTID_1": 242 }, "geometry": { "type": "Point", "coordinates": [ 114.2191, 22.2807 ] } },
{ "type": "Feature", "properties": { "ADDRESS_ENGNM": "Eastern", "ADDRESS_CHTNM": "東區 / 东区", "BLDG_ENGNM": "Tung Lam Court", "BLDG_CHTNM": "東霖苑 / 东霖苑", "OS_STATUS": "Exist", "OS_STATUS_CHTNM": "現存 / 现存", "OS_TYPE": "Ancillary", "OS_TYPE_CHTNM": "附屬休憩用地 / 附属休憩用地", "BEACH": "No", "BEACH_CHTNM": "否 / 否", "AMENITY_AREA": "No", "AMENITY_AREA_CHTNM": "否 / 否", "INDOOR_FACILITIES": "No", "INDOOR_FACILITIES_CHTNM": "否 / 否", "OS_AREA": "2200", "OS_AREA_CHTNM": "2200", "REMARK": "The court has been sold and becomes private property. The LOS area is based on the information as at completion of the development and will not be further updated.", "REMARK_CHTNM": "該屋苑已出售成為私人物業。鄰舍休憩用地面積為項目竣工時之資料，並不再更新。 / 该屋苑已出售成为私人物业。邻舍休憩用地面积为项目竣工时之资料，并不再更新。", "LAST_UPDATE": "03/2024", "OBJECTID_1": 243 }, "geometry": { "type": "Point", "coordinates": [ 114.2205, 22.2803 ] } },
{ "type": "Feature", "properties": { "ADDRESS_ENGNM": "Eastern", "ADDRESS_CHTNM": "東區 / 东区", "BLDG_ENGNM": "Tung Shing Court", "BLDG_CHTNM": "東盛苑 / 东盛苑", "OS_STATUS": "Exist", "OS_STATUS_CHTNM": "現存 / 现存", "OS_TYPE": "Ancillary", "OS_TYPE_CHTNM": "附屬休憩用地 / 附属休憩用地", "BEACH": "No", "BEACH_CHTNM": "否 / 否", "AMENITY_AREA": "No", "AMENITY_AREA_CHTNM": "否 / 否", "INDOOR_FACILITIES": "No", "INDOOR_FACILITIES_CHTNM": "否 / 否", "OS_AREA": "1200", "OS_AREA_CHTNM": "1200", "REMARK": "The court has been sold and becomes private property. The LOS area is based on the information as at completion of the development and will not be further updated.", "REMARK_CHTNM": "該屋苑已出售成為私人物業。鄰舍休憩用地面積為項目竣工時之資料，並不再更新。 / 该屋苑已出售成为私人物业。邻舍休憩用地面积为项目竣工时之资料，并不再更新。", "LAST_UPDATE": "03/2024", "OBJECTID_1": 244 }, "geometry": { "type": "Point", "coordinates": [ 114.2264, 22.2763 ] } },
{ "type": "Feature", "properties": { "ADDRESS_ENGNM": "Eastern", "ADDRESS_CHTNM": "東區 / 东区", "BLDG_ENGNM": "Tung Tao Court", "BLDG_CHTNM": "東濤苑 / 东涛苑", "OS_STATUS": "Exist", "OS_STATUS_CHTNM": "現存 / 现存", "OS_TYPE": "Ancillary", "OS_TYPE_CHTNM": "附屬休憩用地 / 附属休憩用地", "BEACH": "No", "BEACH_CHTNM": "否 / 否", "AMENITY_AREA": "No", "AMENITY_AREA_CHTNM": "否 / 否", "INDOOR_FACILITIES": "No", "INDOOR_FACILITIES_CHTNM": "否 / 否", "OS_AREA": "5900", "OS_AREA_CHTNM": "5900", "REMARK": "The court has been sold and becomes private property. The LOS area is based on the information as at completion of the development and will not be further updated.", "REMARK_CHTNM": "該屋苑已出售成為私人物業。鄰舍休憩用地面積為項目竣工時之資料，並不再更新。 / 该屋苑已出售成为私人物业。邻舍休憩用地面积为项目竣工时之资料，并不再更新。", "LAST_UPDATE": "03/2024", "OBJECTID_1": 245 }, "geometry": { "type": "Point", "coordinates": [ 114.2251, 22.2817 ] } },
{ "type": "Feature", "properties": { "ADDRESS_ENGNM": "Eastern", "ADDRESS_CHTNM": "東區 / 东区", "BLDG_ENGNM": "Tung Yan Court", "BLDG_CHTNM": "東欣苑 / 东欣苑", "OS_STATUS": "Exist", "OS_STATUS_CHTNM": "現存 / 现存", "OS_TYPE": "Ancillary", "OS_TYPE_CHTNM": "附屬休憩用地 / 附属休憩用地", "BEACH": "No", "BEACH_CHTNM": "否 / 否", "AMENITY_AREA": "No", "AMENITY_AREA_CHTNM": "否 / 否", "INDOOR_FACILITIES": "No", "INDOOR_FACILITIES_CHTNM": "否 / 否", "OS_AREA": "3100", "OS_AREA_CHTNM": "3100", "REMARK": "The court has been sold and becomes private property. The LOS area is based on the information as at completion of the development and will not be further updated.", "REMARK_CHTNM": "該屋苑已出售成為私人物業。鄰舍休憩用地面積為項目竣工時之資料，並不再更新。 / 该屋苑已出售成为私人物业。邻舍休憩用地面积为项目竣工时之资料，并不再更新。", "LAST_UPDATE": "03/2024", "OBJECTID_1": 246 }, "geometry": { "type": "Point", "coordinates": [ 114.222, 22.2808 ] } },
{ "type": "Feature", "properties": { "ADDRESS_ENGNM": "Eastern", "ADDRESS_CHTNM": "東區 / 东区", "BLDG_ENGNM": "Tung Yuk Court", "BLDG_CHTNM": "東旭苑 / 东旭苑", "OS_STATUS": "Exist", "OS_STATUS_CHTNM": "現存 / 现存", "OS_TYPE": "Ancillary", "OS_TYPE_CHTNM": "附屬休憩用地 / 附属休憩用地", "BEACH": "No", "BEACH_CHTNM": "否 / 否", "AMENITY_AREA": "No", "AMENITY_AREA_CHTNM": "否 / 否", "INDOOR_FACILITIES": "No", "INDOOR_FACILITIES_CHTNM": "否 / 否", "OS_AREA": "8900", "OS_AREA_CHTNM": "8900", "REMARK": "The court has been sold and becomes private property. The LOS area is based on the information as at completion of the development and will not be further updated.", "REMARK_CHTNM": "該屋苑已出售成為私人物業。鄰舍休憩用地面積為項目竣工時之資料，並不再更新。 / 该屋苑已出售成为私人物业。邻舍休憩用地面积为项目竣工时之资料，并不再更新。", "LAST_UPDATE": "03/2024", "OBJECTID_1": 247 }, "geometry": { "type": "Point", "coordinates": [ 114.2267, 22.2823 ] } },
{ "type": "Feature", "properties": { "ADDRESS_ENGNM": "Eastern", "ADDRESS_CHTNM": "東區 / 东区", "BLDG_ENGNM": "Walton Estate", "BLDG_CHTNM": "宏德居 / 宏德居", "OS_STATUS": "Exist", "OS_STATUS_CHTNM": "現存 / 现存", "OS_TYPE": "Ancillary", "OS_TYPE_CHTNM": "附屬休憩用地 / 附属休憩用地", "BEACH": "No", "BEACH_CHTNM": "否 / 否", "AMENITY_AREA": "No", "AMENITY_AREA_CHTNM": "否 / 否", "INDOOR_FACILITIES": "No", "INDOOR_FACILITIES_CHTNM": "否 / 否", "OS_AREA": "1100", "OS_AREA_CHTNM": "1100", "REMARK": "The court has been sold and becomes private property. The LOS area is based on the information as at completion of the development and will not be further updated.", "REMARK_CHTNM": "該屋苑已出售成為私人物業。鄰舍休憩用地面積為項目竣工時之資料，並不再更新。 / 该屋苑已出售成为私人物业。邻舍休憩用地面积为项目竣工时之资料，并不再更新。", "LAST_UPDATE": "03/2024", "OBJECTID_1": 248 }, "geometry": { "type": "Point", "coordinates": [ 114.2399, 22.2641 ] } },
{ "type": "Feature", "properties": { "ADDRESS_ENGNM": "Eastern", "ADDRESS_CHTNM": "東區 / 东区", "BLDG_ENGNM": "Yan Tsui Court", "BLDG_CHTNM": "茵翠苑 / 茵翠苑", "OS_STATUS": "Exist", "OS_STATUS_CHTNM": "現存 / 现存", "OS_TYPE": "Ancillary", "OS_TYPE_CHTNM": "附屬休憩用地 / 附属休憩用地", "BEACH": "No", "BEACH_CHTNM": "否 / 否", "AMENITY_AREA": "No", "AMENITY_AREA_CHTNM": "否 / 否", "INDOOR_FACILITIES": "No", "INDOOR_FACILITIES_CHTNM": "否 / 否", "OS_AREA": "1110", "OS_AREA_CHTNM": "1110", "REMARK": "The court has been sold and becomes private property. The LOS area is based on the information as at completion of the development and will not be further updated.", "REMARK_CHTNM": "該屋苑已出售成為私人物業。鄰舍休憩用地面積為項目竣工時之資料，並不再更新。 / 该屋苑已出售成为私人物业。邻舍休憩用地面积为项目竣工时之资料，并不再更新。", "LAST_UPDATE": "03/2024", "OBJECTID_1": 249 }, "geometry": { "type": "Point", "coordinates": [ 114.2378, 22.2611 ] } },
{ "type": "Feature", "properties": { "ADDRESS_ENGNM": "Eastern", "ADDRESS_CHTNM": "東區 / 东区", "BLDG_ENGNM": "Yee Tsui Court", "BLDG_CHTNM": "怡翠苑 / 怡翠苑", "OS_STATUS": "Exist", "OS_STATUS_CHTNM": "現存 / 现存", "OS_TYPE": "Ancillary", "OS_TYPE_CHTNM": "附屬休憩用地 / 附属休憩用地", "BEACH": "No", "BEACH_CHTNM": "否 / 否", "AMENITY_AREA": "No", "AMENITY_AREA_CHTNM": "否 / 否", "INDOOR_FACILITIES": "No", "INDOOR_FACILITIES_CHTNM": "否 / 否", "OS_AREA": "2300", "OS_AREA_CHTNM": "2300", "REMARK": "The court has been sold and becomes private property. The LOS area is based on the information as at completion of the development and will not be further updated.", "REMARK_CHTNM": "該屋苑已出售成為私人物業。鄰舍休憩用地面積為項目竣工時之資料，並不再更新。 / 该屋苑已出售成为私人物业。邻舍休憩用地面积为项目竣工时之资料，并不再更新。", "LAST_UPDATE": "03/2024", "OBJECTID_1": 250 }, "geometry": { "type": "Point", "coordinates": [ 114.2385, 22.2646 ] } },
{ "type": "Feature", "properties": { "ADDRESS_ENGNM": "Eastern", "ADDRESS_CHTNM": "東區 / 东区", "BLDG_ENGNM": "Yuet Chui Court", "BLDG_CHTNM": "悅翠苑 / 悦翠苑", "OS_STATUS": "Exist", "OS_STATUS_CHTNM": "現存 / 现存", "OS_TYPE": "Ancillary", "OS_TYPE_CHTNM": "附屬休憩用地 / 附属休憩用地", "BEACH": "No", "BEACH_CHTNM": "否 / 否", "AMENITY_AREA": "No", "AMENITY_AREA_CHTNM": "否 / 否", "INDOOR_FACILITIES": "No", "INDOOR_FACILITIES_CHTNM": "否 / 否", "OS_AREA": "1100", "OS_AREA_CHTNM": "1100", "REMARK": "The court has been sold and becomes private property. The LOS area is based on the information as at completion of the development and will not be further updated.", "REMARK_CHTNM": "該屋苑已出售成為私人物業。鄰舍休憩用地面積為項目竣工時之資料，並不再更新。 / 该屋苑已出售成为私人物业。邻舍休憩用地面积为项目竣工时之资料，并不再更新。", "LAST_UPDATE": "03/2024", "OBJECTID_1": 251 }, "geometry": { "type": "Point", "coordinates": [ 114.238, 22.2606 ] } },
{ "type": "Feature", "properties": { "ADDRESS_ENGNM": "Islands", "ADDRESS_CHTNM": "離島 / 离岛", "BLDG_ENGNM": "Lung Hin Court", "BLDG_CHTNM": "龍軒苑 / 龙轩苑", "OS_STATUS": "Exist", "OS_STATUS_CHTNM": "現存 / 现存", "OS_TYPE": "Ancillary", "OS_TYPE_CHTNM": "附屬休憩用地 / 附属休憩用地", "BEACH": "No", "BEACH_CHTNM": "否 / 否", "AMENITY_AREA": "No", "AMENITY_AREA_CHTNM": "否 / 否", "INDOOR_FACILITIES": "No", "INDOOR_FACILITIES_CHTNM": "否 / 否", "OS_AREA": "5500", "OS_AREA_CHTNM": "5500", "REMARK": "The court has been sold and becomes private property. The LOS area is based on the information as at completion of the development and will not be further updated.", "REMARK_CHTNM": "該屋苑已出售成為私人物業。鄰舍休憩用地面積為項目竣工時之資料，並不再更新。 / 该屋苑已出售成为私人物业。邻舍休憩用地面积为项目竣工时之资料，并不再更新。", "LAST_UPDATE": "03/2024", "OBJECTID_1": 252 }, "geometry": { "type": "Point", "coordinates": [ 113.8626, 22.253 ] } },
{ "type": "Feature", "properties": { "ADDRESS_ENGNM": "Islands", "ADDRESS_CHTNM": "離島 / 离岛", "BLDG_ENGNM": "Ngan Ho Court", "BLDG_CHTNM": "銀河苑 / 银河苑", "OS_STATUS": "Exist", "OS_STATUS_CHTNM": "現存 / 现存", "OS_TYPE": "Ancillary", "OS_TYPE_CHTNM": "附屬休憩用地 / 附属休憩用地", "BEACH": "No", "BEACH_CHTNM": "否 / 否", "AMENITY_AREA": "No", "AMENITY_AREA_CHTNM": "否 / 否", "INDOOR_FACILITIES": "No", "INDOOR_FACILITIES_CHTNM": "否 / 否", "OS_AREA": "1540", "OS_AREA_CHTNM": "1540", "REMARK": "1) The court has been sold and becomes private property. The LOS area is based on the information as at completion of the development and will not be further updated. 2) The LOS area is the minimum area derived from the approved Planning Brief as at completion of the development.", "REMARK_CHTNM": "1) 該屋苑已出售成為私人物業。鄰舍休憩用地面積為項目竣工時之資料，並不再更新。 / 该屋苑已出售成为私人物业。邻舍休憩用地面积为项目竣工时之资料，并不再更新。2) 鄰舍休憩用地面積節錄自發展項目竣工時的核准規劃大綱內的最少面積。 / 邻舍休憩用地面积节录自发展项目竣工时的核准规划大纲内的最少面积。", "LAST_UPDATE": "03/2024", "OBJECTID_1": 253 }, "geometry": { "type": "Point", "coordinates": [ 113.9952, 22.2651 ] } },
{ "type": "Feature", "properties": { "ADDRESS_ENGNM": "Islands", "ADDRESS_CHTNM": "離島 / 离岛", "BLDG_ENGNM": "Ngan Wai Court", "BLDG_CHTNM": "銀蔚苑 / 银蔚苑", "OS_STATUS": "Exist", "OS_STATUS_CHTNM": "現存 / 现存", "OS_TYPE": "Ancillary", "OS_TYPE_CHTNM": "附屬休憩用地 / 附属休憩用地", "BEACH": "No", "BEACH_CHTNM": "否 / 否", "AMENITY_AREA": "No", "AMENITY_AREA_CHTNM": "否 / 否", "INDOOR_FACILITIES": "No", "INDOOR_FACILITIES_CHTNM": "否 / 否", "OS_AREA": "560", "OS_AREA_CHTNM": "560", "REMARK": "1) The court has been sold and becomes private property. The LOS area is based on the information as at completion of the development and will not be further updated. 2) The LOS area is the minimum area derived from the approved Planning Brief as at completion of the development.", "REMARK_CHTNM": "1) 該屋苑已出售成為私人物業。鄰舍休憩用地面積為項目竣工時之資料，並不再更新。 / 该屋苑已出售成为私人物业。邻舍休憩用地面积为项目竣工时之资料，并不再更新。2) 鄰舍休憩用地面積節錄自發展項目竣工時的核准規劃大綱內的最少面積。 / 邻舍休憩用地面积节录自发展项目竣工时的核准规划大纲内的最少面积。", "LAST_UPDATE": "03/2024", "OBJECTID_1": 254 }, "geometry": { "type": "Point", "coordinates": [ 113.998, 22.2656 ] } },
{ "type": "Feature", "properties": { "ADDRESS_ENGNM": "Islands", "ADDRESS_CHTNM": "離島 / 离岛", "BLDG_ENGNM": "Peng Lai Court", "BLDG_CHTNM": "坪麗苑 / 坪丽苑", "OS_STATUS": "Exist", "OS_STATUS_CHTNM": "現存 / 现存", "OS_TYPE": "Ancillary", "OS_TYPE_CHTNM": "附屬休憩用地 / 附属休憩用地", "BEACH": "No", "BEACH_CHTNM": "否 / 否", "AMENITY_AREA": "No", "AMENITY_AREA_CHTNM": "否 / 否", "INDOOR_FACILITIES": "No", "INDOOR_FACILITIES_CHTNM": "否 / 否", "OS_AREA": "3900", "OS_AREA_CHTNM": "3900", "REMARK": "The court has been sold and becomes private property. The LOS area is based on the information as at completion of the development and will not be further updated.", "REMARK_CHTNM": "該屋苑已出售成為私人物業。鄰舍休憩用地面積為項目竣工時之資料，並不再更新。 / 该屋苑已出售成为私人物业。邻舍休憩用地面积为项目竣工时之资料，并不再更新。", "LAST_UPDATE": "03/2024", "OBJECTID_1": 255 }, "geometry": { "type": "Point", "coordinates": [ 114.0368, 22.2864 ] } },
{ "type": "Feature", "properties": { "ADDRESS_ENGNM": "Islands", "ADDRESS_CHTNM": "離島 / 离岛", "BLDG_ENGNM": "Yu Nga Court", "BLDG_CHTNM": "裕雅苑 / 裕雅苑", "OS_STATUS": "Exist", "OS_STATUS_CHTNM": "現存 / 现存", "OS_TYPE": "Ancillary", "OS_TYPE_CHTNM": "附屬休憩用地 / 附属休憩用地", "BEACH": "No", "BEACH_CHTNM": "否 / 否", "AMENITY_AREA": "No", "AMENITY_AREA_CHTNM": "否 / 否", "INDOOR_FACILITIES": "No", "INDOOR_FACILITIES_CHTNM": "否 / 否", "OS_AREA": "10200", "OS_AREA_CHTNM": "10200", "REMARK": "1) The court has been sold and becomes private property. The LOS area is based on the information as at completion of the development and will not be further updated. 2) The LOS area is the minimum area derived from the approved Planning Brief as at completion of the development.", "REMARK_CHTNM": "1) 該屋苑已出售成為私人物業。鄰舍休憩用地面積為項目竣工時之資料，並不再更新。 / 该屋苑已出售成为私人物业。邻舍休憩用地面积为项目竣工时之资料，并不再更新。2) 鄰舍休憩用地面積節錄自發展項目竣工時的核准規劃大綱內的最少面積。 / 邻舍休憩用地面积节录自发展项目竣工时的核准规划大纲内的最少面积。", "LAST_UPDATE": "03/2024", "OBJECTID_1": 256 }, "geometry": { "type": "Point", "coordinates": [ 113.9476, 22.2958 ] } },
{ "type": "Feature", "properties": { "ADDRESS_ENGNM": "Islands", "ADDRESS_CHTNM": "離島 / 离岛", "BLDG_ENGNM": "Yu Tai Court", "BLDG_CHTNM": "裕泰苑 / 裕泰苑", "OS_STATUS": "Exist", "OS_STATUS_CHTNM": "現存 / 现存", "OS_TYPE": "Ancillary", "OS_TYPE_CHTNM": "附屬休憩用地 / 附属休憩用地", "BEACH": "No", "BEACH_CHTNM": "否 / 否", "AMENITY_AREA": "No", "AMENITY_AREA_CHTNM": "否 / 否", "INDOOR_FACILITIES": "No", "INDOOR_FACILITIES_CHTNM": "否 / 否", "OS_AREA": "3800", "OS_AREA_CHTNM": "3800", "REMARK": "1) The court has been sold and becomes private property. The LOS area is based on the information as at completion of the development and will not be further updated. 2) The LOS area is the minimum area derived from the approved Planning Brief as at completion of the development.", "REMARK_CHTNM": "1) 該屋苑已出售成為私人物業。鄰舍休憩用地面積為項目竣工時之資料，並不再更新。 / 该屋苑已出售成为私人物业。邻舍休憩用地面积为项目竣工时之资料，并不再更新。2) 鄰舍休憩用地面積節錄自發展項目竣工時的核准規劃大綱內的最少面積。 / 邻舍休憩用地面积节录自发展项目竣工时的核准规划大纲内的最少面积。", "LAST_UPDATE": "03/2024", "OBJECTID_1": 257 }, "geometry": { "type": "Point", "coordinates": [ 113.9405, 22.2807 ] } },
{ "type": "Feature", "properties": { "ADDRESS_ENGNM": "Islands", "ADDRESS_CHTNM": "離島 / 离岛", "BLDG_ENGNM": "Yu Tung Court", "BLDG_CHTNM": "裕東苑 / 裕东苑", "OS_STATUS": "Exist", "OS_STATUS_CHTNM": "現存 / 现存", "OS_TYPE": "Ancillary", "OS_TYPE_CHTNM": "附屬休憩用地 / 附属休憩用地", "BEACH": "No", "BEACH_CHTNM": "否 / 否", "AMENITY_AREA": "No", "AMENITY_AREA_CHTNM": "否 / 否", "INDOOR_FACILITIES": "No", "INDOOR_FACILITIES_CHTNM": "否 / 否", "OS_AREA": "12600", "OS_AREA_CHTNM": "12600", "REMARK": "The court has been sold and becomes private property. The LOS area is based on the information as at completion of the development and will not be further updated.", "REMARK_CHTNM": "該屋苑已出售成為私人物業。鄰舍休憩用地面積為項目竣工時之資料，並不再更新。 / 该屋苑已出售成为私人物业。邻舍休憩用地面积为项目竣工时之资料，并不再更新。", "LAST_UPDATE": "03/2024", "OBJECTID_1": 258 }, "geometry": { "type": "Point", "coordinates": [ 113.943, 22.2871 ] } },
{ "type": "Feature", "properties": { "ADDRESS_ENGNM": "Kowloon City", "ADDRESS_CHTNM": "九龍城 / 九龙城", "BLDG_ENGNM": "Chun Man Court", "BLDG_CHTNM": "俊民苑 / 俊民苑", "OS_STATUS": "Exist", "OS_STATUS_CHTNM": "現存 / 现存", "OS_TYPE": "Ancillary", "OS_TYPE_CHTNM": "附屬休憩用地 / 附属休憩用地", "BEACH": "No", "BEACH_CHTNM": "否 / 否", "AMENITY_AREA": "No", "AMENITY_AREA_CHTNM": "否 / 否", "INDOOR_FACILITIES": "No", "INDOOR_FACILITIES_CHTNM": "否 / 否", "OS_AREA": "9700", "OS_AREA_CHTNM": "9700", "REMARK": "The court has been sold and becomes private property. The LOS area is based on the information as at completion of the development and will not be further updated.", "REMARK_CHTNM": "該屋苑已出售成為私人物業。鄰舍休憩用地面積為項目竣工時之資料，並不再更新。 / 该屋苑已出售成为私人物业。邻舍休憩用地面积为项目竣工时之资料，并不再更新。", "LAST_UPDATE": "03/2024", "OBJECTID_1": 259 }, "geometry": { "type": "Point", "coordinates": [ 114.1798, 22.3151 ] } },
{ "type": "Feature", "properties": { "ADDRESS_ENGNM": "Kowloon City", "ADDRESS_CHTNM": "九龍城 / 九龙城", "BLDG_ENGNM": "Kai Long Court", "BLDG_CHTNM": "啟朗苑 / 启朗苑", "OS_STATUS": "Exist", "OS_STATUS_CHTNM": "現存 / 现存", "OS_TYPE": "Ancillary", "OS_TYPE_CHTNM": "附屬休憩用地 / 附属休憩用地", "BEACH": "No", "BEACH_CHTNM": "否 / 否", "AMENITY_AREA": "No", "AMENITY_AREA_CHTNM": "否 / 否", "INDOOR_FACILITIES": "No", "INDOOR_FACILITIES_CHTNM": "否 / 否", "OS_AREA": "2070", "OS_AREA_CHTNM": "2070", "REMARK": "1) The court has been sold and becomes private property. The LOS area is based on the information as at completion of the development and will not be further updated. 2) The LOS area is the minimum area derived from the approved Planning Brief as at completion of the development.", "REMARK_CHTNM": "1) 該屋苑已出售成為私人物業。鄰舍休憩用地面積為項目竣工時之資料，並不再更新。 / 该屋苑已出售成为私人物业。邻舍休憩用地面积为项目竣工时之资料，并不再更新。2) 鄰舍休憩用地面積節錄自發展項目竣工時的核准規劃大綱內的最少面積。 / 邻舍休憩用地面积节录自发展项目竣工时的核准规划大纲内的最少面积。", "LAST_UPDATE": "03/2024", "OBJECTID_1": 260 }, "geometry": { "type": "Point", "coordinates": [ 114.2011, 22.3304 ] } },
{ "type": "Feature", "properties": { "ADDRESS_ENGNM": "Kowloon City", "ADDRESS_CHTNM": "九龍城 / 九龙城", "BLDG_ENGNM": "Kwun Tak Court", "BLDG_CHTNM": "冠德苑 / 冠德苑", "OS_STATUS": "Exist", "OS_STATUS_CHTNM": "現存 / 现存", "OS_TYPE": "Ancillary", "OS_TYPE_CHTNM": "附屬休憩用地 / 附属休憩用地", "BEACH": "No", "BEACH_CHTNM": "否 / 否", "AMENITY_AREA": "No", "AMENITY_AREA_CHTNM": "否 / 否", "INDOOR_FACILITIES": "No", "INDOOR_FACILITIES_CHTNM": "否 / 否", "OS_AREA": "1900", "OS_AREA_CHTNM": "1900", "REMARK": "1) The court has been sold and becomes private property. The LOS area is based on the information as at completion of the development and will not be further updated. 2) The LOS area is the minimum area derived from the approved Planning Brief as at completion of the development.", "REMARK_CHTNM": "1) 該屋苑已出售成為私人物業。鄰舍休憩用地面積為項目竣工時之資料，並不再更新。 / 该屋苑已出售成为私人物业。邻舍休憩用地面积为项目竣工时之资料，并不再更新。2) 鄰舍休憩用地面積節錄自發展項目竣工時的核准規劃大綱內的最少面積。 / 邻舍休憩用地面积节录自发展项目竣工时的核准规划大纲内的最少面积。", "LAST_UPDATE": "03/2024", "OBJECTID_1": 261 }, "geometry": { "type": "Point", "coordinates": [ 114.1837, 22.3146 ] } },
{ "type": "Feature", "properties": { "ADDRESS_ENGNM": "Kwai Tsing", "ADDRESS_CHTNM": "葵青 / 葵青", "BLDG_ENGNM": "Ching Chun Court", "BLDG_CHTNM": "青俊苑 / 青俊苑", "OS_STATUS": "Exist", "OS_STATUS_CHTNM": "現存 / 现存", "OS_TYPE": "Ancillary", "OS_TYPE_CHTNM": "附屬休憩用地 / 附属休憩用地", "BEACH": "No", "BEACH_CHTNM": "否 / 否", "AMENITY_AREA": "No", "AMENITY_AREA_CHTNM": "否 / 否", "INDOOR_FACILITIES": "No", "INDOOR_FACILITIES_CHTNM": "否 / 否", "OS_AREA": "1470", "OS_AREA_CHTNM": "1470", "REMARK": "1) The court has been sold and becomes private property. The LOS area is based on the information as at completion of the development and will not be further updated. 2) The LOS area is the minimum area derived from the approved Planning Brief as at completion of the development.", "REMARK_CHTNM": "1) 該屋苑已出售成為私人物業。鄰舍休憩用地面積為項目竣工時之資料，並不再更新。 / 该屋苑已出售成为私人物业。邻舍休憩用地面积为项目竣工时之资料，并不再更新。2) 鄰舍休憩用地面積節錄自發展項目竣工時的核准規劃大綱內的最少面積。 / 邻舍休憩用地面积节录自发展项目竣工时的核准规划大纲内的最少面积。", "LAST_UPDATE": "03/2024", "OBJECTID_1": 262 }, "geometry": { "type": "Point", "coordinates": [ 114.1089, 22.3464 ] } },
{ "type": "Feature", "properties": { "ADDRESS_ENGNM": "Kwai Tsing", "ADDRESS_CHTNM": "葵青 / 葵青", "BLDG_ENGNM": "Ching Fu Court", "BLDG_CHTNM": "青富苑 / 青富苑", "OS_STATUS": "Exist", "OS_STATUS_CHTNM": "現存 / 现存", "OS_TYPE": "Ancillary", "OS_TYPE_CHTNM": "附屬休憩用地 / 附属休憩用地", "BEACH": "No", "BEACH_CHTNM": "否 / 否", "AMENITY_AREA": "No", "AMENITY_AREA_CHTNM": "否 / 否", "INDOOR_FACILITIES": "No", "INDOOR_FACILITIES_CHTNM": "否 / 否", "OS_AREA": "6900", "OS_AREA_CHTNM": "6900", "REMARK": "1) The court has been sold and becomes private property. The LOS area is based on the information as at completion of the development and will not be further updated. 2) The LOS area is the minimum area derived from the approved Planning Brief as at completion of the development.", "REMARK_CHTNM": "1) 該屋苑已出售成為私人物業。鄰舍休憩用地面積為項目竣工時之資料，並不再更新。 / 该屋苑已出售成为私人物业。邻舍休憩用地面积为项目竣工时之资料，并不再更新。2) 鄰舍休憩用地面積節錄自發展項目竣工時的核准規劃大綱內的最少面積。 / 邻舍休憩用地面积节录自发展项目竣工时的核准规划大纲内的最少面积。", "LAST_UPDATE": "03/2024", "OBJECTID_1": 263 }, "geometry": { "type": "Point", "coordinates": [ 114.1076, 22.3422 ] } },
{ "type": "Feature", "properties": { "ADDRESS_ENGNM": "Kwai Tsing", "ADDRESS_CHTNM": "葵青 / 葵青", "BLDG_ENGNM": "Ching Nga Court", "BLDG_CHTNM": "青雅苑 / 青雅苑", "OS_STATUS": "Exist", "OS_STATUS_CHTNM": "現存 / 现存", "OS_TYPE": "Ancillary", "OS_TYPE_CHTNM": "附屬休憩用地 / 附属休憩用地", "BEACH": "No", "BEACH_CHTNM": "否 / 否", "AMENITY_AREA": "No", "AMENITY_AREA_CHTNM": "否 / 否", "INDOOR_FACILITIES": "No", "INDOOR_FACILITIES_CHTNM": "否 / 否", "OS_AREA": "2100", "OS_AREA_CHTNM": "2100", "REMARK": "The court has been sold and becomes private property. The LOS area is based on the information as at completion of the development and will not be further updated.", "REMARK_CHTNM": "該屋苑已出售成為私人物業。鄰舍休憩用地面積為項目竣工時之資料，並不再更新。 / 该屋苑已出售成为私人物业。邻舍休憩用地面积为项目竣工时之资料，并不再更新。", "LAST_UPDATE": "03/2024", "OBJECTID_1": 264 }, "geometry": { "type": "Point", "coordinates": [ 114.1046, 22.3627 ] } },
{ "type": "Feature", "properties": { "ADDRESS_ENGNM": "Kwai Tsing", "ADDRESS_CHTNM": "葵青 / 葵青", "BLDG_ENGNM": "Ching Shing Court", "BLDG_CHTNM": "青盛苑 / 青盛苑", "OS_STATUS": "Exist", "OS_STATUS_CHTNM": "現存 / 现存", "OS_TYPE": "Ancillary", "OS_TYPE_CHTNM": "附屬休憩用地 / 附属休憩用地", "BEACH": "No", "BEACH_CHTNM": "否 / 否", "AMENITY_AREA": "No", "AMENITY_AREA_CHTNM": "否 / 否", "INDOOR_FACILITIES": "No", "INDOOR_FACILITIES_CHTNM": "否 / 否", "OS_AREA": "3500", "OS_AREA_CHTNM": "3500", "REMARK": "The court has been sold and becomes private property. The LOS area is based on the information as at completion of the development and will not be further updated.", "REMARK_CHTNM": "該屋苑已出售成為私人物業。鄰舍休憩用地面積為項目竣工時之資料，並不再更新。 / 该屋苑已出售成为私人物业。邻舍休憩用地面积为项目竣工时之资料，并不再更新。", "LAST_UPDATE": "03/2024", "OBJECTID_1": 265 }, "geometry": { "type": "Point", "coordinates": [ 114.1025, 22.3497 ] } },
{ "type": "Feature", "properties": { "ADDRESS_ENGNM": "Kwai Tsing", "ADDRESS_CHTNM": "葵青 / 葵青", "BLDG_ENGNM": "Ching Tai Court", "BLDG_CHTNM": "青泰苑 / 青泰苑", "OS_STATUS": "Exist", "OS_STATUS_CHTNM": "現存 / 现存", "OS_TYPE": "Ancillary", "OS_TYPE_CHTNM": "附屬休憩用地 / 附属休憩用地", "BEACH": "No", "BEACH_CHTNM": "否 / 否", "AMENITY_AREA": "No", "AMENITY_AREA_CHTNM": "否 / 否", "INDOOR_FACILITIES": "No", "INDOOR_FACILITIES_CHTNM": "否 / 否", "OS_AREA": "16700", "OS_AREA_CHTNM": "16700", "REMARK": "The court has been sold and becomes private property. The LOS area is based on the information as at completion of the development and will not be further updated.", "REMARK_CHTNM": "該屋苑已出售成為私人物業。鄰舍休憩用地面積為項目竣工時之資料，並不再更新。 / 该屋苑已出售成为私人物业。邻舍休憩用地面积为项目竣工时之资料，并不再更新。", "LAST_UPDATE": "03/2024", "OBJECTID_1": 266 }, "geometry": { "type": "Point", "coordinates": [ 114.101, 22.3629 ] } },
{ "type": "Feature", "properties": { "ADDRESS_ENGNM": "Kwai Tsing", "ADDRESS_CHTNM": "葵青 / 葵青", "BLDG_ENGNM": "Ching Wah Court", "BLDG_CHTNM": "青華苑 / 青华苑", "OS_STATUS": "Exist", "OS_STATUS_CHTNM": "現存 / 现存", "OS_TYPE": "Ancillary", "OS_TYPE_CHTNM": "附屬休憩用地 / 附属休憩用地", "BEACH": "No", "BEACH_CHTNM": "否 / 否", "AMENITY_AREA": "No", "AMENITY_AREA_CHTNM": "否 / 否", "INDOOR_FACILITIES": "No", "INDOOR_FACILITIES_CHTNM": "否 / 否", "OS_AREA": "18500", "OS_AREA_CHTNM": "18500", "REMARK": "The court has been sold and becomes private property. The LOS area is based on the information as at completion of the development and will not be further updated.", "REMARK_CHTNM": "該屋苑已出售成為私人物業。鄰舍休憩用地面積為項目竣工時之資料，並不再更新。 / 该屋苑已出售成为私人物业。邻舍休憩用地面积为项目竣工时之资料，并不再更新。", "LAST_UPDATE": "03/2024", "OBJECTID_1": 267 }, "geometry": { "type": "Point", "coordinates": [ 114.1006, 22.3487 ] } },
{ "type": "Feature", "properties": { "ADDRESS_ENGNM": "Kwai Tsing", "ADDRESS_CHTNM": "葵青 / 葵青", "BLDG_ENGNM": "Ching Wang Court", "BLDG_CHTNM": "青宏苑 / 青宏苑", "OS_STATUS": "Exist", "OS_STATUS_CHTNM": "現存 / 现存", "OS_TYPE": "Ancillary", "OS_TYPE_CHTNM": "附屬休憩用地 / 附属休憩用地", "BEACH": "No", "BEACH_CHTNM": "否 / 否", "AMENITY_AREA": "No", "AMENITY_AREA_CHTNM": "否 / 否", "INDOOR_FACILITIES": "No", "INDOOR_FACILITIES_CHTNM": "否 / 否", "OS_AREA": "3000", "OS_AREA_CHTNM": "3000", "REMARK": "The court has been sold and becomes private property. The LOS area is based on the information as at completion of the development and will not be further updated.", "REMARK_CHTNM": "該屋苑已出售成為私人物業。鄰舍休憩用地面積為項目竣工時之資料，並不再更新。 / 该屋苑已出售成为私人物业。邻舍休憩用地面积为项目竣工时之资料，并不再更新。", "LAST_UPDATE": "03/2024", "OBJECTID_1": 268 }, "geometry": { "type": "Point", "coordinates": [ 114.1047, 22.3618 ] } },
{ "type": "Feature", "properties": { "ADDRESS_ENGNM": "Kwai Tsing", "ADDRESS_CHTNM": "葵青 / 葵青", "BLDG_ENGNM": "Kwai Chun Court", "BLDG_CHTNM": "葵俊苑 / 葵俊苑", "OS_STATUS": "Exist", "OS_STATUS_CHTNM": "現存 / 现存", "OS_TYPE": "Ancillary", "OS_TYPE_CHTNM": "附屬休憩用地 / 附属休憩用地", "BEACH": "No", "BEACH_CHTNM": "否 / 否", "AMENITY_AREA": "No", "AMENITY_AREA_CHTNM": "否 / 否", "INDOOR_FACILITIES": "No", "INDOOR_FACILITIES_CHTNM": "否 / 否", "OS_AREA": "4900", "OS_AREA_CHTNM": "4900", "REMARK": "The court has been sold and becomes private property. The LOS area is based on the information as at completion of the development and will not be further updated.", "REMARK_CHTNM": "該屋苑已出售成為私人物業。鄰舍休憩用地面積為項目竣工時之資料，並不再更新。 / 该屋苑已出售成为私人物业。邻舍休憩用地面积为项目竣工时之资料，并不再更新。", "LAST_UPDATE": "03/2024", "OBJECTID_1": 269 }, "geometry": { "type": "Point", "coordinates": [ 114.1319, 22.3645 ] } },
{ "type": "Feature", "properties": { "ADDRESS_ENGNM": "Kwai Tsing", "ADDRESS_CHTNM": "葵青 / 葵青", "BLDG_ENGNM": "Kwai Hong Court", "BLDG_CHTNM": "葵康苑 / 葵康苑", "OS_STATUS": "Exist", "OS_STATUS_CHTNM": "現存 / 现存", "OS_TYPE": "Ancillary", "OS_TYPE_CHTNM": "附屬休憩用地 / 附属休憩用地", "BEACH": "No", "BEACH_CHTNM": "否 / 否", "AMENITY_AREA": "No", "AMENITY_AREA_CHTNM": "否 / 否", "INDOOR_FACILITIES": "No", "INDOOR_FACILITIES_CHTNM": "否 / 否", "OS_AREA": "2700", "OS_AREA_CHTNM": "2700", "REMARK": "The court has been sold and becomes private property. The LOS area is based on the information as at completion of the development and will not be further updated.", "REMARK_CHTNM": "該屋苑已出售成為私人物業。鄰舍休憩用地面積為項目竣工時之資料，並不再更新。 / 该屋苑已出售成为私人物业。邻舍休憩用地面积为项目竣工时之资料，并不再更新。", "LAST_UPDATE": "03/2024", "OBJECTID_1": 270 }, "geometry": { "type": "Point", "coordinates": [ 114.1301, 22.3628 ] } },
{ "type": "Feature", "properties": { "ADDRESS_ENGNM": "Kwai Tsing", "ADDRESS_CHTNM": "葵青 / 葵青", "BLDG_ENGNM": "Kwai Yin Court", "BLDG_CHTNM": "葵賢苑 / 葵贤苑", "OS_STATUS": "Exist", "OS_STATUS_CHTNM": "現存 / 现存", "OS_TYPE": "Ancillary", "OS_TYPE_CHTNM": "附屬休憩用地 / 附属休憩用地", "BEACH": "No", "BEACH_CHTNM": "否 / 否", "AMENITY_AREA": "No", "AMENITY_AREA_CHTNM": "否 / 否", "INDOOR_FACILITIES": "No", "INDOOR_FACILITIES_CHTNM": "否 / 否", "OS_AREA": "3000", "OS_AREA_CHTNM": "3000", "REMARK": "The court has been sold and becomes private property. The LOS area is based on the information as at completion of the development and will not be further updated.", "REMARK_CHTNM": "該屋苑已出售成為私人物業。鄰舍休憩用地面積為項目竣工時之資料，並不再更新。 / 该屋苑已出售成为私人物业。邻舍休憩用地面积为项目竣工时之资料，并不再更新。", "LAST_UPDATE": "03/2024", "OBJECTID_1": 271 }, "geometry": { "type": "Point", "coordinates": [ 114.1258, 22.3696 ] } },
{ "type": "Feature", "properties": { "ADDRESS_ENGNM": "Kwai Tsing", "ADDRESS_CHTNM": "葵青 / 葵青", "BLDG_ENGNM": "Lai Yan Court", "BLDG_CHTNM": "荔欣苑 / 荔欣苑", "OS_STATUS": "Exist", "OS_STATUS_CHTNM": "現存 / 现存", "OS_TYPE": "Ancillary", "OS_TYPE_CHTNM": "附屬休憩用地 / 附属休憩用地", "BEACH": "No", "BEACH_CHTNM": "否 / 否", "AMENITY_AREA": "No", "AMENITY_AREA_CHTNM": "否 / 否", "INDOOR_FACILITIES": "No", "INDOOR_FACILITIES_CHTNM": "否 / 否", "OS_AREA": "7700", "OS_AREA_CHTNM": "7700", "REMARK": "The court has been sold and becomes private property. The LOS area is based on the information as at completion of the development and will not be further updated.", "REMARK_CHTNM": "該屋苑已出售成為私人物業。鄰舍休憩用地面積為項目竣工時之資料，並不再更新。 / 该屋苑已出售成为私人物业。邻舍休憩用地面积为项目竣工时之资料，并不再更新。", "LAST_UPDATE": "03/2024", "OBJECTID_1": 272 }, "geometry": { "type": "Point", "coordinates": [ 114.1367, 22.3431 ] } },
{ "type": "Feature", "properties": { "ADDRESS_ENGNM": "Kwai Tsing", "ADDRESS_CHTNM": "葵青 / 葵青", "BLDG_ENGNM": "Ning Fung Court", "BLDG_CHTNM": "寧峰苑 / 宁峰苑", "OS_STATUS": "Exist", "OS_STATUS_CHTNM": "現存 / 现存", "OS_TYPE": "Ancillary", "OS_TYPE_CHTNM": "附屬休憩用地 / 附属休憩用地", "BEACH": "No", "BEACH_CHTNM": "否 / 否", "AMENITY_AREA": "No", "AMENITY_AREA_CHTNM": "否 / 否", "INDOOR_FACILITIES": "No", "INDOOR_FACILITIES_CHTNM": "否 / 否", "OS_AREA": "7700", "OS_AREA_CHTNM": "7700", "REMARK": "The court has been sold and becomes private property. The LOS area is based on the information as at completion of the development and will not be further updated.", "REMARK_CHTNM": "該屋苑已出售成為私人物業。鄰舍休憩用地面積為項目竣工時之資料，並不再更新。 / 该屋苑已出售成为私人物业。邻舍休憩用地面积为项目竣工时之资料，并不再更新。", "LAST_UPDATE": "03/2024", "OBJECTID_1": 273 }, "geometry": { "type": "Point", "coordinates": [ 114.1381, 22.3723 ] } },
{ "type": "Feature", "properties": { "ADDRESS_ENGNM": "Kwai Tsing", "ADDRESS_CHTNM": "葵青 / 葵青", "BLDG_ENGNM": "Serene Garden", "BLDG_CHTNM": "海悅花園 / 海悦花园", "OS_STATUS": "Exist", "OS_STATUS_CHTNM": "現存 / 现存", "OS_TYPE": "Ancillary", "OS_TYPE_CHTNM": "附屬休憩用地 / 附属休憩用地", "BEACH": "No", "BEACH_CHTNM": "否 / 否", "AMENITY_AREA": "No", "AMENITY_AREA_CHTNM": "否 / 否", "INDOOR_FACILITIES": "No", "INDOOR_FACILITIES_CHTNM": "否 / 否", "OS_AREA": "3200", "OS_AREA_CHTNM": "3200", "REMARK": "The court has been sold and becomes private property. The LOS area is based on the information as at completion of the development and will not be further updated.", "REMARK_CHTNM": "該屋苑已出售成為私人物業。鄰舍休憩用地面積為項目竣工時之資料，並不再更新。 / 该屋苑已出售成为私人物业。邻舍休憩用地面积为项目竣工时之资料，并不再更新。", "LAST_UPDATE": "03/2024", "OBJECTID_1": 274 }, "geometry": { "type": "Point", "coordinates": [ 114.1076, 22.3532 ] } },
{ "type": "Feature", "properties": { "ADDRESS_ENGNM": "Kwai Tsing", "ADDRESS_CHTNM": "葵青 / 葵青", "BLDG_ENGNM": "Sheung Man Court", "BLDG_CHTNM": "尚文苑 / 尚文苑", "OS_STATUS": "Exist", "OS_STATUS_CHTNM": "現存 / 现存", "OS_TYPE": "Ancillary", "OS_TYPE_CHTNM": "附屬休憩用地 / 附属休憩用地", "BEACH": "No", "BEACH_CHTNM": "否 / 否", "AMENITY_AREA": "No", "AMENITY_AREA_CHTNM": "否 / 否", "INDOOR_FACILITIES": "No", "INDOOR_FACILITIES_CHTNM": "否 / 否", "OS_AREA": "1200", "OS_AREA_CHTNM": "1200", "REMARK": "1) The court has been sold and becomes private property. The LOS area is based on the information as at completion of the development and will not be further updated. 2) The LOS area is the minimum area derived from the approved Planning Brief as at completion of the development.", "REMARK_CHTNM": "1) 該屋苑已出售成為私人物業。鄰舍休憩用地面積為項目竣工時之資料，並不再更新。 / 该屋苑已出售成为私人物业。邻舍休憩用地面积为项目竣工时之资料，并不再更新。2) 鄰舍休憩用地面積節錄自發展項目竣工時的核准規劃大綱內的最少面積。 / 邻舍休憩用地面积节录自发展项目竣工时的核准规划大纲内的最少面积。", "LAST_UPDATE": "03/2024", "OBJECTID_1": 275 }, "geometry": { "type": "Point", "coordinates": [ 114.1224, 22.3678 ] } },
{ "type": "Feature", "properties": { "ADDRESS_ENGNM": "Kwai Tsing", "ADDRESS_CHTNM": "葵青 / 葵青", "BLDG_ENGNM": "Tsui Yiu Court", "BLDG_CHTNM": "翠瑤苑 / 翠瑶苑", "OS_STATUS": "Exist", "OS_STATUS_CHTNM": "現存 / 现存", "OS_TYPE": "Ancillary", "OS_TYPE_CHTNM": "附屬休憩用地 / 附属休憩用地", "BEACH": "No", "BEACH_CHTNM": "否 / 否", "AMENITY_AREA": "No", "AMENITY_AREA_CHTNM": "否 / 否", "INDOOR_FACILITIES": "No", "INDOOR_FACILITIES_CHTNM": "否 / 否", "OS_AREA": "3600", "OS_AREA_CHTNM": "3600", "REMARK": "The court has been sold and becomes private property. The LOS area is based on the information as at completion of the development and will not be further updated.", "REMARK_CHTNM": "該屋苑已出售成為私人物業。鄰舍休憩用地面積為項目竣工時之資料，並不再更新。 / 该屋苑已出售成为私人物业。邻舍休憩用地面积为项目竣工时之资料，并不再更新。", "LAST_UPDATE": "03/2024", "OBJECTID_1": 276 }, "geometry": { "type": "Point", "coordinates": [ 114.1317, 22.3507 ] } },
{ "type": "Feature", "properties": { "ADDRESS_ENGNM": "Kwai Tsing", "ADDRESS_CHTNM": "葵青 / 葵青", "BLDG_ENGNM": "Yi Fung Court", "BLDG_CHTNM": "怡峰苑 / 怡峰苑", "OS_STATUS": "Exist", "OS_STATUS_CHTNM": "現存 / 现存", "OS_TYPE": "Ancillary", "OS_TYPE_CHTNM": "附屬休憩用地 / 附属休憩用地", "BEACH": "No", "BEACH_CHTNM": "否 / 否", "AMENITY_AREA": "No", "AMENITY_AREA_CHTNM": "否 / 否", "INDOOR_FACILITIES": "No", "INDOOR_FACILITIES_CHTNM": "否 / 否", "OS_AREA": "1600", "OS_AREA_CHTNM": "1600", "REMARK": "The court has been sold and becomes private property. The LOS area is based on the information as at completion of the development and will not be further updated.", "REMARK_CHTNM": "該屋苑已出售成為私人物業。鄰舍休憩用地面積為項目竣工時之資料，並不再更新。 / 该屋苑已出售成为私人物业。邻舍休憩用地面积为项目竣工时之资料，并不再更新。", "LAST_UPDATE": "03/2024", "OBJECTID_1": 277 }, "geometry": { "type": "Point", "coordinates": [ 114.1389, 22.3618 ] } },
{ "type": "Feature", "properties": { "ADDRESS_ENGNM": "Kwai Tsing", "ADDRESS_CHTNM": "葵青 / 葵青", "BLDG_ENGNM": "Yin Lai Court", "BLDG_CHTNM": "賢麗苑 / 贤丽苑", "OS_STATUS": "Exist", "OS_STATUS_CHTNM": "現存 / 现存", "OS_TYPE": "Ancillary", "OS_TYPE_CHTNM": "附屬休憩用地 / 附属休憩用地", "BEACH": "No", "BEACH_CHTNM": "否 / 否", "AMENITY_AREA": "No", "AMENITY_AREA_CHTNM": "否 / 否", "INDOOR_FACILITIES": "No", "INDOOR_FACILITIES_CHTNM": "否 / 否", "OS_AREA": "2200", "OS_AREA_CHTNM": "2200", "REMARK": "The court has been sold and becomes private property. The LOS area is based on the information as at completion of the development and will not be further updated.", "REMARK_CHTNM": "該屋苑已出售成為私人物業。鄰舍休憩用地面積為項目竣工時之資料，並不再更新。 / 该屋苑已出售成为私人物业。邻舍休憩用地面积为项目竣工时之资料，并不再更新。", "LAST_UPDATE": "03/2024", "OBJECTID_1": 278 }, "geometry": { "type": "Point", "coordinates": [ 114.1266, 22.3489 ] } },
{ "type": "Feature", "properties": { "ADDRESS_ENGNM": "Kwai Tsing", "ADDRESS_CHTNM": "葵青 / 葵青", "BLDG_ENGNM": "Yuet Lai Court", "BLDG_CHTNM": "悅麗苑 / 悦丽苑", "OS_STATUS": "Exist", "OS_STATUS_CHTNM": "現存 / 现存", "OS_TYPE": "Ancillary", "OS_TYPE_CHTNM": "附屬休憩用地 / 附属休憩用地", "BEACH": "No", "BEACH_CHTNM": "否 / 否", "AMENITY_AREA": "No", "AMENITY_AREA_CHTNM": "否 / 否", "INDOOR_FACILITIES": "No", "INDOOR_FACILITIES_CHTNM": "否 / 否", "OS_AREA": "4000", "OS_AREA_CHTNM": "4000", "REMARK": "The court has been sold and becomes private property. The LOS area is based on the information as at completion of the development and will not be further updated.", "REMARK_CHTNM": "該屋苑已出售成為私人物業。鄰舍休憩用地面積為項目竣工時之資料，並不再更新。 / 该屋苑已出售成为私人物业。邻舍休憩用地面积为项目竣工时之资料，并不再更新。", "LAST_UPDATE": "03/2024", "OBJECTID_1": 279 }, "geometry": { "type": "Point", "coordinates": [ 114.1272, 22.3483 ] } },
{ "type": "Feature", "properties": { "ADDRESS_ENGNM": "Kwun Tong", "ADDRESS_CHTNM": "觀塘 / 观塘", "BLDG_ENGNM": "Cheung Wo Court", "BLDG_CHTNM": "祥和苑 / 祥和苑", "OS_STATUS": "Exist", "OS_STATUS_CHTNM": "現存 / 现存", "OS_TYPE": "Ancillary", "OS_TYPE_CHTNM": "附屬休憩用地 / 附属休憩用地", "BEACH": "No", "BEACH_CHTNM": "否 / 否", "AMENITY_AREA": "No", "AMENITY_AREA_CHTNM": "否 / 否", "INDOOR_FACILITIES": "No", "INDOOR_FACILITIES_CHTNM": "否 / 否", "OS_AREA": "5900", "OS_AREA_CHTNM": "5900", "REMARK": "The court has been sold and becomes private property. The LOS area is based on the information as at completion of the development and will not be further updated.", "REMARK_CHTNM": "該屋苑已出售成為私人物業。鄰舍休憩用地面積為項目竣工時之資料，並不再更新。 / 该屋苑已出售成为私人物业。邻舍休憩用地面积为项目竣工时之资料，并不再更新。", "LAST_UPDATE": "03/2024", "OBJECTID_1": 280 }, "geometry": { "type": "Point", "coordinates": [ 114.227, 22.3197 ] } },
{ "type": "Feature", "properties": { "ADDRESS_ENGNM": "Kwun Tong", "ADDRESS_CHTNM": "觀塘 / 观塘", "BLDG_ENGNM": "Choi Hing Court", "BLDG_CHTNM": "彩興苑 / 彩兴苑", "OS_STATUS": "Exist", "OS_STATUS_CHTNM": "現存 / 现存", "OS_TYPE": "Ancillary", "OS_TYPE_CHTNM": "附屬休憩用地 / 附属休憩用地", "BEACH": "No", "BEACH_CHTNM": "否 / 否", "AMENITY_AREA": "No", "AMENITY_AREA_CHTNM": "否 / 否", "INDOOR_FACILITIES": "No", "INDOOR_FACILITIES_CHTNM": "否 / 否", "OS_AREA": "4130", "OS_AREA_CHTNM": "4130", "REMARK": "1) The court has been sold and becomes private property. The LOS area is based on the information as at completion of the development and will not be further updated. 2) The LOS area is the minimum area derived from the approved Planning Brief as at completion of the development.", "REMARK_CHTNM": "1) 該屋苑已出售成為私人物業。鄰舍休憩用地面積為項目竣工時之資料，並不再更新。 / 该屋苑已出售成为私人物业。邻舍休憩用地面积为项目竣工时之资料，并不再更新。2) 鄰舍休憩用地面積節錄自發展項目竣工時的核准規劃大綱內的最少面積。 / 邻舍休憩用地面积节录自发展项目竣工时的核准规划大纲内的最少面积。", "LAST_UPDATE": "03/2024", "OBJECTID_1": 281 }, "geometry": { "type": "Point", "coordinates": [ 114.2135, 22.3316 ] } },
{ "type": "Feature", "properties": { "ADDRESS_ENGNM": "Kwun Tong", "ADDRESS_CHTNM": "觀塘 / 观塘", "BLDG_ENGNM": "Chun Wah Court", "BLDG_CHTNM": "振華苑 / 振华苑", "OS_STATUS": "Exist", "OS_STATUS_CHTNM": "現存 / 现存", "OS_TYPE": "Ancillary", "OS_TYPE_CHTNM": "附屬休憩用地 / 附属休憩用地", "BEACH": "No", "BEACH_CHTNM": "否 / 否", "AMENITY_AREA": "No", "AMENITY_AREA_CHTNM": "否 / 否", "INDOOR_FACILITIES": "No", "INDOOR_FACILITIES_CHTNM": "否 / 否", "OS_AREA": "630", "OS_AREA_CHTNM": "630", "REMARK": "The court has been sold and becomes private property. The LOS area is based on the information as at completion of the development and will not be further updated.", "REMARK_CHTNM": "該屋苑已出售成為私人物業。鄰舍休憩用地面積為項目竣工時之資料，並不再更新。 / 该屋苑已出售成为私人物业。邻舍休憩用地面积为项目竣工时之资料，并不再更新。", "LAST_UPDATE": "03/2024", "OBJECTID_1": 282 }, "geometry": { "type": "Point", "coordinates": [ 114.2177, 22.3227 ] } },
{ "type": "Feature", "properties": { "ADDRESS_ENGNM": "Kwun Tong", "ADDRESS_CHTNM": "觀塘 / 观塘", "BLDG_ENGNM": "Hiu Lai Court", "BLDG_CHTNM": "曉麗苑 / 晓丽苑", "OS_STATUS": "Exist", "OS_STATUS_CHTNM": "現存 / 现存", "OS_TYPE": "Ancillary", "OS_TYPE_CHTNM": "附屬休憩用地 / 附属休憩用地", "BEACH": "No", "BEACH_CHTNM": "否 / 否", "AMENITY_AREA": "No", "AMENITY_AREA_CHTNM": "否 / 否", "INDOOR_FACILITIES": "No", "INDOOR_FACILITIES_CHTNM": "否 / 否", "OS_AREA": "25400", "OS_AREA_CHTNM": "25400", "REMARK": "The court has been sold and becomes private property. The LOS area is based on the information as at completion of the development and will not be further updated.", "REMARK_CHTNM": "該屋苑已出售成為私人物業。鄰舍休憩用地面積為項目竣工時之資料，並不再更新。 / 该屋苑已出售成为私人物业。邻舍休憩用地面积为项目竣工时之资料，并不再更新。", "LAST_UPDATE": "03/2024", "OBJECTID_1": 283 }, "geometry": { "type": "Point", "coordinates": [ 114.2286, 22.3207 ] } },
{ "type": "Feature", "properties": { "ADDRESS_ENGNM": "Kwun Tong", "ADDRESS_CHTNM": "觀塘 / 观塘", "BLDG_ENGNM": "Hong Nga Court", "BLDG_CHTNM": "康雅苑 / 康雅苑", "OS_STATUS": "Exist", "OS_STATUS_CHTNM": "現存 / 现存", "OS_TYPE": "Ancillary", "OS_TYPE_CHTNM": "附屬休憩用地 / 附属休憩用地", "BEACH": "No", "BEACH_CHTNM": "否 / 否", "AMENITY_AREA": "No", "AMENITY_AREA_CHTNM": "否 / 否", "INDOOR_FACILITIES": "No", "INDOOR_FACILITIES_CHTNM": "否 / 否", "OS_AREA": "6400", "OS_AREA_CHTNM": "6400", "REMARK": "The court has been sold and becomes private property. The LOS area is based on the information as at completion of the development and will not be further updated.", "REMARK_CHTNM": "該屋苑已出售成為私人物業。鄰舍休憩用地面積為項目竣工時之資料，並不再更新。 / 该屋苑已出售成为私人物业。邻舍休憩用地面积为项目竣工时之资料，并不再更新。", "LAST_UPDATE": "03/2024", "OBJECTID_1": 284 }, "geometry": { "type": "Point", "coordinates": [ 114.2383, 22.3057 ] } },
{ "type": "Feature", "properties": { "ADDRESS_ENGNM": "Kwun Tong", "ADDRESS_CHTNM": "觀塘 / 观塘", "BLDG_ENGNM": "Hong Pak Court", "BLDG_CHTNM": "康柏苑 / 康柏苑", "OS_STATUS": "Exist", "OS_STATUS_CHTNM": "現存 / 现存", "OS_TYPE": "Ancillary", "OS_TYPE_CHTNM": "附屬休憩用地 / 附属休憩用地", "BEACH": "No", "BEACH_CHTNM": "否 / 否", "AMENITY_AREA": "No", "AMENITY_AREA_CHTNM": "否 / 否", "INDOOR_FACILITIES": "No", "INDOOR_FACILITIES_CHTNM": "否 / 否", "OS_AREA": "10300", "OS_AREA_CHTNM": "10300", "REMARK": "The court has been sold and becomes private property. The LOS area is based on the information as at completion of the development and will not be further updated.", "REMARK_CHTNM": "該屋苑已出售成為私人物業。鄰舍休憩用地面積為項目竣工時之資料，並不再更新。 / 该屋苑已出售成为私人物业。邻舍休憩用地面积为项目竣工时之资料，并不再更新。", "LAST_UPDATE": "03/2024", "OBJECTID_1": 285 }, "geometry": { "type": "Point", "coordinates": [ 114.2408, 22.3019 ] } },
{ "type": "Feature", "properties": { "ADDRESS_ENGNM": "Kwun Tong", "ADDRESS_CHTNM": "觀塘 / 观塘", "BLDG_ENGNM": "Hong Shui Court", "BLDG_CHTNM": "康瑞苑 / 康瑞苑", "OS_STATUS": "Exist", "OS_STATUS_CHTNM": "現存 / 现存", "OS_TYPE": "Ancillary", "OS_TYPE_CHTNM": "附屬休憩用地 / 附属休憩用地", "BEACH": "No", "BEACH_CHTNM": "否 / 否", "AMENITY_AREA": "No", "AMENITY_AREA_CHTNM": "否 / 否", "INDOOR_FACILITIES": "No", "INDOOR_FACILITIES_CHTNM": "否 / 否", "OS_AREA": "4000", "OS_AREA_CHTNM": "4000", "REMARK": "The court has been sold and becomes private property. The LOS area is based on the information as at completion of the development and will not be further updated.", "REMARK_CHTNM": "該屋苑已出售成為私人物業。鄰舍休憩用地面積為項目竣工時之資料，並不再更新。 / 该屋苑已出售成为私人物业。邻舍休憩用地面积为项目竣工时之资料，并不再更新。", "LAST_UPDATE": "03/2024", "OBJECTID_1": 286 }, "geometry": { "type": "Point", "coordinates": [ 114.2408, 22.3013 ] } },
{ "type": "Feature", "properties": { "ADDRESS_ENGNM": "Kwun Tong", "ADDRESS_CHTNM": "觀塘 / 观塘", "BLDG_ENGNM": "Hong Tin Court", "BLDG_CHTNM": "康田苑 / 康田苑", "OS_STATUS": "Exist", "OS_STATUS_CHTNM": "現存 / 现存", "OS_TYPE": "Ancillary", "OS_TYPE_CHTNM": "附屬休憩用地 / 附属休憩用地", "BEACH": "No", "BEACH_CHTNM": "否 / 否", "AMENITY_AREA": "No", "AMENITY_AREA_CHTNM": "否 / 否", "INDOOR_FACILITIES": "No", "INDOOR_FACILITIES_CHTNM": "否 / 否", "OS_AREA": "2400", "OS_AREA_CHTNM": "2400", "REMARK": "The court has been sold and becomes private property. The LOS area is based on the information as at completion of the development and will not be further updated.", "REMARK_CHTNM": "該屋苑已出售成為私人物業。鄰舍休憩用地面積為項目竣工時之資料，並不再更新。 / 该屋苑已出售成为私人物业。邻舍休憩用地面积为项目竣工时之资料，并不再更新。", "LAST_UPDATE": "03/2024", "OBJECTID_1": 287 }, "geometry": { "type": "Point", "coordinates": [ 114.2347, 22.3077 ] } },
{ "type": "Feature", "properties": { "ADDRESS_ENGNM": "Kwun Tong", "ADDRESS_CHTNM": "觀塘 / 观塘", "BLDG_ENGNM": "Hong Wah Court", "BLDG_CHTNM": "康華苑 / 康华苑", "OS_STATUS": "Exist", "OS_STATUS_CHTNM": "現存 / 现存", "OS_TYPE": "Ancillary", "OS_TYPE_CHTNM": "附屬休憩用地 / 附属休憩用地", "BEACH": "No", "BEACH_CHTNM": "否 / 否", "AMENITY_AREA": "No", "AMENITY_AREA_CHTNM": "否 / 否", "INDOOR_FACILITIES": "No", "INDOOR_FACILITIES_CHTNM": "否 / 否", "OS_AREA": "7900", "OS_AREA_CHTNM": "7900", "REMARK": "The court has been sold and becomes private property. The LOS area is based on the information as at completion of the development and will not be further updated.", "REMARK_CHTNM": "該屋苑已出售成為私人物業。鄰舍休憩用地面積為項目竣工時之資料，並不再更新。 / 该屋苑已出售成为私人物业。邻舍休憩用地面积为项目竣工时之资料，并不再更新。", "LAST_UPDATE": "03/2024", "OBJECTID_1": 288 }, "geometry": { "type": "Point", "coordinates": [ 114.2399, 22.3139 ] } },
{ "type": "Feature", "properties": { "ADDRESS_ENGNM": "Kwun Tong", "ADDRESS_CHTNM": "觀塘 / 观塘", "BLDG_ENGNM": "Hong Yat Court", "BLDG_CHTNM": "康逸苑 / 康逸苑", "OS_STATUS": "Exist", "OS_STATUS_CHTNM": "現存 / 现存", "OS_TYPE": "Ancillary", "OS_TYPE_CHTNM": "附屬休憩用地 / 附属休憩用地", "BEACH": "No", "BEACH_CHTNM": "否 / 否", "AMENITY_AREA": "No", "AMENITY_AREA_CHTNM": "否 / 否", "INDOOR_FACILITIES": "No", "INDOOR_FACILITIES_CHTNM": "否 / 否", "OS_AREA": "9500", "OS_AREA_CHTNM": "9500", "REMARK": "The court has been sold and becomes private property. The LOS area is based on the information as at completion of the development and will not be further updated.", "REMARK_CHTNM": "該屋苑已出售成為私人物業。鄰舍休憩用地面積為項目竣工時之資料，並不再更新。 / 该屋苑已出售成为私人物业。邻舍休憩用地面积为项目竣工时之资料，并不再更新。", "LAST_UPDATE": "03/2024", "OBJECTID_1": 289 }, "geometry": { "type": "Point", "coordinates": [ 114.2346, 22.311 ] } },
{ "type": "Feature", "properties": { "ADDRESS_ENGNM": "Kwun Tong", "ADDRESS_CHTNM": "觀塘 / 观塘", "BLDG_ENGNM": "Hong Ying Court", "BLDG_CHTNM": "康盈苑 / 康盈苑", "OS_STATUS": "Exist", "OS_STATUS_CHTNM": "現存 / 现存", "OS_TYPE": "Ancillary", "OS_TYPE_CHTNM": "附屬休憩用地 / 附属休憩用地", "BEACH": "No", "BEACH_CHTNM": "否 / 否", "AMENITY_AREA": "No", "AMENITY_AREA_CHTNM": "否 / 否", "INDOOR_FACILITIES": "No", "INDOOR_FACILITIES_CHTNM": "否 / 否", "OS_AREA": "2040", "OS_AREA_CHTNM": "2040", "REMARK": "The court has been sold and becomes private property. The LOS area is based on the information as at completion of the development and will not be further updated.", "REMARK_CHTNM": "該屋苑已出售成為私人物業。鄰舍休憩用地面積為項目竣工時之資料，並不再更新。 / 该屋苑已出售成为私人物业。邻舍休憩用地面积为项目竣工时之资料，并不再更新。", "LAST_UPDATE": "03/2024", "OBJECTID_1": 290 }, "geometry": { "type": "Point", "coordinates": [ 114.2382, 22.3081 ] } },
{ "type": "Feature", "properties": { "ADDRESS_ENGNM": "Kwun Tong", "ADDRESS_CHTNM": "觀塘 / 观塘", "BLDG_ENGNM": "Kai Tai Court", "BLDG_CHTNM": "啟泰苑 / 启泰苑", "OS_STATUS": "Exist", "OS_STATUS_CHTNM": "現存 / 现存", "OS_TYPE": "Ancillary", "OS_TYPE_CHTNM": "附屬休憩用地 / 附属休憩用地", "BEACH": "No", "BEACH_CHTNM": "否 / 否", "AMENITY_AREA": "No", "AMENITY_AREA_CHTNM": "否 / 否", "INDOOR_FACILITIES": "No", "INDOOR_FACILITIES_CHTNM": "否 / 否", "OS_AREA": "5400", "OS_AREA_CHTNM": "5400", "REMARK": "The court has been sold and becomes private property. The LOS area is based on the information as at completion of the development and will not be further updated.", "REMARK_CHTNM": "該屋苑已出售成為私人物業。鄰舍休憩用地面積為項目竣工時之資料，並不再更新。 / 该屋苑已出售成为私人物业。邻舍休憩用地面积为项目竣工时之资料，并不再更新。", "LAST_UPDATE": "03/2024", "OBJECTID_1": 291 }, "geometry": { "type": "Point", "coordinates": [ 114.2107, 22.3283 ] } },
{ "type": "Feature", "properties": { "ADDRESS_ENGNM": "Kwun Tong", "ADDRESS_CHTNM": "觀塘 / 观塘", "BLDG_ENGNM": "Ko Chun Court", "BLDG_CHTNM": "高俊苑 / 高俊苑", "OS_STATUS": "Exist", "OS_STATUS_CHTNM": "現存 / 现存", "OS_TYPE": "Ancillary", "OS_TYPE_CHTNM": "附屬休憩用地 / 附属休憩用地", "BEACH": "No", "BEACH_CHTNM": "否 / 否", "AMENITY_AREA": "No", "AMENITY_AREA_CHTNM": "否 / 否", "INDOOR_FACILITIES": "No", "INDOOR_FACILITIES_CHTNM": "否 / 否", "OS_AREA": "13300", "OS_AREA_CHTNM": "13300", "REMARK": "The court has been sold and becomes private property. The LOS area is based on the information as at completion of the development and will not be further updated.", "REMARK_CHTNM": "該屋苑已出售成為私人物業。鄰舍休憩用地面積為項目竣工時之資料，並不再更新。 / 该屋苑已出售成为私人物业。邻舍休憩用地面积为项目竣工时之资料，并不再更新。", "LAST_UPDATE": "03/2024", "OBJECTID_1": 292 }, "geometry": { "type": "Point", "coordinates": [ 114.2421, 22.2991 ] } },
{ "type": "Feature", "properties": { "ADDRESS_ENGNM": "Kwun Tong", "ADDRESS_CHTNM": "觀塘 / 观塘", "BLDG_ENGNM": "Lei On Court", "BLDG_CHTNM": "鯉安苑 / 鲤安苑", "OS_STATUS": "Exist", "OS_STATUS_CHTNM": "現存 / 现存", "OS_TYPE": "Ancillary", "OS_TYPE_CHTNM": "附屬休憩用地 / 附属休憩用地", "BEACH": "No", "BEACH_CHTNM": "否 / 否", "AMENITY_AREA": "No", "AMENITY_AREA_CHTNM": "否 / 否", "INDOOR_FACILITIES": "No", "INDOOR_FACILITIES_CHTNM": "否 / 否", "OS_AREA": "8000", "OS_AREA_CHTNM": "8000", "REMARK": "The court has been sold and becomes private property. The LOS area is based on the information as at completion of the development and will not be further updated.", "REMARK_CHTNM": "該屋苑已出售成為私人物業。鄰舍休憩用地面積為項目竣工時之資料，並不再更新。 / 该屋苑已出售成为私人物业。邻舍休憩用地面积为项目竣工时之资料，并不再更新。", "LAST_UPDATE": "03/2024", "OBJECTID_1": 293 }, "geometry": { "type": "Point", "coordinates": [ 114.2326, 22.3084 ] } },
{ "type": "Feature", "properties": { "ADDRESS_ENGNM": "Kwun Tong", "ADDRESS_CHTNM": "觀塘 / 观塘", "BLDG_ENGNM": "Lok Nga Court", "BLDG_CHTNM": "樂雅苑 / 乐雅苑", "OS_STATUS": "Exist", "OS_STATUS_CHTNM": "現存 / 现存", "OS_TYPE": "Ancillary", "OS_TYPE_CHTNM": "附屬休憩用地 / 附属休憩用地", "BEACH": "No", "BEACH_CHTNM": "否 / 否", "AMENITY_AREA": "No", "AMENITY_AREA_CHTNM": "否 / 否", "INDOOR_FACILITIES": "No", "INDOOR_FACILITIES_CHTNM": "否 / 否", "OS_AREA": "5800", "OS_AREA_CHTNM": "5800", "REMARK": "The court has been sold and becomes private property. The LOS area is based on the information as at completion of the development and will not be further updated.", "REMARK_CHTNM": "該屋苑已出售成為私人物業。鄰舍休憩用地面積為項目竣工時之資料，並不再更新。 / 该屋苑已出售成为私人物业。邻舍休憩用地面积为项目竣工时之资料，并不再更新。", "LAST_UPDATE": "03/2024", "OBJECTID_1": 294 }, "geometry": { "type": "Point", "coordinates": [ 114.2197, 22.3231 ] } },
{ "type": "Feature", "properties": { "ADDRESS_ENGNM": "Kwun Tong", "ADDRESS_CHTNM": "觀塘 / 观塘", "BLDG_ENGNM": "On Kay Court", "BLDG_CHTNM": "安基苑 / 安基苑", "OS_STATUS": "Exist", "OS_STATUS_CHTNM": "現存 / 现存", "OS_TYPE": "Ancillary", "OS_TYPE_CHTNM": "附屬休憩用地 / 附属休憩用地", "BEACH": "No", "BEACH_CHTNM": "否 / 否", "AMENITY_AREA": "No", "AMENITY_AREA_CHTNM": "否 / 否", "INDOOR_FACILITIES": "No", "INDOOR_FACILITIES_CHTNM": "否 / 否", "OS_AREA": "3200", "OS_AREA_CHTNM": "3200", "REMARK": "The court has been sold and becomes private property. The LOS area is based on the information as at completion of the development and will not be further updated.", "REMARK_CHTNM": "該屋苑已出售成為私人物業。鄰舍休憩用地面積為項目竣工時之資料，並不再更新。 / 该屋苑已出售成为私人物业。邻舍休憩用地面积为项目竣工时之资料，并不再更新。", "LAST_UPDATE": "03/2024", "OBJECTID_1": 295 }, "geometry": { "type": "Point", "coordinates": [ 114.2175, 22.3222 ] } },
{ "type": "Feature", "properties": { "ADDRESS_ENGNM": "Kwun Tong", "ADDRESS_CHTNM": "觀塘 / 观塘", "BLDG_ENGNM": "Po Pui Court", "BLDG_CHTNM": "寶珮苑 / 宝佩苑", "OS_STATUS": "Exist", "OS_STATUS_CHTNM": "現存 / 现存", "OS_TYPE": "Ancillary", "OS_TYPE_CHTNM": "附屬休憩用地 / 附属休憩用地", "BEACH": "No", "BEACH_CHTNM": "否 / 否", "AMENITY_AREA": "No", "AMENITY_AREA_CHTNM": "否 / 否", "INDOOR_FACILITIES": "No", "INDOOR_FACILITIES_CHTNM": "否 / 否", "OS_AREA": "12300", "OS_AREA_CHTNM": "12300", "REMARK": "The court has been sold and becomes private property. The LOS area is based on the information as at completion of the development and will not be further updated.", "REMARK_CHTNM": "該屋苑已出售成為私人物業。鄰舍休憩用地面積為項目竣工時之資料，並不再更新。 / 该屋苑已出售成为私人物业。邻舍休憩用地面积为项目竣工时之资料，并不再更新。", "LAST_UPDATE": "03/2024", "OBJECTID_1": 296 }, "geometry": { "type": "Point", "coordinates": [ 114.2277, 22.3177 ] } },
{ "type": "Feature", "properties": { "ADDRESS_ENGNM": "Kwun Tong", "ADDRESS_CHTNM": "觀塘 / 观塘", "BLDG_ENGNM": "Richland Gardens", "BLDG_CHTNM": "麗晶花園 / 丽晶花园", "OS_STATUS": "Exist", "OS_STATUS_CHTNM": "現存 / 现存", "OS_TYPE": "Ancillary", "OS_TYPE_CHTNM": "附屬休憩用地 / 附属休憩用地", "BEACH": "No", "BEACH_CHTNM": "否 / 否", "AMENITY_AREA": "No", "AMENITY_AREA_CHTNM": "否 / 否", "INDOOR_FACILITIES": "No", "INDOOR_FACILITIES_CHTNM": "否 / 否", "OS_AREA": "16100", "OS_AREA_CHTNM": "16100", "REMARK": "The court has been sold and becomes private property. The LOS area is based on the information as at completion of the development and will not be further updated.", "REMARK_CHTNM": "該屋苑已出售成為私人物業。鄰舍休憩用地面積為項目竣工時之資料，並不再更新。 / 该屋苑已出售成为私人物业。邻舍休憩用地面积为项目竣工时之资料，并不再更新。", "LAST_UPDATE": "03/2024", "OBJECTID_1": 297 }, "geometry": { "type": "Point", "coordinates": [ 114.207, 22.3297 ] } },
{ "type": "Feature", "properties": { "ADDRESS_ENGNM": "Kwun Tong", "ADDRESS_CHTNM": "觀塘 / 观塘", "BLDG_ENGNM": "Shun Chi Court", "BLDG_CHTNM": "順緻苑 / 顺致苑", "OS_STATUS": "Exist", "OS_STATUS_CHTNM": "現存 / 现存", "OS_TYPE": "Ancillary", "OS_TYPE_CHTNM": "附屬休憩用地 / 附属休憩用地", "BEACH": "No", "BEACH_CHTNM": "否 / 否", "AMENITY_AREA": "No", "AMENITY_AREA_CHTNM": "否 / 否", "INDOOR_FACILITIES": "No", "INDOOR_FACILITIES_CHTNM": "否 / 否", "OS_AREA": "14300", "OS_AREA_CHTNM": "14300", "REMARK": "The court has been sold and becomes private property. The LOS area is based on the information as at completion of the development and will not be further updated.", "REMARK_CHTNM": "該屋苑已出售成為私人物業。鄰舍休憩用地面積為項目竣工時之資料，並不再更新。 / 该屋苑已出售成为私人物业。邻舍休憩用地面积为项目竣工时之资料，并不再更新。", "LAST_UPDATE": "03/2024", "OBJECTID_1": 298 }, "geometry": { "type": "Point", "coordinates": [ 114.2273, 22.332 ] } },
{ "type": "Feature", "properties": { "ADDRESS_ENGNM": "Kwun Tong", "ADDRESS_CHTNM": "觀塘 / 观塘", "BLDG_ENGNM": "Yau Chui Court", "BLDG_CHTNM": "油翠苑 / 油翠苑", "OS_STATUS": "Exist", "OS_STATUS_CHTNM": "現存 / 现存", "OS_TYPE": "Ancillary", "OS_TYPE_CHTNM": "附屬休憩用地 / 附属休憩用地", "BEACH": "No", "BEACH_CHTNM": "否 / 否", "AMENITY_AREA": "No", "AMENITY_AREA_CHTNM": "否 / 否", "INDOOR_FACILITIES": "No", "INDOOR_FACILITIES_CHTNM": "否 / 否", "OS_AREA": "2000", "OS_AREA_CHTNM": "2000", "REMARK": "The court has been sold and becomes private property. The LOS area is based on the information as at completion of the development and will not be further updated.", "REMARK_CHTNM": "該屋苑已出售成為私人物業。鄰舍休憩用地面積為項目竣工時之資料，並不再更新。 / 该屋苑已出售成为私人物业。邻舍休憩用地面积为项目竣工时之资料，并不再更新。", "LAST_UPDATE": "03/2024", "OBJECTID_1": 299 }, "geometry": { "type": "Point", "coordinates": [ 114.2381, 22.3003 ] } },
{ "type": "Feature", "properties": { "ADDRESS_ENGNM": "Kwun Tong", "ADDRESS_CHTNM": "觀塘 / 观塘", "BLDG_ENGNM": "Yau Tong Centre", "BLDG_CHTNM": "油塘中心 / 油塘中心", "OS_STATUS": "Exist", "OS_STATUS_CHTNM": "現存 / 现存", "OS_TYPE": "Ancillary", "OS_TYPE_CHTNM": "附屬休憩用地 / 附属休憩用地", "BEACH": "No", "BEACH_CHTNM": "否 / 否", "AMENITY_AREA": "No", "AMENITY_AREA_CHTNM": "否 / 否", "INDOOR_FACILITIES": "No", "INDOOR_FACILITIES_CHTNM": "否 / 否", "OS_AREA": "0", "OS_AREA_CHTNM": "0", "REMARK": "The court has been sold and becomes private property. The LOS area is based on the information as at completion of the development and will not be further updated.", "REMARK_CHTNM": "該屋苑已出售成為私人物業。鄰舍休憩用地面積為項目竣工時之資料，並不再更新。 / 该屋苑已出售成为私人物业。邻舍休憩用地面积为项目竣工时之资料，并不再更新。", "LAST_UPDATE": "03/2024", "OBJECTID_1": 300 }, "geometry": { "type": "Point", "coordinates": [ 114.2383, 22.2947 ] } },
{ "type": "Feature", "properties": { "ADDRESS_ENGNM": "North", "ADDRESS_CHTNM": "北區 / 北区", "BLDG_ENGNM": "Cheong Shing Court", "BLDG_CHTNM": "昌盛苑 / 昌盛苑", "OS_STATUS": "Exist", "OS_STATUS_CHTNM": "現存 / 现存", "OS_TYPE": "Ancillary", "OS_TYPE_CHTNM": "附屬休憩用地 / 附属休憩用地", "BEACH": "No", "BEACH_CHTNM": "否 / 否", "AMENITY_AREA": "No", "AMENITY_AREA_CHTNM": "否 / 否", "INDOOR_FACILITIES": "No", "INDOOR_FACILITIES_CHTNM": "否 / 否", "OS_AREA": "7900", "OS_AREA_CHTNM": "7900", "REMARK": "The court has been sold and becomes private property. The LOS area is based on the information as at completion of the development and will not be further updated.", "REMARK_CHTNM": "該屋苑已出售成為私人物業。鄰舍休憩用地面積為項目竣工時之資料，並不再更新。 / 该屋苑已出售成为私人物业。邻舍休憩用地面积为项目竣工时之资料，并不再更新。", "LAST_UPDATE": "03/2024", "OBJECTID_1": 301 }, "geometry": { "type": "Point", "coordinates": [ 114.1382, 22.4839 ] } },
{ "type": "Feature", "properties": { "ADDRESS_ENGNM": "North", "ADDRESS_CHTNM": "北區 / 北区", "BLDG_ENGNM": "Choi Po Court", "BLDG_CHTNM": "彩蒲苑 / 彩蒲苑", "OS_STATUS": "Exist", "OS_STATUS_CHTNM": "現存 / 现存", "OS_TYPE": "Ancillary", "OS_TYPE_CHTNM": "附屬休憩用地 / 附属休憩用地", "BEACH": "No", "BEACH_CHTNM": "否 / 否", "AMENITY_AREA": "No", "AMENITY_AREA_CHTNM": "否 / 否", "INDOOR_FACILITIES": "No", "INDOOR_FACILITIES_CHTNM": "否 / 否", "OS_AREA": "19700", "OS_AREA_CHTNM": "19700", "REMARK": "The court has been sold and becomes private property. The LOS area is based on the information as at completion of the development and will not be further updated.", "REMARK_CHTNM": "該屋苑已出售成為私人物業。鄰舍休憩用地面積為項目竣工時之資料，並不再更新。 / 该屋苑已出售成为私人物业。邻舍休憩用地面积为项目竣工时之资料，并不再更新。", "LAST_UPDATE": "03/2024", "OBJECTID_1": 302 }, "geometry": { "type": "Point", "coordinates": [ 114.1243, 22.5011 ] } },
{ "type": "Feature", "properties": { "ADDRESS_ENGNM": "North", "ADDRESS_CHTNM": "北區 / 北区", "BLDG_ENGNM": "Ka Shing Court", "BLDG_CHTNM": "嘉盛苑 / 嘉盛苑", "OS_STATUS": "Exist", "OS_STATUS_CHTNM": "現存 / 现存", "OS_TYPE": "Ancillary", "OS_TYPE_CHTNM": "附屬休憩用地 / 附属休憩用地", "BEACH": "No", "BEACH_CHTNM": "否 / 否", "AMENITY_AREA": "No", "AMENITY_AREA_CHTNM": "否 / 否", "INDOOR_FACILITIES": "No", "INDOOR_FACILITIES_CHTNM": "否 / 否", "OS_AREA": "11900", "OS_AREA_CHTNM": "11900", "REMARK": "The court has been sold and becomes private property. The LOS area is based on the information as at completion of the development and will not be further updated.", "REMARK_CHTNM": "該屋苑已出售成為私人物業。鄰舍休憩用地面積為項目竣工時之資料，並不再更新。 / 该屋苑已出售成为私人物业。邻舍休憩用地面积为项目竣工时之资料，并不再更新。", "LAST_UPDATE": "03/2024", "OBJECTID_1": 303 }, "geometry": { "type": "Point", "coordinates": [ 114.1341, 22.4938 ] } },
{ "type": "Feature", "properties": { "ADDRESS_ENGNM": "North", "ADDRESS_CHTNM": "北區 / 北区", "BLDG_ENGNM": "King Shing Court", "BLDG_CHTNM": "景盛苑 / 景盛苑", "OS_STATUS": "Exist", "OS_STATUS_CHTNM": "現存 / 现存", "OS_TYPE": "Ancillary", "OS_TYPE_CHTNM": "附屬休憩用地 / 附属休憩用地", "BEACH": "No", "BEACH_CHTNM": "否 / 否", "AMENITY_AREA": "No", "AMENITY_AREA_CHTNM": "否 / 否", "INDOOR_FACILITIES": "No", "INDOOR_FACILITIES_CHTNM": "否 / 否", "OS_AREA": "15300", "OS_AREA_CHTNM": "15300", "REMARK": "The court has been sold and becomes private property. The LOS area is based on the information as at completion of the development and will not be further updated.", "REMARK_CHTNM": "該屋苑已出售成為私人物業。鄰舍休憩用地面積為項目竣工時之資料，並不再更新。 / 该屋苑已出售成为私人物业。邻舍休憩用地面积为项目竣工时之资料，并不再更新。", "LAST_UPDATE": "03/2024", "OBJECTID_1": 304 }, "geometry": { "type": "Point", "coordinates": [ 114.1409, 22.4877 ] } },
{ "type": "Feature", "properties": { "ADDRESS_ENGNM": "North", "ADDRESS_CHTNM": "北區 / 北区", "BLDG_ENGNM": "On Shing Court", "BLDG_CHTNM": "安盛苑 / 安盛苑", "OS_STATUS": "Exist", "OS_STATUS_CHTNM": "現存 / 现存", "OS_TYPE": "Ancillary", "OS_TYPE_CHTNM": "附屬休憩用地 / 附属休憩用地", "BEACH": "No", "BEACH_CHTNM": "否 / 否", "AMENITY_AREA": "No", "AMENITY_AREA_CHTNM": "否 / 否", "INDOOR_FACILITIES": "No", "INDOOR_FACILITIES_CHTNM": "否 / 否", "OS_AREA": "2500", "OS_AREA_CHTNM": "2500", "REMARK": "The court has been sold and becomes private property. The LOS area is based on the information as at completion of the development and will not be further updated.", "REMARK_CHTNM": "該屋苑已出售成為私人物業。鄰舍休憩用地面積為項目竣工時之資料，並不再更新。 / 该屋苑已出售成为私人物业。邻舍休憩用地面积为项目竣工时之资料，并不再更新。", "LAST_UPDATE": "03/2024", "OBJECTID_1": 305 }, "geometry": { "type": "Point", "coordinates": [ 114.1352, 22.5022 ] } },
{ "type": "Feature", "properties": { "ADDRESS_ENGNM": "North", "ADDRESS_CHTNM": "北區 / 北区", "BLDG_ENGNM": "Shan Lai Court", "BLDG_CHTNM": "山麗苑 / 山丽苑", "OS_STATUS": "Exist", "OS_STATUS_CHTNM": "現存 / 现存", "OS_TYPE": "Ancillary", "OS_TYPE_CHTNM": "附屬休憩用地 / 附属休憩用地", "BEACH": "No", "BEACH_CHTNM": "否 / 否", "AMENITY_AREA": "No", "AMENITY_AREA_CHTNM": "否 / 否", "INDOOR_FACILITIES": "No", "INDOOR_FACILITIES_CHTNM": "否 / 否", "OS_AREA": "9800", "OS_AREA_CHTNM": "9800", "REMARK": "1) The court has been sold and becomes private property. The LOS area is based on the information as at completion of the development and will not be further updated. 2) The LOS area is the minimum area derived from the approved Planning Brief as at completion of the development.", "REMARK_CHTNM": "1) 該屋苑已出售成為私人物業。鄰舍休憩用地面積為項目竣工時之資料，並不再更新。 / 该屋苑已出售成为私人物业。邻舍休憩用地面积为项目竣工时之资料，并不再更新。2) 鄰舍休憩用地面積節錄自發展項目竣工時的核准規劃大綱內的最少面積。 / 邻舍休憩用地面积节录自发展项目竣工时的核准规划大纲内的最少面积。", "LAST_UPDATE": "03/2024", "OBJECTID_1": 306 }, "geometry": { "type": "Point", "coordinates": [ 114.1599, 22.5032 ] } },
{ "type": "Feature", "properties": { "ADDRESS_ENGNM": "North", "ADDRESS_CHTNM": "北區 / 北区", "BLDG_ENGNM": "Sunningdale Garden", "BLDG_CHTNM": "順欣花園 / 顺欣花园", "OS_STATUS": "Exist", "OS_STATUS_CHTNM": "現存 / 现存", "OS_TYPE": "Ancillary", "OS_TYPE_CHTNM": "附屬休憩用地 / 附属休憩用地", "BEACH": "No", "BEACH_CHTNM": "否 / 否", "AMENITY_AREA": "No", "AMENITY_AREA_CHTNM": "否 / 否", "INDOOR_FACILITIES": "No", "INDOOR_FACILITIES_CHTNM": "否 / 否", "OS_AREA": "2900", "OS_AREA_CHTNM": "2900", "REMARK": "The court has been sold and becomes private property. The LOS area is based on the information as at completion of the development and will not be further updated.", "REMARK_CHTNM": "該屋苑已出售成為私人物業。鄰舍休憩用地面積為項目竣工時之資料，並不再更新。 / 该屋苑已出售成为私人物业。邻舍休憩用地面积为项目竣工时之资料，并不再更新。", "LAST_UPDATE": "03/2024", "OBJECTID_1": 307 }, "geometry": { "type": "Point", "coordinates": [ 114.1321, 22.5016 ] } },
{ "type": "Feature", "properties": { "ADDRESS_ENGNM": "North", "ADDRESS_CHTNM": "北區 / 北区", "BLDG_ENGNM": "Tsui Lai Garden", "BLDG_CHTNM": "翠麗花園 / 翠丽花园", "OS_STATUS": "Exist", "OS_STATUS_CHTNM": "現存 / 现存", "OS_TYPE": "Ancillary", "OS_TYPE_CHTNM": "附屬休憩用地 / 附属休憩用地", "BEACH": "No", "BEACH_CHTNM": "否 / 否", "AMENITY_AREA": "No", "AMENITY_AREA_CHTNM": "否 / 否", "INDOOR_FACILITIES": "No", "INDOOR_FACILITIES_CHTNM": "否 / 否", "OS_AREA": "6800", "OS_AREA_CHTNM": "6800", "REMARK": "The court has been sold and becomes private property. The LOS area is based on the information as at completion of the development and will not be further updated.", "REMARK_CHTNM": "該屋苑已出售成為私人物業。鄰舍休憩用地面積為項目竣工時之資料，並不再更新。 / 该屋苑已出售成为私人物业。邻舍休憩用地面积为项目竣工时之资料，并不再更新。", "LAST_UPDATE": "03/2024", "OBJECTID_1": 308 }, "geometry": { "type": "Point", "coordinates": [ 114.1283, 22.5083 ] } },
{ "type": "Feature", "properties": { "ADDRESS_ENGNM": "North", "ADDRESS_CHTNM": "北區 / 北区", "BLDG_ENGNM": "Wing Fai Centre", "BLDG_CHTNM": "榮輝中心 / 荣辉中心", "OS_STATUS": "Exist", "OS_STATUS_CHTNM": "現存 / 现存", "OS_TYPE": "Ancillary", "OS_TYPE_CHTNM": "附屬休憩用地 / 附属休憩用地", "BEACH": "No", "BEACH_CHTNM": "否 / 否", "AMENITY_AREA": "No", "AMENITY_AREA_CHTNM": "否 / 否", "INDOOR_FACILITIES": "No", "INDOOR_FACILITIES_CHTNM": "否 / 否", "OS_AREA": "4000", "OS_AREA_CHTNM": "4000", "REMARK": "The court has been sold and becomes private property. The LOS area is based on the information as at completion of the development and will not be further updated.", "REMARK_CHTNM": "該屋苑已出售成為私人物業。鄰舍休憩用地面積為項目竣工時之資料，並不再更新。 / 该屋苑已出售成为私人物业。邻舍休憩用地面积为项目竣工时之资料，并不再更新。", "LAST_UPDATE": "03/2024", "OBJECTID_1": 309 }, "geometry": { "type": "Point", "coordinates": [ 114.1432, 22.5016 ] } },
{ "type": "Feature", "properties": { "ADDRESS_ENGNM": "North", "ADDRESS_CHTNM": "北區 / 北区", "BLDG_ENGNM": "Wing Fok Centre", "BLDG_CHTNM": "榮福中心 / 荣福中心", "OS_STATUS": "Exist", "OS_STATUS_CHTNM": "現存 / 现存", "OS_TYPE": "Ancillary", "OS_TYPE_CHTNM": "附屬休憩用地 / 附属休憩用地", "BEACH": "No", "BEACH_CHTNM": "否 / 否", "AMENITY_AREA": "No", "AMENITY_AREA_CHTNM": "否 / 否", "INDOOR_FACILITIES": "No", "INDOOR_FACILITIES_CHTNM": "否 / 否", "OS_AREA": "5500", "OS_AREA_CHTNM": "5500", "REMARK": "The court has been sold and becomes private property. The LOS area is based on the information as at completion of the development and will not be further updated.", "REMARK_CHTNM": "該屋苑已出售成為私人物業。鄰舍休憩用地面積為項目竣工時之資料，並不再更新。 / 该屋苑已出售成为私人物业。邻舍休憩用地面积为项目竣工时之资料，并不再更新。", "LAST_UPDATE": "03/2024", "OBJECTID_1": 310 }, "geometry": { "type": "Point", "coordinates": [ 114.1404, 22.5013 ] } },
{ "type": "Feature", "properties": { "ADDRESS_ENGNM": "North", "ADDRESS_CHTNM": "北區 / 北区", "BLDG_ENGNM": "Yan Shing Court", "BLDG_CHTNM": "欣盛苑 / 欣盛苑", "OS_STATUS": "Exist", "OS_STATUS_CHTNM": "現存 / 现存", "OS_TYPE": "Ancillary", "OS_TYPE_CHTNM": "附屬休憩用地 / 附属休憩用地", "BEACH": "No", "BEACH_CHTNM": "否 / 否", "AMENITY_AREA": "No", "AMENITY_AREA_CHTNM": "否 / 否", "INDOOR_FACILITIES": "No", "INDOOR_FACILITIES_CHTNM": "否 / 否", "OS_AREA": "16100", "OS_AREA_CHTNM": "16100", "REMARK": "The court has been sold and becomes private property. The LOS area is based on the information as at completion of the development and will not be further updated.", "REMARK_CHTNM": "該屋苑已出售成為私人物業。鄰舍休憩用地面積為項目竣工時之資料，並不再更新。 / 该屋苑已出售成为私人物业。邻舍休憩用地面积为项目竣工时之资料，并不再更新。", "LAST_UPDATE": "03/2024", "OBJECTID_1": 311 }, "geometry": { "type": "Point", "coordinates": [ 114.1392, 22.4872 ] } },
{ "type": "Feature", "properties": { "ADDRESS_ENGNM": "North", "ADDRESS_CHTNM": "北區 / 北区", "BLDG_ENGNM": "Yuk Po Court", "BLDG_CHTNM": "旭埔苑 / 旭埔苑", "OS_STATUS": "Exist", "OS_STATUS_CHTNM": "現存 / 现存", "OS_TYPE": "Ancillary", "OS_TYPE_CHTNM": "附屬休憩用地 / 附属休憩用地", "BEACH": "No", "BEACH_CHTNM": "否 / 否", "AMENITY_AREA": "No", "AMENITY_AREA_CHTNM": "否 / 否", "INDOOR_FACILITIES": "No", "INDOOR_FACILITIES_CHTNM": "否 / 否", "OS_AREA": "9100", "OS_AREA_CHTNM": "9100", "REMARK": "The court has been sold and becomes private property. The LOS area is based on the information as at completion of the development and will not be further updated.", "REMARK_CHTNM": "該屋苑已出售成為私人物業。鄰舍休憩用地面積為項目竣工時之資料，並不再更新。 / 该屋苑已出售成为私人物业。邻舍休憩用地面积为项目竣工时之资料，并不再更新。", "LAST_UPDATE": "03/2024", "OBJECTID_1": 312 }, "geometry": { "type": "Point", "coordinates": [ 114.1283, 22.4999 ] } },
{ "type": "Feature", "properties": { "ADDRESS_ENGNM": "North", "ADDRESS_CHTNM": "北區 / 北区", "BLDG_ENGNM": "Yung Shing Court", "BLDG_CHTNM": "雍盛苑 / 雍盛苑", "OS_STATUS": "Exist", "OS_STATUS_CHTNM": "現存 / 现存", "OS_TYPE": "Ancillary", "OS_TYPE_CHTNM": "附屬休憩用地 / 附属休憩用地", "BEACH": "No", "BEACH_CHTNM": "否 / 否", "AMENITY_AREA": "No", "AMENITY_AREA_CHTNM": "否 / 否", "INDOOR_FACILITIES": "No", "INDOOR_FACILITIES_CHTNM": "否 / 否", "OS_AREA": "18200", "OS_AREA_CHTNM": "18200", "REMARK": "The court has been sold and becomes private property. The LOS area is based on the information as at completion of the development and will not be further updated.", "REMARK_CHTNM": "該屋苑已出售成為私人物業。鄰舍休憩用地面積為項目竣工時之資料，並不再更新。 / 该屋苑已出售成为私人物业。邻舍休憩用地面积为项目竣工时之资料，并不再更新。", "LAST_UPDATE": "03/2024", "OBJECTID_1": 313 }, "geometry": { "type": "Point", "coordinates": [ 114.138, 22.4828 ] } },
{ "type": "Feature", "properties": { "ADDRESS_ENGNM": "Sai Kung", "ADDRESS_CHTNM": "西貢 / 西贡", "BLDG_ENGNM": "Bauhinia Garden", "BLDG_CHTNM": "寶盈花園 / 宝盈花园", "OS_STATUS": "Exist", "OS_STATUS_CHTNM": "現存 / 现存", "OS_TYPE": "Ancillary", "OS_TYPE_CHTNM": "附屬休憩用地 / 附属休憩用地", "BEACH": "No", "BEACH_CHTNM": "否 / 否", "AMENITY_AREA": "No", "AMENITY_AREA_CHTNM": "否 / 否", "INDOOR_FACILITIES": "No", "INDOOR_FACILITIES_CHTNM": "否 / 否", "OS_AREA": "9600", "OS_AREA_CHTNM": "9600", "REMARK": "The court has been sold and becomes private property. The LOS area is based on the information as at completion of the development and will not be further updated.", "REMARK_CHTNM": "該屋苑已出售成為私人物業。鄰舍休憩用地面積為項目竣工時之資料，並不再更新。 / 该屋苑已出售成为私人物业。邻舍休憩用地面积为项目竣工时之资料，并不再更新。", "LAST_UPDATE": "03/2024", "OBJECTID_1": 314 }, "geometry": { "type": "Point", "coordinates": [ 114.2623, 22.3068 ] } },
{ "type": "Feature", "properties": { "ADDRESS_ENGNM": "Sai Kung", "ADDRESS_CHTNM": "西貢 / 西贡", "BLDG_ENGNM": "Beverly Garden", "BLDG_CHTNM": "富康花園 / 富康花园", "OS_STATUS": "Exist", "OS_STATUS_CHTNM": "現存 / 现存", "OS_TYPE": "Ancillary", "OS_TYPE_CHTNM": "附屬休憩用地 / 附属休憩用地", "BEACH": "No", "BEACH_CHTNM": "否 / 否", "AMENITY_AREA": "No", "AMENITY_AREA_CHTNM": "否 / 否", "INDOOR_FACILITIES": "No", "INDOOR_FACILITIES_CHTNM": "否 / 否", "OS_AREA": "10800", "OS_AREA_CHTNM": "10800", "REMARK": "The court has been sold and becomes private property. The LOS area is based on the information as at completion of the development and will not be further updated.", "REMARK_CHTNM": "該屋苑已出售成為私人物業。鄰舍休憩用地面積為項目竣工時之資料，並不再更新。 / 该屋苑已出售成为私人物业。邻舍休憩用地面积为项目竣工时之资料，并不再更新。", "LAST_UPDATE": "03/2024", "OBJECTID_1": 315 }, "geometry": { "type": "Point", "coordinates": [ 114.2614, 22.3106 ] } },
{ "type": "Feature", "properties": { "ADDRESS_ENGNM": "Sai Kung", "ADDRESS_CHTNM": "西貢 / 西贡", "BLDG_ENGNM": "Choi Ming Court", "BLDG_CHTNM": "彩明苑 / 彩明苑", "OS_STATUS": "Exist", "OS_STATUS_CHTNM": "現存 / 现存", "OS_TYPE": "Ancillary", "OS_TYPE_CHTNM": "附屬休憩用地 / 附属休憩用地", "BEACH": "No", "BEACH_CHTNM": "否 / 否", "AMENITY_AREA": "No", "AMENITY_AREA_CHTNM": "否 / 否", "INDOOR_FACILITIES": "No", "INDOOR_FACILITIES_CHTNM": "否 / 否", "OS_AREA": "15800", "OS_AREA_CHTNM": "15800", "REMARK": "The court has been sold and becomes private property. The LOS area is based on the information as at completion of the development and will not be further updated.", "REMARK_CHTNM": "該屋苑已出售成為私人物業。鄰舍休憩用地面積為項目竣工時之資料，並不再更新。 / 该屋苑已出售成为私人物业。邻舍休憩用地面积为项目竣工时之资料，并不再更新。", "LAST_UPDATE": "03/2024", "OBJECTID_1": 316 }, "geometry": { "type": "Point", "coordinates": [ 114.2546, 22.3083 ] } },
{ "type": "Feature", "properties": { "ADDRESS_ENGNM": "Sai Kung", "ADDRESS_CHTNM": "西貢 / 西贡", "BLDG_ENGNM": "Chung Ming Court", "BLDG_CHTNM": "頌明苑 / 颂明苑", "OS_STATUS": "Exist", "OS_STATUS_CHTNM": "現存 / 现存", "OS_TYPE": "Ancillary", "OS_TYPE_CHTNM": "附屬休憩用地 / 附属休憩用地", "BEACH": "No", "BEACH_CHTNM": "否 / 否", "AMENITY_AREA": "No", "AMENITY_AREA_CHTNM": "否 / 否", "INDOOR_FACILITIES": "No", "INDOOR_FACILITIES_CHTNM": "否 / 否", "OS_AREA": "9500", "OS_AREA_CHTNM": "9500", "REMARK": "The court has been sold and becomes private property. The LOS area is based on the information as at completion of the development and will not be further updated.", "REMARK_CHTNM": "該屋苑已出售成為私人物業。鄰舍休憩用地面積為項目竣工時之資料，並不再更新。 / 该屋苑已出售成为私人物业。邻舍休憩用地面积为项目竣工时之资料，并不再更新。", "LAST_UPDATE": "03/2024", "OBJECTID_1": 317 }, "geometry": { "type": "Point", "coordinates": [ 114.2628, 22.3182 ] } },
{ "type": "Feature", "properties": { "ADDRESS_ENGNM": "Sai Kung", "ADDRESS_CHTNM": "西貢 / 西贡", "BLDG_ENGNM": "Fu Ning Garden", "BLDG_CHTNM": "富寧花園 / 富宁花园", "OS_STATUS": "Exist", "OS_STATUS_CHTNM": "現存 / 现存", "OS_TYPE": "Ancillary", "OS_TYPE_CHTNM": "附屬休憩用地 / 附属休憩用地", "BEACH": "No", "BEACH_CHTNM": "否 / 否", "AMENITY_AREA": "No", "AMENITY_AREA_CHTNM": "否 / 否", "INDOOR_FACILITIES": "No", "INDOOR_FACILITIES_CHTNM": "否 / 否", "OS_AREA": "12100", "OS_AREA_CHTNM": "12100", "REMARK": "The court has been sold and becomes private property. The LOS area is based on the information as at completion of the development and will not be further updated.", "REMARK_CHTNM": "該屋苑已出售成為私人物業。鄰舍休憩用地面積為項目竣工時之資料，並不再更新。 / 该屋苑已出售成为私人物业。邻舍休憩用地面积为项目竣工时之资料，并不再更新。", "LAST_UPDATE": "03/2024", "OBJECTID_1": 318 }, "geometry": { "type": "Point", "coordinates": [ 114.2678, 22.3194 ] } },
{ "type": "Feature", "properties": { "ADDRESS_ENGNM": "Sai Kung", "ADDRESS_CHTNM": "西貢 / 西贡", "BLDG_ENGNM": "Hin Ming Court", "BLDG_CHTNM": "顯明苑 / 显明苑", "OS_STATUS": "Exist", "OS_STATUS_CHTNM": "現存 / 现存", "OS_TYPE": "Ancillary", "OS_TYPE_CHTNM": "附屬休憩用地 / 附属休憩用地", "BEACH": "No", "BEACH_CHTNM": "否 / 否", "AMENITY_AREA": "No", "AMENITY_AREA_CHTNM": "否 / 否", "INDOOR_FACILITIES": "No", "INDOOR_FACILITIES_CHTNM": "否 / 否", "OS_AREA": "3800", "OS_AREA_CHTNM": "3800", "REMARK": "The court has been sold and becomes private property. The LOS area is based on the information as at completion of the development and will not be further updated.", "REMARK_CHTNM": "該屋苑已出售成為私人物業。鄰舍休憩用地面積為項目竣工時之資料，並不再更新。 / 该屋苑已出售成为私人物业。邻舍休憩用地面积为项目竣工时之资料，并不再更新。", "LAST_UPDATE": "03/2024", "OBJECTID_1": 319 }, "geometry": { "type": "Point", "coordinates": [ 114.2687, 22.3157 ] } },
{ "type": "Feature", "properties": { "ADDRESS_ENGNM": "Sai Kung", "ADDRESS_CHTNM": "西貢 / 西贡", "BLDG_ENGNM": "Ho Ming Court", "BLDG_CHTNM": "浩明苑 / 浩明苑", "OS_STATUS": "Exist", "OS_STATUS_CHTNM": "現存 / 现存", "OS_TYPE": "Ancillary", "OS_TYPE_CHTNM": "附屬休憩用地 / 附属休憩用地", "BEACH": "No", "BEACH_CHTNM": "否 / 否", "AMENITY_AREA": "No", "AMENITY_AREA_CHTNM": "否 / 否", "INDOOR_FACILITIES": "No", "INDOOR_FACILITIES_CHTNM": "否 / 否", "OS_AREA": "3300", "OS_AREA_CHTNM": "3300", "REMARK": "The court has been sold and becomes private property. The LOS area is based on the information as at completion of the development and will not be further updated.", "REMARK_CHTNM": "該屋苑已出售成為私人物業。鄰舍休憩用地面積為項目竣工時之資料，並不再更新。 / 该屋苑已出售成为私人物业。邻舍休憩用地面积为项目竣工时之资料，并不再更新。", "LAST_UPDATE": "03/2024", "OBJECTID_1": 320 }, "geometry": { "type": "Point", "coordinates": [ 114.2596, 22.3217 ] } },
{ "type": "Feature", "properties": { "ADDRESS_ENGNM": "Sai Kung", "ADDRESS_CHTNM": "西貢 / 西贡", "BLDG_ENGNM": "Hong Sing Garden", "BLDG_CHTNM": "康盛花園 / 康盛花园", "OS_STATUS": "Exist", "OS_STATUS_CHTNM": "現存 / 现存", "OS_TYPE": "Ancillary", "OS_TYPE_CHTNM": "附屬休憩用地 / 附属休憩用地", "BEACH": "No", "BEACH_CHTNM": "否 / 否", "AMENITY_AREA": "No", "AMENITY_AREA_CHTNM": "否 / 否", "INDOOR_FACILITIES": "No", "INDOOR_FACILITIES_CHTNM": "否 / 否", "OS_AREA": "10800", "OS_AREA_CHTNM": "10800", "REMARK": "The court has been sold and becomes private property. The LOS area is based on the information as at completion of the development and will not be further updated.", "REMARK_CHTNM": "該屋苑已出售成為私人物業。鄰舍休憩用地面積為項目竣工時之資料，並不再更新。 / 该屋苑已出售成为私人物业。邻舍休憩用地面积为项目竣工时之资料，并不再更新。", "LAST_UPDATE": "03/2024", "OBJECTID_1": 321 }, "geometry": { "type": "Point", "coordinates": [ 114.2533, 22.3197 ] } },
{ "type": "Feature", "properties": { "ADDRESS_ENGNM": "Sai Kung", "ADDRESS_CHTNM": "西貢 / 西贡", "BLDG_ENGNM": "King Ming Court", "BLDG_CHTNM": "景明苑 / 景明苑", "OS_STATUS": "Exist", "OS_STATUS_CHTNM": "現存 / 现存", "OS_TYPE": "Ancillary", "OS_TYPE_CHTNM": "附屬休憩用地 / 附属休憩用地", "BEACH": "No", "BEACH_CHTNM": "否 / 否", "AMENITY_AREA": "No", "AMENITY_AREA_CHTNM": "否 / 否", "INDOOR_FACILITIES": "No", "INDOOR_FACILITIES_CHTNM": "否 / 否", "OS_AREA": "7600", "OS_AREA_CHTNM": "7600", "REMARK": "The court has been sold and becomes private property. The LOS area is based on the information as at completion of the development and will not be further updated.", "REMARK_CHTNM": "該屋苑已出售成為私人物業。鄰舍休憩用地面積為項目竣工時之資料，並不再更新。 / 该屋苑已出售成为私人物业。邻舍休憩用地面积为项目竣工时之资料，并不再更新。", "LAST_UPDATE": "03/2024", "OBJECTID_1": 322 }, "geometry": { "type": "Point", "coordinates": [ 114.2499, 22.3235 ] } },
{ "type": "Feature", "properties": { "ADDRESS_ENGNM": "Sai Kung", "ADDRESS_CHTNM": "西貢 / 西贡", "BLDG_ENGNM": "Kwong Ming Court", "BLDG_CHTNM": "廣明苑 / 广明苑", "OS_STATUS": "Exist", "OS_STATUS_CHTNM": "現存 / 现存", "OS_TYPE": "Ancillary", "OS_TYPE_CHTNM": "附屬休憩用地 / 附属休憩用地", "BEACH": "No", "BEACH_CHTNM": "否 / 否", "AMENITY_AREA": "No", "AMENITY_AREA_CHTNM": "否 / 否", "INDOOR_FACILITIES": "No", "INDOOR_FACILITIES_CHTNM": "否 / 否", "OS_AREA": "21200", "OS_AREA_CHTNM": "21200", "REMARK": "The court has been sold and becomes private property. The LOS area is based on the information as at completion of the development and will not be further updated.", "REMARK_CHTNM": "該屋苑已出售成為私人物業。鄰舍休憩用地面積為項目竣工時之資料，並不再更新。 / 该屋苑已出售成为私人物业。邻舍休憩用地面积为项目竣工时之资料，并不再更新。", "LAST_UPDATE": "03/2024", "OBJECTID_1": 323 }, "geometry": { "type": "Point", "coordinates": [ 114.2599, 22.3126 ] } },
{ "type": "Feature", "properties": { "ADDRESS_ENGNM": "Sai Kung", "ADDRESS_CHTNM": "西貢 / 西贡", "BLDG_ENGNM": "On Ning Garden", "BLDG_CHTNM": "安寧花園 / 安宁花园", "OS_STATUS": "Exist", "OS_STATUS_CHTNM": "現存 / 现存", "OS_TYPE": "Ancillary", "OS_TYPE_CHTNM": "附屬休憩用地 / 附属休憩用地", "BEACH": "No", "BEACH_CHTNM": "否 / 否", "AMENITY_AREA": "No", "AMENITY_AREA_CHTNM": "否 / 否", "INDOOR_FACILITIES": "No", "INDOOR_FACILITIES_CHTNM": "否 / 否", "OS_AREA": "8300", "OS_AREA_CHTNM": "8300", "REMARK": "The court has been sold and becomes private property. The LOS area is based on the information as at completion of the development and will not be further updated.", "REMARK_CHTNM": "該屋苑已出售成為私人物業。鄰舍休憩用地面積為項目竣工時之資料，並不再更新。 / 该屋苑已出售成为私人物业。邻舍休憩用地面积为项目竣工时之资料，并不再更新。", "LAST_UPDATE": "03/2024", "OBJECTID_1": 324 }, "geometry": { "type": "Point", "coordinates": [ 114.263, 22.3156 ] } },
{ "type": "Feature", "properties": { "ADDRESS_ENGNM": "Sai Kung", "ADDRESS_CHTNM": "西貢 / 西贡", "BLDG_ENGNM": "Po Ming Court", "BLDG_CHTNM": "寶明苑 / 宝明苑", "OS_STATUS": "Exist", "OS_STATUS_CHTNM": "現存 / 现存", "OS_TYPE": "Ancillary", "OS_TYPE_CHTNM": "附屬休憩用地 / 附属休憩用地", "BEACH": "No", "BEACH_CHTNM": "否 / 否", "AMENITY_AREA": "No", "AMENITY_AREA_CHTNM": "否 / 否", "INDOOR_FACILITIES": "No", "INDOOR_FACILITIES_CHTNM": "否 / 否", "OS_AREA": "7800", "OS_AREA_CHTNM": "7800", "REMARK": "The court has been sold and becomes private property. The LOS area is based on the information as at completion of the development and will not be further updated.", "REMARK_CHTNM": "該屋苑已出售成為私人物業。鄰舍休憩用地面積為項目竣工時之資料，並不再更新。 / 该屋苑已出售成为私人物业。邻舍休憩用地面积为项目竣工时之资料，并不再更新。", "LAST_UPDATE": "03/2024", "OBJECTID_1": 325 }, "geometry": { "type": "Point", "coordinates": [ 114.258, 22.3119 ] } },
{ "type": "Feature", "properties": { "ADDRESS_ENGNM": "Sai Kung", "ADDRESS_CHTNM": "西貢 / 西贡", "BLDG_ENGNM": "Tong Ming Court", "BLDG_CHTNM": "唐明苑 / 唐明苑", "OS_STATUS": "Exist", "OS_STATUS_CHTNM": "現存 / 现存", "OS_TYPE": "Ancillary", "OS_TYPE_CHTNM": "附屬休憩用地 / 附属休憩用地", "BEACH": "No", "BEACH_CHTNM": "否 / 否", "AMENITY_AREA": "No", "AMENITY_AREA_CHTNM": "否 / 否", "INDOOR_FACILITIES": "No", "INDOOR_FACILITIES_CHTNM": "否 / 否", "OS_AREA": "11700", "OS_AREA_CHTNM": "11700", "REMARK": "The court has been sold and becomes private property. The LOS area is based on the information as at completion of the development and will not be further updated.", "REMARK_CHTNM": "該屋苑已出售成為私人物業。鄰舍休憩用地面積為項目竣工時之資料，並不再更新。 / 该屋苑已出售成为私人物业。邻舍休憩用地面积为项目竣工时之资料，并不再更新。", "LAST_UPDATE": "03/2024", "OBJECTID_1": 326 }, "geometry": { "type": "Point", "coordinates": [ 114.2566, 22.3079 ] } },
{ "type": "Feature", "properties": { "ADDRESS_ENGNM": "Sai Kung", "ADDRESS_CHTNM": "西貢 / 西贡", "BLDG_ENGNM": "Wo Ming Court", "BLDG_CHTNM": "和明苑 / 和明苑", "OS_STATUS": "Exist", "OS_STATUS_CHTNM": "現存 / 现存", "OS_TYPE": "Ancillary", "OS_TYPE_CHTNM": "附屬休憩用地 / 附属休憩用地", "BEACH": "No", "BEACH_CHTNM": "否 / 否", "AMENITY_AREA": "No", "AMENITY_AREA_CHTNM": "否 / 否", "INDOOR_FACILITIES": "No", "INDOOR_FACILITIES_CHTNM": "否 / 否", "OS_AREA": "9600", "OS_AREA_CHTNM": "9600", "REMARK": "The court has been sold and becomes private property. The LOS area is based on the information as at completion of the development and will not be further updated.", "REMARK_CHTNM": "該屋苑已出售成為私人物業。鄰舍休憩用地面積為項目竣工時之資料，並不再更新。 / 该屋苑已出售成为私人物业。邻舍休憩用地面积为项目竣工时之资料，并不再更新。", "LAST_UPDATE": "03/2024", "OBJECTID_1": 327 }, "geometry": { "type": "Point", "coordinates": [ 114.2669, 22.3157 ] } },
{ "type": "Feature", "properties": { "ADDRESS_ENGNM": "Sai Kung", "ADDRESS_CHTNM": "西貢 / 西贡", "BLDG_ENGNM": "Yan Ming Court", "BLDG_CHTNM": "欣明苑 / 欣明苑", "OS_STATUS": "Exist", "OS_STATUS_CHTNM": "現存 / 现存", "OS_TYPE": "Ancillary", "OS_TYPE_CHTNM": "附屬休憩用地 / 附属休憩用地", "BEACH": "No", "BEACH_CHTNM": "否 / 否", "AMENITY_AREA": "No", "AMENITY_AREA_CHTNM": "否 / 否", "INDOOR_FACILITIES": "No", "INDOOR_FACILITIES_CHTNM": "否 / 否", "OS_AREA": "12800", "OS_AREA_CHTNM": "12800", "REMARK": "The court has been sold and becomes private property. The LOS area is based on the information as at completion of the development and will not be further updated.", "REMARK_CHTNM": "該屋苑已出售成為私人物業。鄰舍休憩用地面積為項目竣工時之資料，並不再更新。 / 该屋苑已出售成为私人物业。邻舍休憩用地面积为项目竣工时之资料，并不再更新。", "LAST_UPDATE": "03/2024", "OBJECTID_1": 328 }, "geometry": { "type": "Point", "coordinates": [ 114.2586, 22.3243 ] } },
{ "type": "Feature", "properties": { "ADDRESS_ENGNM": "Sai Kung", "ADDRESS_CHTNM": "西貢 / 西贡", "BLDG_ENGNM": "Ying Ming Court", "BLDG_CHTNM": "英明苑 / 英明苑", "OS_STATUS": "Exist", "OS_STATUS_CHTNM": "現存 / 现存", "OS_TYPE": "Ancillary", "OS_TYPE_CHTNM": "附屬休憩用地 / 附属休憩用地", "BEACH": "No", "BEACH_CHTNM": "否 / 否", "AMENITY_AREA": "No", "AMENITY_AREA_CHTNM": "否 / 否", "INDOOR_FACILITIES": "No", "INDOOR_FACILITIES_CHTNM": "否 / 否", "OS_AREA": "16100", "OS_AREA_CHTNM": "16100", "REMARK": "The court has been sold and becomes private property. The LOS area is based on the information as at completion of the development and will not be further updated.", "REMARK_CHTNM": "該屋苑已出售成為私人物業。鄰舍休憩用地面積為項目竣工時之資料，並不再更新。 / 该屋苑已出售成为私人物业。邻舍休憩用地面积为项目竣工时之资料，并不再更新。", "LAST_UPDATE": "03/2024", "OBJECTID_1": 329 }, "geometry": { "type": "Point", "coordinates": [ 114.2575, 22.3258 ] } },
{ "type": "Feature", "properties": { "ADDRESS_ENGNM": "Sai Kung", "ADDRESS_CHTNM": "西貢 / 西贡", "BLDG_ENGNM": "Yu Ming Court", "BLDG_CHTNM": "裕明苑 / 裕明苑", "OS_STATUS": "Exist", "OS_STATUS_CHTNM": "現存 / 现存", "OS_TYPE": "Ancillary", "OS_TYPE_CHTNM": "附屬休憩用地 / 附属休憩用地", "BEACH": "No", "BEACH_CHTNM": "否 / 否", "AMENITY_AREA": "No", "AMENITY_AREA_CHTNM": "否 / 否", "INDOOR_FACILITIES": "No", "INDOOR_FACILITIES_CHTNM": "否 / 否", "OS_AREA": "7400", "OS_AREA_CHTNM": "7400", "REMARK": "The court has been sold and becomes private property. The LOS area is based on the information as at completion of the development and will not be further updated.", "REMARK_CHTNM": "該屋苑已出售成為私人物業。鄰舍休憩用地面積為項目竣工時之資料，並不再更新。 / 该屋苑已出售成为私人物业。邻舍休憩用地面积为项目竣工时之资料，并不再更新。", "LAST_UPDATE": "03/2024", "OBJECTID_1": 330 }, "geometry": { "type": "Point", "coordinates": [ 114.2663, 22.3184 ] } },
{ "type": "Feature", "properties": { "ADDRESS_ENGNM": "Sai Kung", "ADDRESS_CHTNM": "西貢 / 西贡", "BLDG_ENGNM": "Yuk Ming Court", "BLDG_CHTNM": "煜明苑 / 煜明苑", "OS_STATUS": "Exist", "OS_STATUS_CHTNM": "現存 / 现存", "OS_TYPE": "Ancillary", "OS_TYPE_CHTNM": "附屬休憩用地 / 附属休憩用地", "BEACH": "No", "BEACH_CHTNM": "否 / 否", "AMENITY_AREA": "No", "AMENITY_AREA_CHTNM": "否 / 否", "INDOOR_FACILITIES": "No", "INDOOR_FACILITIES_CHTNM": "否 / 否", "OS_AREA": "10300", "OS_AREA_CHTNM": "10300", "REMARK": "The court has been sold and becomes private property. The LOS area is based on the information as at completion of the development and will not be further updated.", "REMARK_CHTNM": "該屋苑已出售成為私人物業。鄰舍休憩用地面積為項目竣工時之資料，並不再更新。 / 该屋苑已出售成为私人物业。邻舍休憩用地面积为项目竣工时之资料，并不再更新。", "LAST_UPDATE": "03/2024", "OBJECTID_1": 331 }, "geometry": { "type": "Point", "coordinates": [ 114.2674, 22.3145 ] } },
{ "type": "Feature", "properties": { "ADDRESS_ENGNM": "Sai Kung", "ADDRESS_CHTNM": "西貢 / 西贡", "BLDG_ENGNM": "Yung Ming Court", "BLDG_CHTNM": "雍明苑 / 雍明苑", "OS_STATUS": "Exist", "OS_STATUS_CHTNM": "現存 / 现存", "OS_TYPE": "Ancillary", "OS_TYPE_CHTNM": "附屬休憩用地 / 附属休憩用地", "BEACH": "No", "BEACH_CHTNM": "否 / 否", "AMENITY_AREA": "No", "AMENITY_AREA_CHTNM": "否 / 否", "INDOOR_FACILITIES": "No", "INDOOR_FACILITIES_CHTNM": "否 / 否", "OS_AREA": "4300", "OS_AREA_CHTNM": "4300", "REMARK": "1) The court has been sold and becomes private property. The LOS area is based on the information as at completion of the development and will not be further updated. 2) The LOS area is the minimum area derived from the approved Planning Brief as at completion of the development.", "REMARK_CHTNM": "1) 該屋苑已出售成為私人物業。鄰舍休憩用地面積為項目竣工時之資料，並不再更新。 / 该屋苑已出售成为私人物业。邻舍休憩用地面积为项目竣工时之资料，并不再更新。2) 鄰舍休憩用地面積節錄自發展項目竣工時的核准規劃大綱內的最少面積。 / 邻舍休憩用地面积节录自发展项目竣工时的核准规划大纲内的最少面积。", "LAST_UPDATE": "03/2024", "OBJECTID_1": 332 }, "geometry": { "type": "Point", "coordinates": [ 114.2641, 22.3045 ] } },
{ "type": "Feature", "properties": { "ADDRESS_ENGNM": "Sha Tin", "ADDRESS_CHTNM": "沙田 / 沙田", "BLDG_ENGNM": "Carado Garden", "BLDG_CHTNM": "雲叠花園 / 云叠花园", "OS_STATUS": "Exist", "OS_STATUS_CHTNM": "現存 / 现存", "OS_TYPE": "Ancillary", "OS_TYPE_CHTNM": "附屬休憩用地 / 附属休憩用地", "BEACH": "No", "BEACH_CHTNM": "否 / 否", "AMENITY_AREA": "No", "AMENITY_AREA_CHTNM": "否 / 否", "INDOOR_FACILITIES": "No", "INDOOR_FACILITIES_CHTNM": "否 / 否", "OS_AREA": "5500", "OS_AREA_CHTNM": "5500", "REMARK": "The court has been sold and becomes private property. The LOS area is based on the information as at completion of the development and will not be further updated.", "REMARK_CHTNM": "該屋苑已出售成為私人物業。鄰舍休憩用地面積為項目竣工時之資料，並不再更新。 / 该屋苑已出售成为私人物业。邻舍休憩用地面积为项目竣工时之资料，并不再更新。", "LAST_UPDATE": "03/2024", "OBJECTID_1": 333 }, "geometry": { "type": "Point", "coordinates": [ 114.1766, 22.3682 ] } },
{ "type": "Feature", "properties": { "ADDRESS_ENGNM": "Sha Tin", "ADDRESS_CHTNM": "沙田 / 沙田", "BLDG_ENGNM": "Chevalier Garden", "BLDG_CHTNM": "富安花園 / 富安花园", "OS_STATUS": "Exist", "OS_STATUS_CHTNM": "現存 / 现存", "OS_TYPE": "Ancillary", "OS_TYPE_CHTNM": "附屬休憩用地 / 附属休憩用地", "BEACH": "No", "BEACH_CHTNM": "否 / 否", "AMENITY_AREA": "No", "AMENITY_AREA_CHTNM": "否 / 否", "INDOOR_FACILITIES": "No", "INDOOR_FACILITIES_CHTNM": "否 / 否", "OS_AREA": "19300", "OS_AREA_CHTNM": "19300", "REMARK": "The court has been sold and becomes private property. The LOS area is based on the information as at completion of the development and will not be further updated.", "REMARK_CHTNM": "該屋苑已出售成為私人物業。鄰舍休憩用地面積為項目竣工時之資料，並不再更新。 / 该屋苑已出售成为私人物业。邻舍休憩用地面积为项目竣工时之资料，并不再更新。", "LAST_UPDATE": "03/2024", "OBJECTID_1": 334 }, "geometry": { "type": "Point", "coordinates": [ 114.2238, 22.4041 ] } },
{ "type": "Feature", "properties": { "ADDRESS_ENGNM": "Sha Tin", "ADDRESS_CHTNM": "沙田 / 沙田", "BLDG_ENGNM": "Choi Wo Court", "BLDG_CHTNM": "彩禾苑 / 彩禾苑", "OS_STATUS": "Exist", "OS_STATUS_CHTNM": "現存 / 现存", "OS_TYPE": "Ancillary", "OS_TYPE_CHTNM": "附屬休憩用地 / 附属休憩用地", "BEACH": "No", "BEACH_CHTNM": "否 / 否", "AMENITY_AREA": "No", "AMENITY_AREA_CHTNM": "否 / 否", "INDOOR_FACILITIES": "No", "INDOOR_FACILITIES_CHTNM": "否 / 否", "OS_AREA": "2482", "OS_AREA_CHTNM": "2482", "REMARK": "1) The court has been sold and becomes private property. The LOS area is based on the information as at completion of the development and will not be further updated. 2) The LOS area is the minimum area derived from the approved Planning Brief as at completion of the development.", "REMARK_CHTNM": "1) 該屋苑已出售成為私人物業。鄰舍休憩用地面積為項目竣工時之資料，並不再更新。 / 该屋苑已出售成为私人物业。邻舍休憩用地面积为项目竣工时之资料，并不再更新。2) 鄰舍休憩用地面積節錄自發展項目竣工時的核准規劃大綱內的最少面積。 / 邻舍休憩用地面积节录自发展项目竣工时的核准规划大纲内的最少面积。", "LAST_UPDATE": "03/2024", "OBJECTID_1": 335 }, "geometry": { "type": "Point", "coordinates": [ 114.1886, 22.3972 ] } },
{ "type": "Feature", "properties": { "ADDRESS_ENGNM": "Sha Tin", "ADDRESS_CHTNM": "沙田 / 沙田", "BLDG_ENGNM": "Fok On Garden", "BLDG_CHTNM": "福安花園 / 福安花园", "OS_STATUS": "Exist", "OS_STATUS_CHTNM": "現存 / 现存", "OS_TYPE": "Ancillary", "OS_TYPE_CHTNM": "附屬休憩用地 / 附属休憩用地", "BEACH": "No", "BEACH_CHTNM": "否 / 否", "AMENITY_AREA": "No", "AMENITY_AREA_CHTNM": "否 / 否", "INDOOR_FACILITIES": "No", "INDOOR_FACILITIES_CHTNM": "否 / 否", "OS_AREA": "2400", "OS_AREA_CHTNM": "2400", "REMARK": "The court has been sold and becomes private property. The LOS area is based on the information as at completion of the development and will not be further updated.", "REMARK_CHTNM": "該屋苑已出售成為私人物業。鄰舍休憩用地面積為項目竣工時之資料，並不再更新。 / 该屋苑已出售成为私人物业。邻舍休憩用地面积为项目竣工时之资料，并不再更新。", "LAST_UPDATE": "03/2024", "OBJECTID_1": 336 }, "geometry": { "type": "Point", "coordinates": [ 114.2292, 22.4246 ] } },
{ "type": "Feature", "properties": { "ADDRESS_ENGNM": "Sha Tin", "ADDRESS_CHTNM": "沙田 / 沙田", "BLDG_ENGNM": "Fu Fai Garden", "BLDG_CHTNM": "富輝花園 / 富辉花园", "OS_STATUS": "Exist", "OS_STATUS_CHTNM": "現存 / 现存", "OS_TYPE": "Ancillary", "OS_TYPE_CHTNM": "附屬休憩用地 / 附属休憩用地", "BEACH": "No", "BEACH_CHTNM": "否 / 否", "AMENITY_AREA": "No", "AMENITY_AREA_CHTNM": "否 / 否", "INDOOR_FACILITIES": "No", "INDOOR_FACILITIES_CHTNM": "否 / 否", "OS_AREA": "2200", "OS_AREA_CHTNM": "2200", "REMARK": "The court has been sold and becomes private property. The LOS area is based on the information as at completion of the development and will not be further updated.", "REMARK_CHTNM": "該屋苑已出售成為私人物業。鄰舍休憩用地面積為項目竣工時之資料，並不再更新。 / 该屋苑已出售成为私人物业。邻舍休憩用地面积为项目竣工时之资料，并不再更新。", "LAST_UPDATE": "03/2024", "OBJECTID_1": 337 }, "geometry": { "type": "Point", "coordinates": [ 114.2333, 22.4247 ] } },
{ "type": "Feature", "properties": { "ADDRESS_ENGNM": "Sha Tin", "ADDRESS_CHTNM": "沙田 / 沙田", "BLDG_ENGNM": "Fung Shing Court", "BLDG_CHTNM": "豐盛苑 / 丰盛苑", "OS_STATUS": "Exist", "OS_STATUS_CHTNM": "現存 / 现存", "OS_TYPE": "Ancillary", "OS_TYPE_CHTNM": "附屬休憩用地 / 附属休憩用地", "BEACH": "No", "BEACH_CHTNM": "否 / 否", "AMENITY_AREA": "No", "AMENITY_AREA_CHTNM": "否 / 否", "INDOOR_FACILITIES": "No", "INDOOR_FACILITIES_CHTNM": "否 / 否", "OS_AREA": "14800", "OS_AREA_CHTNM": "14800", "REMARK": "The court has been sold and becomes private property. The LOS area is based on the information as at completion of the development and will not be further updated.", "REMARK_CHTNM": "該屋苑已出售成為私人物業。鄰舍休憩用地面積為項目竣工時之資料，並不再更新。 / 该屋苑已出售成为私人物业。邻舍休憩用地面积为项目竣工时之资料，并不再更新。", "LAST_UPDATE": "03/2024", "OBJECTID_1": 338 }, "geometry": { "type": "Point", "coordinates": [ 114.1881, 22.3712 ] } },
{ "type": "Feature", "properties": { "ADDRESS_ENGNM": "Sha Tin", "ADDRESS_CHTNM": "沙田 / 沙田", "BLDG_ENGNM": "Grandway Garden", "BLDG_CHTNM": "富嘉花園 / 富嘉花园", "OS_STATUS": "Exist", "OS_STATUS_CHTNM": "現存 / 现存", "OS_TYPE": "Ancillary", "OS_TYPE_CHTNM": "附屬休憩用地 / 附属休憩用地", "BEACH": "No", "BEACH_CHTNM": "否 / 否", "AMENITY_AREA": "No", "AMENITY_AREA_CHTNM": "否 / 否", "INDOOR_FACILITIES": "No", "INDOOR_FACILITIES_CHTNM": "否 / 否", "OS_AREA": "3400", "OS_AREA_CHTNM": "3400", "REMARK": "The court has been sold and becomes private property. The LOS area is based on the information as at completion of the development and will not be further updated.", "REMARK_CHTNM": "該屋苑已出售成為私人物業。鄰舍休憩用地面積為項目竣工時之資料，並不再更新。 / 该屋苑已出售成为私人物业。邻舍休憩用地面积为项目竣工时之资料，并不再更新。", "LAST_UPDATE": "03/2024", "OBJECTID_1": 339 }, "geometry": { "type": "Point", "coordinates": [ 114.178, 22.3734 ] } },
{ "type": "Feature", "properties": { "ADDRESS_ENGNM": "Sha Tin", "ADDRESS_CHTNM": "沙田 / 沙田", "BLDG_ENGNM": "Holford Gardens", "BLDG_CHTNM": "海福花園 / 海福花园", "OS_STATUS": "Exist", "OS_STATUS_CHTNM": "現存 / 现存", "OS_TYPE": "Ancillary", "OS_TYPE_CHTNM": "附屬休憩用地 / 附属休憩用地", "BEACH": "No", "BEACH_CHTNM": "否 / 否", "AMENITY_AREA": "No", "AMENITY_AREA_CHTNM": "否 / 否", "INDOOR_FACILITIES": "No", "INDOOR_FACILITIES_CHTNM": "否 / 否", "OS_AREA": "5300", "OS_AREA_CHTNM": "5300", "REMARK": "The court has been sold and becomes private property. The LOS area is based on the information as at completion of the development and will not be further updated.", "REMARK_CHTNM": "該屋苑已出售成為私人物業。鄰舍休憩用地面積為項目竣工時之資料，並不再更新。 / 该屋苑已出售成为私人物业。邻舍休憩用地面积为项目竣工时之资料，并不再更新。", "LAST_UPDATE": "03/2024", "OBJECTID_1": 340 }, "geometry": { "type": "Point", "coordinates": [ 114.1763, 22.3737 ] } },
{ "type": "Feature", "properties": { "ADDRESS_ENGNM": "Sha Tin", "ADDRESS_CHTNM": "沙田 / 沙田", "BLDG_ENGNM": "Hong Lam Court", "BLDG_CHTNM": "康林苑 / 康林苑", "OS_STATUS": "Exist", "OS_STATUS_CHTNM": "現存 / 现存", "OS_TYPE": "Ancillary", "OS_TYPE_CHTNM": "附屬休憩用地 / 附属休憩用地", "BEACH": "No", "BEACH_CHTNM": "否 / 否", "AMENITY_AREA": "No", "AMENITY_AREA_CHTNM": "否 / 否", "INDOOR_FACILITIES": "No", "INDOOR_FACILITIES_CHTNM": "否 / 否", "OS_AREA": "6600", "OS_AREA_CHTNM": "6600", "REMARK": "The court has been sold and becomes private property. The LOS area is based on the information as at completion of the development and will not be further updated.", "REMARK_CHTNM": "該屋苑已出售成為私人物業。鄰舍休憩用地面積為項目竣工時之資料，並不再更新。 / 该屋苑已出售成为私人物业。邻舍休憩用地面积为项目竣工时之资料，并不再更新。", "LAST_UPDATE": "03/2024", "OBJECTID_1": 341 }, "geometry": { "type": "Point", "coordinates": [ 114.2176, 22.3802 ] } },
{ "type": "Feature", "properties": { "ADDRESS_ENGNM": "Sha Tin", "ADDRESS_CHTNM": "沙田 / 沙田", "BLDG_ENGNM": "Ka Keng Court", "BLDG_CHTNM": "嘉徑苑 / 嘉径苑", "OS_STATUS": "Exist", "OS_STATUS_CHTNM": "現存 / 现存", "OS_TYPE": "Ancillary", "OS_TYPE_CHTNM": "附屬休憩用地 / 附属休憩用地", "BEACH": "No", "BEACH_CHTNM": "否 / 否", "AMENITY_AREA": "No", "AMENITY_AREA_CHTNM": "否 / 否", "INDOOR_FACILITIES": "No", "INDOOR_FACILITIES_CHTNM": "否 / 否", "OS_AREA": "2100", "OS_AREA_CHTNM": "2100", "REMARK": "The court has been sold and becomes private property. The LOS area is based on the information as at completion of the development and will not be further updated.", "REMARK_CHTNM": "該屋苑已出售成為私人物業。鄰舍休憩用地面積為項目竣工時之資料，並不再更新。 / 该屋苑已出售成为私人物业。邻舍休憩用地面积为项目竣工时之资料，并不再更新。", "LAST_UPDATE": "03/2024", "OBJECTID_1": 342 }, "geometry": { "type": "Point", "coordinates": [ 114.1742, 22.3647 ] } },
{ "type": "Feature", "properties": { "ADDRESS_ENGNM": "Sha Tin", "ADDRESS_CHTNM": "沙田 / 沙田", "BLDG_ENGNM": "Ka Shun Court", "BLDG_CHTNM": "嘉順苑 / 嘉顺苑", "OS_STATUS": "Exist", "OS_STATUS_CHTNM": "現存 / 现存", "OS_TYPE": "Ancillary", "OS_TYPE_CHTNM": "附屬休憩用地 / 附属休憩用地", "BEACH": "No", "BEACH_CHTNM": "否 / 否", "AMENITY_AREA": "No", "AMENITY_AREA_CHTNM": "否 / 否", "INDOOR_FACILITIES": "No", "INDOOR_FACILITIES_CHTNM": "否 / 否", "OS_AREA": "810", "OS_AREA_CHTNM": "810", "REMARK": "1) The court has been sold and becomes private property. The LOS area is based on the information as at completion of the development and will not be further updated. 2) The LOS area is the minimum area derived from the approved Planning Brief as at completion of the development.", "REMARK_CHTNM": "1) 該屋苑已出售成為私人物業。鄰舍休憩用地面積為項目竣工時之資料，並不再更新。 / 该屋苑已出售成为私人物业。邻舍休憩用地面积为项目竣工时之资料，并不再更新。2) 鄰舍休憩用地面積節錄自發展項目竣工時的核准規劃大綱內的最少面積。 / 邻舍休憩用地面积节录自发展项目竣工时的核准规划大纲内的最少面积。", "LAST_UPDATE": "03/2024", "OBJECTID_1": 343 }, "geometry": { "type": "Point", "coordinates": [ 114.1746, 22.3611 ] } },
{ "type": "Feature", "properties": { "ADDRESS_ENGNM": "Sha Tin", "ADDRESS_CHTNM": "沙田 / 沙田", "BLDG_ENGNM": "Ka Tin Court", "BLDG_CHTNM": "嘉田苑 / 嘉田苑", "OS_STATUS": "Exist", "OS_STATUS_CHTNM": "現存 / 现存", "OS_TYPE": "Ancillary", "OS_TYPE_CHTNM": "附屬休憩用地 / 附属休憩用地", "BEACH": "No", "BEACH_CHTNM": "否 / 否", "AMENITY_AREA": "No", "AMENITY_AREA_CHTNM": "否 / 否", "INDOOR_FACILITIES": "No", "INDOOR_FACILITIES_CHTNM": "否 / 否", "OS_AREA": "13800", "OS_AREA_CHTNM": "13800", "REMARK": "The court has been sold and becomes private property. The LOS area is based on the information as at completion of the development and will not be further updated.", "REMARK_CHTNM": "該屋苑已出售成為私人物業。鄰舍休憩用地面積為項目竣工時之資料，並不再更新。 / 该屋苑已出售成为私人物业。邻舍休憩用地面积为项目竣工时之资料，并不再更新。", "LAST_UPDATE": "03/2024", "OBJECTID_1": 344 }, "geometry": { "type": "Point", "coordinates": [ 114.173, 22.3607 ] } },
{ "type": "Feature", "properties": { "ADDRESS_ENGNM": "Sha Tin", "ADDRESS_CHTNM": "沙田 / 沙田", "BLDG_ENGNM": "Kam Chun Court", "BLDG_CHTNM": "錦駿苑 / 锦骏苑", "OS_STATUS": "Exist", "OS_STATUS_CHTNM": "現存 / 现存", "OS_TYPE": "Ancillary", "OS_TYPE_CHTNM": "附屬休憩用地 / 附属休憩用地", "BEACH": "No", "BEACH_CHTNM": "否 / 否", "AMENITY_AREA": "No", "AMENITY_AREA_CHTNM": "否 / 否", "INDOOR_FACILITIES": "No", "INDOOR_FACILITIES_CHTNM": "否 / 否", "OS_AREA": "6400", "OS_AREA_CHTNM": "6400", "REMARK": "1) The court has been sold and becomes private property. The LOS area is based on the information as at completion of the development and will not be further updated. 2) The LOS area is the minimum area derived from the approved Planning Brief as at completion of the development.", "REMARK_CHTNM": "1) 該屋苑已出售成為私人物業。鄰舍休憩用地面積為項目竣工時之資料，並不再更新。 / 该屋苑已出售成为私人物业。邻舍休憩用地面积为项目竣工时之资料，并不再更新。2) 鄰舍休憩用地面積節錄自發展項目竣工時的核准規劃大綱內的最少面積。 / 邻舍休憩用地面积节录自发展项目竣工时的核准规划大纲内的最少面积。", "LAST_UPDATE": "03/2024", "OBJECTID_1": 345 }, "geometry": { "type": "Point", "coordinates": [ 114.2253, 22.4119 ] } },
{ "type": "Feature", "properties": { "ADDRESS_ENGNM": "Sha Tin", "ADDRESS_CHTNM": "沙田 / 沙田", "BLDG_ENGNM": "Kam Fai Court", "BLDG_CHTNM": "錦暉苑 / 锦晖苑", "OS_STATUS": "Exist", "OS_STATUS_CHTNM": "現存 / 现存", "OS_TYPE": "Ancillary", "OS_TYPE_CHTNM": "附屬休憩用地 / 附属休憩用地", "BEACH": "No", "BEACH_CHTNM": "否 / 否", "AMENITY_AREA": "No", "AMENITY_AREA_CHTNM": "否 / 否", "INDOOR_FACILITIES": "No", "INDOOR_FACILITIES_CHTNM": "否 / 否", "OS_AREA": "2300", "OS_AREA_CHTNM": "2300", "REMARK": "1) The court has been sold and becomes private property. The LOS area is based on the information as at completion of the development and will not be further updated. 2) The LOS area is the minimum area derived from the approved Planning Brief as at completion of the development.", "REMARK_CHTNM": "1) 該屋苑已出售成為私人物業。鄰舍休憩用地面積為項目竣工時之資料，並不再更新。 / 该屋苑已出售成为私人物业。邻舍休憩用地面积为项目竣工时之资料，并不再更新。2) 鄰舍休憩用地面積節錄自發展項目竣工時的核准規劃大綱內的最少面積。 / 邻舍休憩用地面积节录自发展项目竣工时的核准规划大纲内的最少面积。", "LAST_UPDATE": "03/2024", "OBJECTID_1": 346 }, "geometry": { "type": "Point", "coordinates": [ 114.2244, 22.4167 ] } },
{ "type": "Feature", "properties": { "ADDRESS_ENGNM": "Sha Tin", "ADDRESS_CHTNM": "沙田 / 沙田", "BLDG_ENGNM": "Kam Fung Court", "BLDG_CHTNM": "錦豐苑 / 锦丰苑", "OS_STATUS": "Exist", "OS_STATUS_CHTNM": "現存 / 现存", "OS_TYPE": "Ancillary", "OS_TYPE_CHTNM": "附屬休憩用地 / 附属休憩用地", "BEACH": "No", "BEACH_CHTNM": "否 / 否", "AMENITY_AREA": "No", "AMENITY_AREA_CHTNM": "否 / 否", "INDOOR_FACILITIES": "No", "INDOOR_FACILITIES_CHTNM": "否 / 否", "OS_AREA": "27200", "OS_AREA_CHTNM": "27200", "REMARK": "The court has been sold and becomes private property. The LOS area is based on the information as at completion of the development and will not be further updated.", "REMARK_CHTNM": "該屋苑已出售成為私人物業。鄰舍休憩用地面積為項目竣工時之資料，並不再更新。 / 该屋苑已出售成为私人物业。邻舍休憩用地面积为项目竣工时之资料，并不再更新。", "LAST_UPDATE": "03/2024", "OBJECTID_1": 347 }, "geometry": { "type": "Point", "coordinates": [ 114.2247, 22.4214 ] } },
{ "type": "Feature", "properties": { "ADDRESS_ENGNM": "Sha Tin", "ADDRESS_CHTNM": "沙田 / 沙田", "BLDG_ENGNM": "Kam Hay Court", "BLDG_CHTNM": "錦禧苑 / 锦禧苑", "OS_STATUS": "Exist", "OS_STATUS_CHTNM": "現存 / 现存", "OS_TYPE": "Ancillary", "OS_TYPE_CHTNM": "附屬休憩用地 / 附属休憩用地", "BEACH": "No", "BEACH_CHTNM": "否 / 否", "AMENITY_AREA": "No", "AMENITY_AREA_CHTNM": "否 / 否", "INDOOR_FACILITIES": "No", "INDOOR_FACILITIES_CHTNM": "否 / 否", "OS_AREA": "5600", "OS_AREA_CHTNM": "5600", "REMARK": "The court has been sold and becomes private property. The LOS area is based on the information as at completion of the development and will not be further updated.", "REMARK_CHTNM": "該屋苑已出售成為私人物業。鄰舍休憩用地面積為項目竣工時之資料，並不再更新。 / 该屋苑已出售成为私人物业。邻舍休憩用地面积为项目竣工时之资料，并不再更新。", "LAST_UPDATE": "03/2024", "OBJECTID_1": 348 }, "geometry": { "type": "Point", "coordinates": [ 114.2309, 22.4217 ] } },
{ "type": "Feature", "properties": { "ADDRESS_ENGNM": "Sha Tin", "ADDRESS_CHTNM": "沙田 / 沙田", "BLDG_ENGNM": "Kam Lung Court", "BLDG_CHTNM": "錦龍苑 / 锦龙苑", "OS_STATUS": "Exist", "OS_STATUS_CHTNM": "現存 / 现存", "OS_TYPE": "Ancillary", "OS_TYPE_CHTNM": "附屬休憩用地 / 附属休憩用地", "BEACH": "No", "BEACH_CHTNM": "否 / 否", "AMENITY_AREA": "No", "AMENITY_AREA_CHTNM": "否 / 否", "INDOOR_FACILITIES": "No", "INDOOR_FACILITIES_CHTNM": "否 / 否", "OS_AREA": "8800", "OS_AREA_CHTNM": "8800", "REMARK": "The court has been sold and becomes private property. The LOS area is based on the information as at completion of the development and will not be further updated.", "REMARK_CHTNM": "該屋苑已出售成為私人物業。鄰舍休憩用地面積為項目竣工時之資料，並不再更新。 / 该屋苑已出售成为私人物业。邻舍休憩用地面积为项目竣工时之资料，并不再更新。", "LAST_UPDATE": "03/2024", "OBJECTID_1": 349 }, "geometry": { "type": "Point", "coordinates": [ 114.2403, 22.4262 ] } },
{ "type": "Feature", "properties": { "ADDRESS_ENGNM": "Sha Tin", "ADDRESS_CHTNM": "沙田 / 沙田", "BLDG_ENGNM": "Kam On Court", "BLDG_CHTNM": "錦鞍苑 / 锦鞍苑", "OS_STATUS": "Exist", "OS_STATUS_CHTNM": "現存 / 现存", "OS_TYPE": "Ancillary", "OS_TYPE_CHTNM": "附屬休憩用地 / 附属休憩用地", "BEACH": "No", "BEACH_CHTNM": "否 / 否", "AMENITY_AREA": "No", "AMENITY_AREA_CHTNM": "否 / 否", "INDOOR_FACILITIES": "No", "INDOOR_FACILITIES_CHTNM": "否 / 否", "OS_AREA": "9600", "OS_AREA_CHTNM": "9600", "REMARK": "The court has been sold and becomes private property. The LOS area is based on the information as at completion of the development and will not be further updated.", "REMARK_CHTNM": "該屋苑已出售成為私人物業。鄰舍休憩用地面積為項目竣工時之資料，並不再更新。 / 该屋苑已出售成为私人物业。邻舍休憩用地面积为项目竣工时之资料，并不再更新。", "LAST_UPDATE": "03/2024", "OBJECTID_1": 350 }, "geometry": { "type": "Point", "coordinates": [ 114.2267, 22.4162 ] } },
{ "type": "Feature", "properties": { "ADDRESS_ENGNM": "Sha Tin", "ADDRESS_CHTNM": "沙田 / 沙田", "BLDG_ENGNM": "Kam Tai Court", "BLDG_CHTNM": "錦泰苑 / 锦泰苑", "OS_STATUS": "Exist", "OS_STATUS_CHTNM": "現存 / 现存", "OS_TYPE": "Ancillary", "OS_TYPE_CHTNM": "附屬休憩用地 / 附属休憩用地", "BEACH": "No", "BEACH_CHTNM": "否 / 否", "AMENITY_AREA": "No", "AMENITY_AREA_CHTNM": "否 / 否", "INDOOR_FACILITIES": "No", "INDOOR_FACILITIES_CHTNM": "否 / 否", "OS_AREA": "25100", "OS_AREA_CHTNM": "25100", "REMARK": "The court has been sold and becomes private property. The LOS area is based on the information as at completion of the development and will not be further updated.", "REMARK_CHTNM": "該屋苑已出售成為私人物業。鄰舍休憩用地面積為項目竣工時之資料，並不再更新。 / 该屋苑已出售成为私人物业。邻舍休憩用地面积为项目竣工时之资料，并不再更新。", "LAST_UPDATE": "03/2024", "OBJECTID_1": 351 }, "geometry": { "type": "Point", "coordinates": [ 114.2211, 22.4079 ] } },
{ "type": "Feature", "properties": { "ADDRESS_ENGNM": "Sha Tin", "ADDRESS_CHTNM": "沙田 / 沙田", "BLDG_ENGNM": "Kam Ying Court", "BLDG_CHTNM": "錦英苑 / 锦英苑", "OS_STATUS": "Exist", "OS_STATUS_CHTNM": "現存 / 现存", "OS_TYPE": "Ancillary", "OS_TYPE_CHTNM": "附屬休憩用地 / 附属休憩用地", "BEACH": "No", "BEACH_CHTNM": "否 / 否", "AMENITY_AREA": "No", "AMENITY_AREA_CHTNM": "否 / 否", "INDOOR_FACILITIES": "No", "INDOOR_FACILITIES_CHTNM": "否 / 否", "OS_AREA": "18100", "OS_AREA_CHTNM": "18100", "REMARK": "The court has been sold and becomes private property. The LOS area is based on the information as at completion of the development and will not be further updated.", "REMARK_CHTNM": "該屋苑已出售成為私人物業。鄰舍休憩用地面積為項目竣工時之資料，並不再更新。 / 该屋苑已出售成为私人物业。邻舍休憩用地面积为项目竣工时之资料，并不再更新。", "LAST_UPDATE": "03/2024", "OBJECTID_1": 352 }, "geometry": { "type": "Point", "coordinates": [ 114.2378, 22.4234 ] } },
{ "type": "Feature", "properties": { "ADDRESS_ENGNM": "Sha Tin", "ADDRESS_CHTNM": "沙田 / 沙田", "BLDG_ENGNM": "King Tin Court", "BLDG_CHTNM": "景田苑 / 景田苑", "OS_STATUS": "Exist", "OS_STATUS_CHTNM": "現存 / 现存", "OS_TYPE": "Ancillary", "OS_TYPE_CHTNM": "附屬休憩用地 / 附属休憩用地", "BEACH": "No", "BEACH_CHTNM": "否 / 否", "AMENITY_AREA": "No", "AMENITY_AREA_CHTNM": "否 / 否", "INDOOR_FACILITIES": "No", "INDOOR_FACILITIES_CHTNM": "否 / 否", "OS_AREA": "9400", "OS_AREA_CHTNM": "9400", "REMARK": "The court has been sold and becomes private property. The LOS area is based on the information as at completion of the development and will not be further updated.", "REMARK_CHTNM": "該屋苑已出售成為私人物業。鄰舍休憩用地面積為項目竣工時之資料，並不再更新。 / 该屋苑已出售成为私人物业。邻舍休憩用地面积为项目竣工时之资料，并不再更新。", "LAST_UPDATE": "03/2024", "OBJECTID_1": 353 }, "geometry": { "type": "Point", "coordinates": [ 114.1795, 22.3671 ] } },
{ "type": "Feature", "properties": { "ADDRESS_ENGNM": "Sha Tin", "ADDRESS_CHTNM": "沙田 / 沙田", "BLDG_ENGNM": "Kwong Lam Court", "BLDG_CHTNM": "廣林苑 / 广林苑", "OS_STATUS": "Exist", "OS_STATUS_CHTNM": "現存 / 现存", "OS_TYPE": "Ancillary", "OS_TYPE_CHTNM": "附屬休憩用地 / 附属休憩用地", "BEACH": "No", "BEACH_CHTNM": "否 / 否", "AMENITY_AREA": "No", "AMENITY_AREA_CHTNM": "否 / 否", "INDOOR_FACILITIES": "No", "INDOOR_FACILITIES_CHTNM": "否 / 否", "OS_AREA": "4200", "OS_AREA_CHTNM": "4200", "REMARK": "The court has been sold and becomes private property. The LOS area is based on the information as at completion of the development and will not be further updated.", "REMARK_CHTNM": "該屋苑已出售成為私人物業。鄰舍休憩用地面積為項目竣工時之資料，並不再更新。 / 该屋苑已出售成为私人物业。邻舍休憩用地面积为项目竣工时之资料，并不再更新。", "LAST_UPDATE": "03/2024", "OBJECTID_1": 354 }, "geometry": { "type": "Point", "coordinates": [ 114.2158, 22.3805 ] } },
{ "type": "Feature", "properties": { "ADDRESS_ENGNM": "Sha Tin", "ADDRESS_CHTNM": "沙田 / 沙田", "BLDG_ENGNM": "May Shing Court", "BLDG_CHTNM": "美城苑 / 美城苑", "OS_STATUS": "Exist", "OS_STATUS_CHTNM": "現存 / 现存", "OS_TYPE": "Ancillary", "OS_TYPE_CHTNM": "附屬休憩用地 / 附属休憩用地", "BEACH": "No", "BEACH_CHTNM": "否 / 否", "AMENITY_AREA": "No", "AMENITY_AREA_CHTNM": "否 / 否", "INDOOR_FACILITIES": "No", "INDOOR_FACILITIES_CHTNM": "否 / 否", "OS_AREA": "14400", "OS_AREA_CHTNM": "14400", "REMARK": "The court has been sold and becomes private property. The LOS area is based on the information as at completion of the development and will not be further updated.", "REMARK_CHTNM": "該屋苑已出售成為私人物業。鄰舍休憩用地面積為項目竣工時之資料，並不再更新。 / 该屋苑已出售成为私人物业。邻舍休憩用地面积为项目竣工时之资料，并不再更新。", "LAST_UPDATE": "03/2024", "OBJECTID_1": 355 }, "geometry": { "type": "Point", "coordinates": [ 114.1749, 22.3793 ] } },
{ "type": "Feature", "properties": { "ADDRESS_ENGNM": "Sha Tin", "ADDRESS_CHTNM": "沙田 / 沙田", "BLDG_ENGNM": "Mei Chung Court", "BLDG_CHTNM": "美松苑 / 美松苑", "OS_STATUS": "Exist", "OS_STATUS_CHTNM": "現存 / 现存", "OS_TYPE": "Ancillary", "OS_TYPE_CHTNM": "附屬休憩用地 / 附属休憩用地", "BEACH": "No", "BEACH_CHTNM": "否 / 否", "AMENITY_AREA": "No", "AMENITY_AREA_CHTNM": "否 / 否", "INDOOR_FACILITIES": "No", "INDOOR_FACILITIES_CHTNM": "否 / 否", "OS_AREA": "18000", "OS_AREA_CHTNM": "18000", "REMARK": "The court has been sold and becomes private property. The LOS area is based on the information as at completion of the development and will not be further updated.", "REMARK_CHTNM": "該屋苑已出售成為私人物業。鄰舍休憩用地面積為項目竣工時之資料，並不再更新。 / 该屋苑已出售成为私人物业。邻舍休憩用地面积为项目竣工时之资料，并不再更新。", "LAST_UPDATE": "03/2024", "OBJECTID_1": 356 }, "geometry": { "type": "Point", "coordinates": [ 114.1727, 22.381 ] } },
{ "type": "Feature", "properties": { "ADDRESS_ENGNM": "Sha Tin", "ADDRESS_CHTNM": "沙田 / 沙田", "BLDG_ENGNM": "Mei Pak Court", "BLDG_CHTNM": "美柏苑 / 美柏苑", "OS_STATUS": "Exist", "OS_STATUS_CHTNM": "現存 / 现存", "OS_TYPE": "Ancillary", "OS_TYPE_CHTNM": "附屬休憩用地 / 附属休憩用地", "BEACH": "No", "BEACH_CHTNM": "否 / 否", "AMENITY_AREA": "No", "AMENITY_AREA_CHTNM": "否 / 否", "INDOOR_FACILITIES": "No", "INDOOR_FACILITIES_CHTNM": "否 / 否", "OS_AREA": "900", "OS_AREA_CHTNM": "900", "REMARK": "1) The court has been sold and becomes private property. The LOS area is based on the information as at completion of the development and will not be further updated. 2) The LOS area is the minimum area derived from the approved Planning Brief as at completion of the development.", "REMARK_CHTNM": "1) 該屋苑已出售成為私人物業。鄰舍休憩用地面積為項目竣工時之資料，並不再更新。 / 该屋苑已出售成为私人物业。邻舍休憩用地面积为项目竣工时之资料，并不再更新。2) 鄰舍休憩用地面積節錄自發展項目竣工時的核准規劃大綱內的最少面積。 / 邻舍休憩用地面积节录自发展项目竣工时的核准规划大纲内的最少面积。", "LAST_UPDATE": "03/2024", "OBJECTID_1": 357 }, "geometry": { "type": "Point", "coordinates": [ 114.1724, 22.3784 ] } },
{ "type": "Feature", "properties": { "ADDRESS_ENGNM": "Sha Tin", "ADDRESS_CHTNM": "沙田 / 沙田", "BLDG_ENGNM": "Mei Ying Court", "BLDG_CHTNM": "美盈苑 / 美盈苑", "OS_STATUS": "Exist", "OS_STATUS_CHTNM": "現存 / 现存", "OS_TYPE": "Ancillary", "OS_TYPE_CHTNM": "附屬休憩用地 / 附属休憩用地", "BEACH": "No", "BEACH_CHTNM": "否 / 否", "AMENITY_AREA": "No", "AMENITY_AREA_CHTNM": "否 / 否", "INDOOR_FACILITIES": "No", "INDOOR_FACILITIES_CHTNM": "否 / 否", "OS_AREA": "700", "OS_AREA_CHTNM": "700", "REMARK": "1) The court has been sold and becomes private property. The LOS area is based on the information as at completion of the development and will not be further updated. 2) The LOS area is the minimum area derived from the approved Planning Brief as at completion of the development.", "REMARK_CHTNM": "1) 該屋苑已出售成為私人物業。鄰舍休憩用地面積為項目竣工時之資料，並不再更新。 / 该屋苑已出售成为私人物业。邻舍休憩用地面积为项目竣工时之资料，并不再更新。2) 鄰舍休憩用地面積節錄自發展項目竣工時的核准規劃大綱內的最少面積。 / 邻舍休憩用地面积节录自发展项目竣工时的核准规划大纲内的最少面积。", "LAST_UPDATE": "03/2024", "OBJECTID_1": 358 }, "geometry": { "type": "Point", "coordinates": [ 114.1717, 22.3766 ] } },
{ "type": "Feature", "properties": { "ADDRESS_ENGNM": "Sha Tin", "ADDRESS_CHTNM": "沙田 / 沙田", "BLDG_ENGNM": "Saddle Ridge Garden", "BLDG_CHTNM": "富寶花園 / 富宝花园", "OS_STATUS": "Exist", "OS_STATUS_CHTNM": "現存 / 现存", "OS_TYPE": "Ancillary", "OS_TYPE_CHTNM": "附屬休憩用地 / 附属休憩用地", "BEACH": "No", "BEACH_CHTNM": "否 / 否", "AMENITY_AREA": "No", "AMENITY_AREA_CHTNM": "否 / 否", "INDOOR_FACILITIES": "No", "INDOOR_FACILITIES_CHTNM": "否 / 否", "OS_AREA": "16800", "OS_AREA_CHTNM": "16800", "REMARK": "The court has been sold and becomes private property. The LOS area is based on the information as at completion of the development and will not be further updated.", "REMARK_CHTNM": "該屋苑已出售成為私人物業。鄰舍休憩用地面積為項目竣工時之資料，並不再更新。 / 该屋苑已出售成为私人物业。邻舍休憩用地面积为项目竣工时之资料，并不再更新。", "LAST_UPDATE": "03/2024", "OBJECTID_1": 359 }, "geometry": { "type": "Point", "coordinates": [ 114.2396, 22.4244 ] } },
{ "type": "Feature", "properties": { "ADDRESS_ENGNM": "Sha Tin", "ADDRESS_CHTNM": "沙田 / 沙田", "BLDG_ENGNM": "Sui Wo Court", "BLDG_CHTNM": "穗禾苑 / 穗禾苑", "OS_STATUS": "Exist", "OS_STATUS_CHTNM": "現存 / 现存", "OS_TYPE": "Ancillary", "OS_TYPE_CHTNM": "附屬休憩用地 / 附属休憩用地", "BEACH": "No", "BEACH_CHTNM": "否 / 否", "AMENITY_AREA": "No", "AMENITY_AREA_CHTNM": "否 / 否", "INDOOR_FACILITIES": "No", "INDOOR_FACILITIES_CHTNM": "否 / 否", "OS_AREA": "25900", "OS_AREA_CHTNM": "25900", "REMARK": "The court has been sold and becomes private property. The LOS area is based on the information as at completion of the development and will not be further updated.", "REMARK_CHTNM": "該屋苑已出售成為私人物業。鄰舍休憩用地面積為項目竣工時之資料，並不再更新。 / 该屋苑已出售成为私人物业。邻舍休憩用地面积为项目竣工时之资料，并不再更新。", "LAST_UPDATE": "03/2024", "OBJECTID_1": 360 }, "geometry": { "type": "Point", "coordinates": [ 114.1945, 22.3939 ] } },
{ "type": "Feature", "properties": { "ADDRESS_ENGNM": "Sha Tin", "ADDRESS_CHTNM": "沙田 / 沙田", "BLDG_ENGNM": "Yu Chui Court", "BLDG_CHTNM": "愉翠苑 / 愉翠苑", "OS_STATUS": "Exist", "OS_STATUS_CHTNM": "現存 / 现存", "OS_TYPE": "Ancillary", "OS_TYPE_CHTNM": "附屬休憩用地 / 附属休憩用地", "BEACH": "No", "BEACH_CHTNM": "否 / 否", "AMENITY_AREA": "No", "AMENITY_AREA_CHTNM": "否 / 否", "INDOOR_FACILITIES": "No", "INDOOR_FACILITIES_CHTNM": "否 / 否", "OS_AREA": "34200", "OS_AREA_CHTNM": "34200", "REMARK": "The court has been sold and becomes private property. The LOS area is based on the information as at completion of the development and will not be further updated.", "REMARK_CHTNM": "該屋苑已出售成為私人物業。鄰舍休憩用地面積為項目竣工時之資料，並不再更新。 / 该屋苑已出售成为私人物业。邻舍休憩用地面积为项目竣工时之资料，并不再更新。", "LAST_UPDATE": "03/2024", "OBJECTID_1": 361 }, "geometry": { "type": "Point", "coordinates": [ 114.2049, 22.3813 ] } },
{ "type": "Feature", "properties": { "ADDRESS_ENGNM": "Sha Tin", "ADDRESS_CHTNM": "沙田 / 沙田", "BLDG_ENGNM": "Yue Shing Court", "BLDG_CHTNM": "愉城苑 / 愉城苑", "OS_STATUS": "Exist", "OS_STATUS_CHTNM": "現存 / 现存", "OS_TYPE": "Ancillary", "OS_TYPE_CHTNM": "附屬休憩用地 / 附属休憩用地", "BEACH": "No", "BEACH_CHTNM": "否 / 否", "AMENITY_AREA": "No", "AMENITY_AREA_CHTNM": "否 / 否", "INDOOR_FACILITIES": "No", "INDOOR_FACILITIES_CHTNM": "否 / 否", "OS_AREA": "4100", "OS_AREA_CHTNM": "4100", "REMARK": "The court has been sold and becomes private property. The LOS area is based on the information as at completion of the development and will not be further updated.", "REMARK_CHTNM": "該屋苑已出售成為私人物業。鄰舍休憩用地面積為項目竣工時之資料，並不再更新。 / 该屋苑已出售成为私人物业。邻舍休憩用地面积为项目竣工时之资料，并不再更新。", "LAST_UPDATE": "03/2024", "OBJECTID_1": 362 }, "geometry": { "type": "Point", "coordinates": [ 114.1929, 22.3788 ] } },
{ "type": "Feature", "properties": { "ADDRESS_ENGNM": "Sha Tin", "ADDRESS_CHTNM": "沙田 / 沙田", "BLDG_ENGNM": "Yu Tak Court", "BLDG_CHTNM": "愉德苑 / 愉德苑", "OS_STATUS": "Exist", "OS_STATUS_CHTNM": "現存 / 现存", "OS_TYPE": "Ancillary", "OS_TYPE_CHTNM": "附屬休憩用地 / 附属休憩用地", "BEACH": "No", "BEACH_CHTNM": "否 / 否", "AMENITY_AREA": "No", "AMENITY_AREA_CHTNM": "否 / 否", "INDOOR_FACILITIES": "No", "INDOOR_FACILITIES_CHTNM": "否 / 否", "OS_AREA": "1700", "OS_AREA_CHTNM": "1700", "REMARK": "1) The court has been sold and becomes private property. The LOS area is based on the information as at completion of the development and will not be further updated. 2) The LOS area is the minimum area derived from the approved Planning Brief as at completion of the development.", "REMARK_CHTNM": "1) 該屋苑已出售成為私人物業。鄰舍休憩用地面積為項目竣工時之資料，並不再更新。 / 该屋苑已出售成为私人物业。邻舍休憩用地面积为项目竣工时之资料，并不再更新。2) 鄰舍休憩用地面積節錄自發展項目竣工時的核准規劃大綱內的最少面積。 / 邻舍休憩用地面积节录自发展项目竣工时的核准规划大纲内的最少面积。", "LAST_UPDATE": "03/2024", "OBJECTID_1": 363 }, "geometry": { "type": "Point", "coordinates": [ 114.2058, 22.3889 ] } },
{ "type": "Feature", "properties": { "ADDRESS_ENGNM": "Sha Tin", "ADDRESS_CHTNM": "沙田 / 沙田", "BLDG_ENGNM": "Yue Tin Court", "BLDG_CHTNM": "愉田苑 / 愉田苑", "OS_STATUS": "Exist", "OS_STATUS_CHTNM": "現存 / 现存", "OS_TYPE": "Ancillary", "OS_TYPE_CHTNM": "附屬休憩用地 / 附属休憩用地", "BEACH": "No", "BEACH_CHTNM": "否 / 否", "AMENITY_AREA": "No", "AMENITY_AREA_CHTNM": "否 / 否", "INDOOR_FACILITIES": "No", "INDOOR_FACILITIES_CHTNM": "否 / 否", "OS_AREA": "20300", "OS_AREA_CHTNM": "20300", "REMARK": "The court has been sold and becomes private property. The LOS area is based on the information as at completion of the development and will not be further updated.", "REMARK_CHTNM": "該屋苑已出售成為私人物業。鄰舍休憩用地面積為項目竣工時之資料，並不再更新。 / 该屋苑已出售成为私人物业。邻舍休憩用地面积为项目竣工时之资料，并不再更新。", "LAST_UPDATE": "03/2024", "OBJECTID_1": 364 }, "geometry": { "type": "Point", "coordinates": [ 114.2027, 22.3828 ] } },
{ "type": "Feature", "properties": { "ADDRESS_ENGNM": "Sha Tin", "ADDRESS_CHTNM": "沙田 / 沙田", "BLDG_ENGNM": "Yuk Wo Court", "BLDG_CHTNM": "旭禾苑 / 旭禾苑", "OS_STATUS": "Exist", "OS_STATUS_CHTNM": "現存 / 现存", "OS_TYPE": "Ancillary", "OS_TYPE_CHTNM": "附屬休憩用地 / 附属休憩用地", "BEACH": "No", "BEACH_CHTNM": "否 / 否", "AMENITY_AREA": "No", "AMENITY_AREA_CHTNM": "否 / 否", "INDOOR_FACILITIES": "No", "INDOOR_FACILITIES_CHTNM": "否 / 否", "OS_AREA": "2600", "OS_AREA_CHTNM": "2600", "REMARK": "1) The court has been sold and becomes private property. The LOS area is based on the information as at completion of the development and will not be further updated. 2) The LOS area is the minimum area derived from the approved Planning Brief as at completion of the development.", "REMARK_CHTNM": "1) 該屋苑已出售成為私人物業。鄰舍休憩用地面積為項目竣工時之資料，並不再更新。 / 该屋苑已出售成为私人物业。邻舍休憩用地面积为项目竣工时之资料，并不再更新。2) 鄰舍休憩用地面積節錄自發展項目竣工時的核准規劃大綱內的最少面積。 / 邻舍休憩用地面积节录自发展项目竣工时的核准规划大纲内的最少面积。", "LAST_UPDATE": "03/2024", "OBJECTID_1": 365 }, "geometry": { "type": "Point", "coordinates": [ 114.196, 22.3964 ] } },
{ "type": "Feature", "properties": { "ADDRESS_ENGNM": "Sham Shui Po", "ADDRESS_CHTNM": "深水埗 / 深水埗", "BLDG_ENGNM": "Ching Lai Court", "BLDG_CHTNM": "清麗苑 / 清丽苑", "OS_STATUS": "Exist", "OS_STATUS_CHTNM": "現存 / 现存", "OS_TYPE": "Ancillary", "OS_TYPE_CHTNM": "附屬休憩用地 / 附属休憩用地", "BEACH": "No", "BEACH_CHTNM": "否 / 否", "AMENITY_AREA": "No", "AMENITY_AREA_CHTNM": "否 / 否", "INDOOR_FACILITIES": "No", "INDOOR_FACILITIES_CHTNM": "否 / 否", "OS_AREA": "8330", "OS_AREA_CHTNM": "8330", "REMARK": "The court has been sold and becomes private property. The LOS area is based on the information as at completion of the development and will not be further updated.", "REMARK_CHTNM": "該屋苑已出售成為私人物業。鄰舍休憩用地面積為項目竣工時之資料，並不再更新。 / 该屋苑已出售成为私人物业。邻舍休憩用地面积为项目竣工时之资料，并不再更新。", "LAST_UPDATE": "03/2024", "OBJECTID_1": 366 }, "geometry": { "type": "Point", "coordinates": [ 114.135, 22.3388 ] } },
{ "type": "Feature", "properties": { "ADDRESS_ENGNM": "Sham Shui Po", "ADDRESS_CHTNM": "深水埗 / 深水埗", "BLDG_ENGNM": "Hang Chun Court", "BLDG_CHTNM": "幸俊苑 / 幸俊苑", "OS_STATUS": "Exist", "OS_STATUS_CHTNM": "現存 / 现存", "OS_TYPE": "Ancillary", "OS_TYPE_CHTNM": "附屬休憩用地 / 附属休憩用地", "BEACH": "No", "BEACH_CHTNM": "否 / 否", "AMENITY_AREA": "No", "AMENITY_AREA_CHTNM": "否 / 否", "INDOOR_FACILITIES": "No", "INDOOR_FACILITIES_CHTNM": "否 / 否", "OS_AREA": "4100", "OS_AREA_CHTNM": "4100", "REMARK": "The court has been sold and becomes private property. The LOS area is based on the information as at completion of the development and will not be further updated.", "REMARK_CHTNM": "該屋苑已出售成為私人物業。鄰舍休憩用地面積為項目竣工時之資料，並不再更新。 / 该屋苑已出售成为私人物业。邻舍休憩用地面积为项目竣工时之资料，并不再更新。", "LAST_UPDATE": "03/2024", "OBJECTID_1": 367 }, "geometry": { "type": "Point", "coordinates": [ 114.153, 22.3362 ] } },
{ "type": "Feature", "properties": { "ADDRESS_ENGNM": "Sham Shui Po", "ADDRESS_CHTNM": "深水埗 / 深水埗", "BLDG_ENGNM": "Hoi Lok Court", "BLDG_CHTNM": "凱樂苑 / 凯乐苑", "OS_STATUS": "Exist", "OS_STATUS_CHTNM": "現存 / 现存", "OS_TYPE": "Ancillary", "OS_TYPE_CHTNM": "附屬休憩用地 / 附属休憩用地", "BEACH": "No", "BEACH_CHTNM": "否 / 否", "AMENITY_AREA": "No", "AMENITY_AREA_CHTNM": "否 / 否", "INDOOR_FACILITIES": "No", "INDOOR_FACILITIES_CHTNM": "否 / 否", "OS_AREA": "7770", "OS_AREA_CHTNM": "7770", "REMARK": "1) The court has been sold and becomes private property. The LOS area is based on the information as at completion of the development and will not be further updated. 2) The LOS area is the minimum area derived from the approved Planning Brief as at completion of the development.", "REMARK_CHTNM": "1) 該屋苑已出售成為私人物業。鄰舍休憩用地面積為項目竣工時之資料，並不再更新。 / 该屋苑已出售成为私人物业。邻舍休憩用地面积为项目竣工时之资料，并不再更新。2) 鄰舍休憩用地面積節錄自發展項目竣工時的核准規劃大綱內的最少面積。 / 邻舍休憩用地面积节录自发展项目竣工时的核准规划大纲内的最少面积。", "LAST_UPDATE": "03/2024", "OBJECTID_1": 368 }, "geometry": { "type": "Point", "coordinates": [ 114.1494, 22.3281 ] } },
{ "type": "Feature", "properties": { "ADDRESS_ENGNM": "Sham Shui Po", "ADDRESS_CHTNM": "深水埗 / 深水埗", "BLDG_ENGNM": "Hoi Tak Court", "BLDG_CHTNM": "凱德苑 / 凯德苑", "OS_STATUS": "Exist", "OS_STATUS_CHTNM": "現存 / 现存", "OS_TYPE": "Ancillary", "OS_TYPE_CHTNM": "附屬休憩用地 / 附属休憩用地", "BEACH": "No", "BEACH_CHTNM": "否 / 否", "AMENITY_AREA": "No", "AMENITY_AREA_CHTNM": "否 / 否", "INDOOR_FACILITIES": "No", "INDOOR_FACILITIES_CHTNM": "否 / 否", "OS_AREA": "2300", "OS_AREA_CHTNM": "2300", "REMARK": "1) The court has been sold and becomes private property. The LOS area is based on the information as at completion of the development and will not be further updated. 2) The LOS area is the minimum area derived from the approved Planning Brief as at completion of the development.", "REMARK_CHTNM": "1) 該屋苑已出售成為私人物業。鄰舍休憩用地面積為項目竣工時之資料，並不再更新。 / 该屋苑已出售成为私人物业。邻舍休憩用地面积为项目竣工时之资料，并不再更新。2) 鄰舍休憩用地面積節錄自發展項目竣工時的核准規劃大綱內的最少面積。 / 邻舍休憩用地面积节录自发展项目竣工时的核准规划大纲内的最少面积。", "LAST_UPDATE": "03/2024", "OBJECTID_1": 369 }, "geometry": { "type": "Point", "coordinates": [ 114.1514, 22.3309 ] } },
{ "type": "Feature", "properties": { "ADDRESS_ENGNM": "Sham Shui Po", "ADDRESS_CHTNM": "深水埗 / 深水埗", "BLDG_ENGNM": "Po Hei Court", "BLDG_CHTNM": "寶熙苑 / 宝熙苑", "OS_STATUS": "Exist", "OS_STATUS_CHTNM": "現存 / 现存", "OS_TYPE": "Ancillary", "OS_TYPE_CHTNM": "附屬休憩用地 / 附属休憩用地", "BEACH": "No", "BEACH_CHTNM": "否 / 否", "AMENITY_AREA": "No", "AMENITY_AREA_CHTNM": "否 / 否", "INDOOR_FACILITIES": "No", "INDOOR_FACILITIES_CHTNM": "否 / 否", "OS_AREA": "600", "OS_AREA_CHTNM": "600", "REMARK": "The court has been sold and becomes private property. The LOS area is based on the information as at completion of the development and will not be further updated.", "REMARK_CHTNM": "該屋苑已出售成為私人物業。鄰舍休憩用地面積為項目竣工時之資料，並不再更新。 / 该屋苑已出售成为私人物业。邻舍休憩用地面积为项目竣工时之资料，并不再更新。", "LAST_UPDATE": "03/2024", "OBJECTID_1": 370 }, "geometry": { "type": "Point", "coordinates": [ 114.1594, 22.3373 ] } },
{ "type": "Feature", "properties": { "ADDRESS_ENGNM": "Sham Shui Po", "ADDRESS_CHTNM": "深水埗 / 深水埗", "BLDG_ENGNM": "Po Lai Court", "BLDG_CHTNM": "寶麗苑 / 宝丽苑", "OS_STATUS": "Exist", "OS_STATUS_CHTNM": "現存 / 现存", "OS_TYPE": "Ancillary", "OS_TYPE_CHTNM": "附屬休憩用地 / 附属休憩用地", "BEACH": "No", "BEACH_CHTNM": "否 / 否", "AMENITY_AREA": "No", "AMENITY_AREA_CHTNM": "否 / 否", "INDOOR_FACILITIES": "No", "INDOOR_FACILITIES_CHTNM": "否 / 否", "OS_AREA": "2400", "OS_AREA_CHTNM": "2400", "REMARK": "The court has been sold and becomes private property. The LOS area is based on the information as at completion of the development and will not be further updated.", "REMARK_CHTNM": "該屋苑已出售成為私人物業。鄰舍休憩用地面積為項目竣工時之資料，並不再更新。 / 该屋苑已出售成为私人物业。邻舍休憩用地面积为项目竣工时之资料，并不再更新。", "LAST_UPDATE": "03/2024", "OBJECTID_1": 371 }, "geometry": { "type": "Point", "coordinates": [ 114.1582, 22.3382 ] } },
{ "type": "Feature", "properties": { "ADDRESS_ENGNM": "Sham Shui Po", "ADDRESS_CHTNM": "深水埗 / 深水埗", "BLDG_ENGNM": "Yee Ching Court", "BLDG_CHTNM": "怡靖苑 / 怡靖苑", "OS_STATUS": "Exist", "OS_STATUS_CHTNM": "現存 / 现存", "OS_TYPE": "Ancillary", "OS_TYPE_CHTNM": "附屬休憩用地 / 附属休憩用地", "BEACH": "No", "BEACH_CHTNM": "否 / 否", "AMENITY_AREA": "No", "AMENITY_AREA_CHTNM": "否 / 否", "INDOOR_FACILITIES": "No", "INDOOR_FACILITIES_CHTNM": "否 / 否", "OS_AREA": "4300", "OS_AREA_CHTNM": "4300", "REMARK": "The court has been sold and becomes private property. The LOS area is based on the information as at completion of the development and will not be further updated.", "REMARK_CHTNM": "該屋苑已出售成為私人物業。鄰舍休憩用地面積為項目竣工時之資料，並不再更新。 / 该屋苑已出售成为私人物业。邻舍休憩用地面积为项目竣工时之资料，并不再更新。", "LAST_UPDATE": "03/2024", "OBJECTID_1": 372 }, "geometry": { "type": "Point", "coordinates": [ 114.1598, 22.3321 ] } },
{ "type": "Feature", "properties": { "ADDRESS_ENGNM": "Sham Shui Po", "ADDRESS_CHTNM": "深水埗 / 深水埗", "BLDG_ENGNM": "Yee Kok Court", "BLDG_CHTNM": "怡閣苑 / 怡阁苑", "OS_STATUS": "Exist", "OS_STATUS_CHTNM": "現存 / 现存", "OS_TYPE": "Ancillary", "OS_TYPE_CHTNM": "附屬休憩用地 / 附属休憩用地", "BEACH": "No", "BEACH_CHTNM": "否 / 否", "AMENITY_AREA": "No", "AMENITY_AREA_CHTNM": "否 / 否", "INDOOR_FACILITIES": "No", "INDOOR_FACILITIES_CHTNM": "否 / 否", "OS_AREA": "6380", "OS_AREA_CHTNM": "6380", "REMARK": "The court has been sold and becomes private property. The LOS area is based on the information as at completion of the development and will not be further updated.", "REMARK_CHTNM": "該屋苑已出售成為私人物業。鄰舍休憩用地面積為項目竣工時之資料，並不再更新。 / 该屋苑已出售成为私人物业。邻舍休憩用地面积为项目竣工时之资料，并不再更新。", "LAST_UPDATE": "03/2024", "OBJECTID_1": 373 }, "geometry": { "type": "Point", "coordinates": [ 114.1578, 22.3332 ] } },
{ "type": "Feature", "properties": { "ADDRESS_ENGNM": "Southern", "ADDRESS_CHTNM": "南區 / 南区", "BLDG_ENGNM": "Broadview Court", "BLDG_CHTNM": "雅濤閣 / 雅涛阁", "OS_STATUS": "Exist", "OS_STATUS_CHTNM": "現存 / 现存", "OS_TYPE": "Ancillary", "OS_TYPE_CHTNM": "附屬休憩用地 / 附属休憩用地", "BEACH": "No", "BEACH_CHTNM": "否 / 否", "AMENITY_AREA": "No", "AMENITY_AREA_CHTNM": "否 / 否", "INDOOR_FACILITIES": "No", "INDOOR_FACILITIES_CHTNM": "否 / 否", "OS_AREA": "6300", "OS_AREA_CHTNM": "6300", "REMARK": "The court has been sold and becomes private property. The LOS area is based on the information as at completion of the development and will not be further updated.", "REMARK_CHTNM": "該屋苑已出售成為私人物業。鄰舍休憩用地面積為項目竣工時之資料，並不再更新。 / 该屋苑已出售成为私人物业。邻舍休憩用地面积为项目竣工时之资料，并不再更新。", "LAST_UPDATE": "03/2024", "OBJECTID_1": 374 }, "geometry": { "type": "Point", "coordinates": [ 114.1655, 22.2427 ] } },
{ "type": "Feature", "properties": { "ADDRESS_ENGNM": "Southern", "ADDRESS_CHTNM": "南區 / 南区", "BLDG_ENGNM": "Hung Fuk Court", "BLDG_CHTNM": "鴻福苑 / 鸿福苑", "OS_STATUS": "Exist", "OS_STATUS_CHTNM": "現存 / 现存", "OS_TYPE": "Ancillary", "OS_TYPE_CHTNM": "附屬休憩用地 / 附属休憩用地", "BEACH": "No", "BEACH_CHTNM": "否 / 否", "AMENITY_AREA": "No", "AMENITY_AREA_CHTNM": "否 / 否", "INDOOR_FACILITIES": "No", "INDOOR_FACILITIES_CHTNM": "否 / 否", "OS_AREA": "3100", "OS_AREA_CHTNM": "3100", "REMARK": "The court has been sold and becomes private property. The LOS area is based on the information as at completion of the development and will not be further updated.", "REMARK_CHTNM": "該屋苑已出售成為私人物業。鄰舍休憩用地面積為項目竣工時之資料，並不再更新。 / 该屋苑已出售成为私人物业。邻舍休憩用地面积为项目竣工时之资料，并不再更新。", "LAST_UPDATE": "03/2024", "OBJECTID_1": 375 }, "geometry": { "type": "Point", "coordinates": [ 114.1505, 22.2512 ] } },
{ "type": "Feature", "properties": { "ADDRESS_ENGNM": "Southern", "ADDRESS_CHTNM": "南區 / 南区", "BLDG_ENGNM": "Ka Lung Court", "BLDG_CHTNM": "嘉隆苑 / 嘉隆苑", "OS_STATUS": "Exist", "OS_STATUS_CHTNM": "現存 / 现存", "OS_TYPE": "Ancillary", "OS_TYPE_CHTNM": "附屬休憩用地 / 附属休憩用地", "BEACH": "No", "BEACH_CHTNM": "否 / 否", "AMENITY_AREA": "No", "AMENITY_AREA_CHTNM": "否 / 否", "INDOOR_FACILITIES": "No", "INDOOR_FACILITIES_CHTNM": "否 / 否", "OS_AREA": "4400", "OS_AREA_CHTNM": "4400", "REMARK": "The court has been sold and becomes private property. The LOS area is based on the information as at completion of the development and will not be further updated.", "REMARK_CHTNM": "該屋苑已出售成為私人物業。鄰舍休憩用地面積為項目竣工時之資料，並不再更新。 / 该屋苑已出售成为私人物业。邻舍休憩用地面积为项目竣工时之资料，并不再更新。", "LAST_UPDATE": "03/2024", "OBJECTID_1": 376 }, "geometry": { "type": "Point", "coordinates": [ 114.138, 22.2493 ] } },
{ "type": "Feature", "properties": { "ADDRESS_ENGNM": "Southern", "ADDRESS_CHTNM": "南區 / 南区", "BLDG_ENGNM": "Lung Tak Court", "BLDG_CHTNM": "龍德苑 / 龙德苑", "OS_STATUS": "Exist", "OS_STATUS_CHTNM": "現存 / 现存", "OS_TYPE": "Ancillary", "OS_TYPE_CHTNM": "附屬休憩用地 / 附属休憩用地", "BEACH": "No", "BEACH_CHTNM": "否 / 否", "AMENITY_AREA": "No", "AMENITY_AREA_CHTNM": "否 / 否", "INDOOR_FACILITIES": "No", "INDOOR_FACILITIES_CHTNM": "否 / 否", "OS_AREA": "16900", "OS_AREA_CHTNM": "16900", "REMARK": "The court has been sold and becomes private property. The LOS area is based on the information as at completion of the development and will not be further updated.", "REMARK_CHTNM": "該屋苑已出售成為私人物業。鄰舍休憩用地面積為項目竣工時之資料，並不再更新。 / 该屋苑已出售成为私人物业。邻舍休憩用地面积为项目竣工时之资料，并不再更新。", "LAST_UPDATE": "03/2024", "OBJECTID_1": 377 }, "geometry": { "type": "Point", "coordinates": [ 114.2087, 22.2196 ] } },
{ "type": "Feature", "properties": { "ADDRESS_ENGNM": "Southern", "ADDRESS_CHTNM": "南區 / 南区", "BLDG_ENGNM": "Lung Yan Court", "BLDG_CHTNM": "龍欣苑 / 龙欣苑", "OS_STATUS": "Exist", "OS_STATUS_CHTNM": "現存 / 现存", "OS_TYPE": "Ancillary", "OS_TYPE_CHTNM": "附屬休憩用地 / 附属休憩用地", "BEACH": "No", "BEACH_CHTNM": "否 / 否", "AMENITY_AREA": "No", "AMENITY_AREA_CHTNM": "否 / 否", "INDOOR_FACILITIES": "No", "INDOOR_FACILITIES_CHTNM": "否 / 否", "OS_AREA": "2200", "OS_AREA_CHTNM": "2200", "REMARK": "The court has been sold and becomes private property. The LOS area is based on the information as at completion of the development and will not be further updated.", "REMARK_CHTNM": "該屋苑已出售成為私人物業。鄰舍休憩用地面積為項目竣工時之資料，並不再更新。 / 该屋苑已出售成为私人物业。邻舍休憩用地面积为项目竣工时之资料，并不再更新。", "LAST_UPDATE": "03/2024", "OBJECTID_1": 378 }, "geometry": { "type": "Point", "coordinates": [ 114.2054, 22.2214 ] } },
{ "type": "Feature", "properties": { "ADDRESS_ENGNM": "Southern", "ADDRESS_CHTNM": "南區 / 南区", "BLDG_ENGNM": "Ocean Court", "BLDG_CHTNM": "逸港居 / 逸港居", "OS_STATUS": "Exist", "OS_STATUS_CHTNM": "現存 / 现存", "OS_TYPE": "Ancillary", "OS_TYPE_CHTNM": "附屬休憩用地 / 附属休憩用地", "BEACH": "No", "BEACH_CHTNM": "否 / 否", "AMENITY_AREA": "No", "AMENITY_AREA_CHTNM": "否 / 否", "INDOOR_FACILITIES": "No", "INDOOR_FACILITIES_CHTNM": "否 / 否", "OS_AREA": "2300", "OS_AREA_CHTNM": "2300", "REMARK": "The court has been sold and becomes private property. The LOS area is based on the information as at completion of the development and will not be further updated.", "REMARK_CHTNM": "該屋苑已出售成為私人物業。鄰舍休憩用地面積為項目竣工時之資料，並不再更新。 / 该屋苑已出售成为私人物业。邻舍休憩用地面积为项目竣工时之资料，并不再更新。", "LAST_UPDATE": "03/2024", "OBJECTID_1": 379 }, "geometry": { "type": "Point", "coordinates": [ 114.1594, 22.2474 ] } },
{ "type": "Feature", "properties": { "ADDRESS_ENGNM": "Southern", "ADDRESS_CHTNM": "南區 / 南区", "BLDG_ENGNM": "South Wave Court", "BLDG_CHTNM": "南濤閣 / 南涛阁", "OS_STATUS": "Exist", "OS_STATUS_CHTNM": "現存 / 现存", "OS_TYPE": "Ancillary", "OS_TYPE_CHTNM": "附屬休憩用地 / 附属休憩用地", "BEACH": "No", "BEACH_CHTNM": "否 / 否", "AMENITY_AREA": "No", "AMENITY_AREA_CHTNM": "否 / 否", "INDOOR_FACILITIES": "No", "INDOOR_FACILITIES_CHTNM": "否 / 否", "OS_AREA": "2100", "OS_AREA_CHTNM": "2100", "REMARK": "The court has been sold and becomes private property. The LOS area is based on the information as at completion of the development and will not be further updated.", "REMARK_CHTNM": "該屋苑已出售成為私人物業。鄰舍休憩用地面積為項目竣工時之資料，並不再更新。 / 该屋苑已出售成为私人物业。邻舍休憩用地面积为项目竣工时之资料，并不再更新。", "LAST_UPDATE": "03/2024", "OBJECTID_1": 380 }, "geometry": { "type": "Point", "coordinates": [ 114.1662, 22.2446 ] } },
{ "type": "Feature", "properties": { "ADDRESS_ENGNM": "Southern", "ADDRESS_CHTNM": "南區 / 南区", "BLDG_ENGNM": "Yue Fai Court", "BLDG_CHTNM": "漁暉苑 / 渔晖苑", "OS_STATUS": "Exist", "OS_STATUS_CHTNM": "現存 / 现存", "OS_TYPE": "Ancillary", "OS_TYPE_CHTNM": "附屬休憩用地 / 附属休憩用地", "BEACH": "No", "BEACH_CHTNM": "否 / 否", "AMENITY_AREA": "No", "AMENITY_AREA_CHTNM": "否 / 否", "INDOOR_FACILITIES": "No", "INDOOR_FACILITIES_CHTNM": "否 / 否", "OS_AREA": "5600", "OS_AREA_CHTNM": "5600", "REMARK": "The court has been sold and becomes private property. The LOS area is based on the information as at completion of the development and will not be further updated.", "REMARK_CHTNM": "該屋苑已出售成為私人物業。鄰舍休憩用地面積為項目竣工時之資料，並不再更新。 / 该屋苑已出售成为私人物业。邻舍休憩用地面积为项目竣工时之资料，并不再更新。", "LAST_UPDATE": "03/2024", "OBJECTID_1": 381 }, "geometry": { "type": "Point", "coordinates": [ 114.1571, 22.2503 ] } },
{ "type": "Feature", "properties": { "ADDRESS_ENGNM": "Southern", "ADDRESS_CHTNM": "南區 / 南区", "BLDG_ENGNM": "Yue On Court", "BLDG_CHTNM": "漁安苑 / 渔安苑", "OS_STATUS": "Exist", "OS_STATUS_CHTNM": "現存 / 现存", "OS_TYPE": "Ancillary", "OS_TYPE_CHTNM": "附屬休憩用地 / 附属休憩用地", "BEACH": "No", "BEACH_CHTNM": "否 / 否", "AMENITY_AREA": "No", "AMENITY_AREA_CHTNM": "否 / 否", "INDOOR_FACILITIES": "No", "INDOOR_FACILITIES_CHTNM": "否 / 否", "OS_AREA": "7500", "OS_AREA_CHTNM": "7500", "REMARK": "The court has been sold and becomes private property. The LOS area is based on the information as at completion of the development and will not be further updated.", "REMARK_CHTNM": "該屋苑已出售成為私人物業。鄰舍休憩用地面積為項目竣工時之資料，並不再更新。 / 该屋苑已出售成为私人物业。邻舍休憩用地面积为项目竣工时之资料，并不再更新。", "LAST_UPDATE": "03/2024", "OBJECTID_1": 382 }, "geometry": { "type": "Point", "coordinates": [ 114.1577, 22.2428 ] } },
{ "type": "Feature", "properties": { "ADDRESS_ENGNM": "Tai Po", "ADDRESS_CHTNM": "大埔 / 大埔", "BLDG_ENGNM": "Chung Nga Court", "BLDG_CHTNM": "頌雅苑 / 颂雅苑", "OS_STATUS": "Exist", "OS_STATUS_CHTNM": "現存 / 现存", "OS_TYPE": "Ancillary", "OS_TYPE_CHTNM": "附屬休憩用地 / 附属休憩用地", "BEACH": "No", "BEACH_CHTNM": "否 / 否", "AMENITY_AREA": "No", "AMENITY_AREA_CHTNM": "否 / 否", "INDOOR_FACILITIES": "No", "INDOOR_FACILITIES_CHTNM": "否 / 否", "OS_AREA": "8500", "OS_AREA_CHTNM": "8500", "REMARK": "The court has been sold and becomes private property. The LOS area is based on the information as at completion of the development and will not be further updated.", "REMARK_CHTNM": "該屋苑已出售成為私人物業。鄰舍休憩用地面積為項目竣工時之資料，並不再更新。 / 该屋苑已出售成为私人物业。邻舍休憩用地面积为项目竣工时之资料，并不再更新。", "LAST_UPDATE": "03/2024", "OBJECTID_1": 383 }, "geometry": { "type": "Point", "coordinates": [ 114.1706, 22.4597 ] } },
{ "type": "Feature", "properties": { "ADDRESS_ENGNM": "Tai Po", "ADDRESS_CHTNM": "大埔 / 大埔", "BLDG_ENGNM": "Elegance Garden", "BLDG_CHTNM": "富雅花園 / 富雅花园", "OS_STATUS": "Exist", "OS_STATUS_CHTNM": "現存 / 现存", "OS_TYPE": "Ancillary", "OS_TYPE_CHTNM": "附屬休憩用地 / 附属休憩用地", "BEACH": "No", "BEACH_CHTNM": "否 / 否", "AMENITY_AREA": "No", "AMENITY_AREA_CHTNM": "否 / 否", "INDOOR_FACILITIES": "No", "INDOOR_FACILITIES_CHTNM": "否 / 否", "OS_AREA": "4900", "OS_AREA_CHTNM": "4900", "REMARK": "The court has been sold and becomes private property. The LOS area is based on the information as at completion of the development and will not be further updated.", "REMARK_CHTNM": "該屋苑已出售成為私人物業。鄰舍休憩用地面積為項目竣工時之資料，並不再更新。 / 该屋苑已出售成为私人物业。邻舍休憩用地面积为项目竣工时之资料，并不再更新。", "LAST_UPDATE": "03/2024", "OBJECTID_1": 384 }, "geometry": { "type": "Point", "coordinates": [ 114.1678, 22.4445 ] } },
{ "type": "Feature", "properties": { "ADDRESS_ENGNM": "Tai Po", "ADDRESS_CHTNM": "大埔 / 大埔", "BLDG_ENGNM": "King Nga Court", "BLDG_CHTNM": "景雅苑 / 景雅苑", "OS_STATUS": "Exist", "OS_STATUS_CHTNM": "現存 / 现存", "OS_TYPE": "Ancillary", "OS_TYPE_CHTNM": "附屬休憩用地 / 附属休憩用地", "BEACH": "No", "BEACH_CHTNM": "否 / 否", "AMENITY_AREA": "No", "AMENITY_AREA_CHTNM": "否 / 否", "INDOOR_FACILITIES": "No", "INDOOR_FACILITIES_CHTNM": "否 / 否", "OS_AREA": "3400", "OS_AREA_CHTNM": "3400", "REMARK": "The court has been sold and becomes private property. The LOS area is based on the information as at completion of the development and will not be further updated.", "REMARK_CHTNM": "該屋苑已出售成為私人物業。鄰舍休憩用地面積為項目竣工時之資料，並不再更新。 / 该屋苑已出售成为私人物业。邻舍休憩用地面积为项目竣工时之资料，并不再更新。", "LAST_UPDATE": "03/2024", "OBJECTID_1": 385 }, "geometry": { "type": "Point", "coordinates": [ 114.1664, 22.4407 ] } },
{ "type": "Feature", "properties": { "ADDRESS_ENGNM": "Tai Po", "ADDRESS_CHTNM": "大埔 / 大埔", "BLDG_ENGNM": "Ming Nga Court", "BLDG_CHTNM": "明雅苑 / 明雅苑", "OS_STATUS": "Exist", "OS_STATUS_CHTNM": "現存 / 现存", "OS_TYPE": "Ancillary", "OS_TYPE_CHTNM": "附屬休憩用地 / 附属休憩用地", "BEACH": "No", "BEACH_CHTNM": "否 / 否", "AMENITY_AREA": "No", "AMENITY_AREA_CHTNM": "否 / 否", "INDOOR_FACILITIES": "No", "INDOOR_FACILITIES_CHTNM": "否 / 否", "OS_AREA": "14100", "OS_AREA_CHTNM": "14100", "REMARK": "The court has been sold and becomes private property. The LOS area is based on the information as at completion of the development and will not be further updated.", "REMARK_CHTNM": "該屋苑已出售成為私人物業。鄰舍休憩用地面積為項目竣工時之資料，並不再更新。 / 该屋苑已出售成为私人物业。邻舍休憩用地面积为项目竣工时之资料，并不再更新。", "LAST_UPDATE": "03/2024", "OBJECTID_1": 386 }, "geometry": { "type": "Point", "coordinates": [ 114.1747, 22.4519 ] } },
{ "type": "Feature", "properties": { "ADDRESS_ENGNM": "Tai Po", "ADDRESS_CHTNM": "大埔 / 大埔", "BLDG_ENGNM": "Po Nga Court", "BLDG_CHTNM": "寶雅苑 / 宝雅苑", "OS_STATUS": "Exist", "OS_STATUS_CHTNM": "現存 / 现存", "OS_TYPE": "Ancillary", "OS_TYPE_CHTNM": "附屬休憩用地 / 附属休憩用地", "BEACH": "No", "BEACH_CHTNM": "否 / 否", "AMENITY_AREA": "No", "AMENITY_AREA_CHTNM": "否 / 否", "INDOOR_FACILITIES": "No", "INDOOR_FACILITIES_CHTNM": "否 / 否", "OS_AREA": "7400", "OS_AREA_CHTNM": "7400", "REMARK": "The court has been sold and becomes private property. The LOS area is based on the information as at completion of the development and will not be further updated.", "REMARK_CHTNM": "該屋苑已出售成為私人物業。鄰舍休憩用地面積為項目竣工時之資料，並不再更新。 / 该屋苑已出售成为私人物业。邻舍休憩用地面积为项目竣工时之资料，并不再更新。", "LAST_UPDATE": "03/2024", "OBJECTID_1": 387 }, "geometry": { "type": "Point", "coordinates": [ 114.1596, 22.4515 ] } },
{ "type": "Feature", "properties": { "ADDRESS_ENGNM": "Tai Po", "ADDRESS_CHTNM": "大埔 / 大埔", "BLDG_ENGNM": "Sun Hing Garden", "BLDG_CHTNM": "新興花園 / 新兴花园", "OS_STATUS": "Exist", "OS_STATUS_CHTNM": "現存 / 现存", "OS_TYPE": "Ancillary", "OS_TYPE_CHTNM": "附屬休憩用地 / 附属休憩用地", "BEACH": "No", "BEACH_CHTNM": "否 / 否", "AMENITY_AREA": "No", "AMENITY_AREA_CHTNM": "否 / 否", "INDOOR_FACILITIES": "No", "INDOOR_FACILITIES_CHTNM": "否 / 否", "OS_AREA": "6500", "OS_AREA_CHTNM": "6500", "REMARK": "The court has been sold and becomes private property. The LOS area is based on the information as at completion of the development and will not be further updated.", "REMARK_CHTNM": "該屋苑已出售成為私人物業。鄰舍休憩用地面積為項目竣工時之資料，並不再更新。 / 该屋苑已出售成为私人物业。邻舍休憩用地面积为项目竣工时之资料，并不再更新。", "LAST_UPDATE": "03/2024", "OBJECTID_1": 388 }, "geometry": { "type": "Point", "coordinates": [ 114.1728, 22.4535 ] } },
{ "type": "Feature", "properties": { "ADDRESS_ENGNM": "Tai Po", "ADDRESS_CHTNM": "大埔 / 大埔", "BLDG_ENGNM": "Tai Po Plaza", "BLDG_CHTNM": "大埔廣場 / 大埔广场", "OS_STATUS": "Exist", "OS_STATUS_CHTNM": "現存 / 现存", "OS_TYPE": "Ancillary", "OS_TYPE_CHTNM": "附屬休憩用地 / 附属休憩用地", "BEACH": "No", "BEACH_CHTNM": "否 / 否", "AMENITY_AREA": "No", "AMENITY_AREA_CHTNM": "否 / 否", "INDOOR_FACILITIES": "No", "INDOOR_FACILITIES_CHTNM": "否 / 否", "OS_AREA": "9300", "OS_AREA_CHTNM": "9300", "REMARK": "The court has been sold and becomes private property. The LOS area is based on the information as at completion of the development and will not be further updated.", "REMARK_CHTNM": "該屋苑已出售成為私人物業。鄰舍休憩用地面積為項目竣工時之資料，並不再更新。 / 该屋苑已出售成为私人物业。邻舍休憩用地面积为项目竣工时之资料，并不再更新。", "LAST_UPDATE": "03/2024", "OBJECTID_1": 389 }, "geometry": { "type": "Point", "coordinates": [ 114.1699, 22.4529 ] } },
{ "type": "Feature", "properties": { "ADDRESS_ENGNM": "Tai Po", "ADDRESS_CHTNM": "大埔 / 大埔", "BLDG_ENGNM": "Tak Nga Court", "BLDG_CHTNM": "德雅苑 / 德雅苑", "OS_STATUS": "Exist", "OS_STATUS_CHTNM": "現存 / 现存", "OS_TYPE": "Ancillary", "OS_TYPE_CHTNM": "附屬休憩用地 / 附属休憩用地", "BEACH": "No", "BEACH_CHTNM": "否 / 否", "AMENITY_AREA": "No", "AMENITY_AREA_CHTNM": "否 / 否", "INDOOR_FACILITIES": "No", "INDOOR_FACILITIES_CHTNM": "否 / 否", "OS_AREA": "2700", "OS_AREA_CHTNM": "2700", "REMARK": "The court has been sold and becomes private property. The LOS area is based on the information as at completion of the development and will not be further updated.", "REMARK_CHTNM": "該屋苑已出售成為私人物業。鄰舍休憩用地面積為項目竣工時之資料，並不再更新。 / 该屋苑已出售成为私人物业。邻舍休憩用地面积为项目竣工时之资料，并不再更新。", "LAST_UPDATE": "03/2024", "OBJECTID_1": 390 }, "geometry": { "type": "Point", "coordinates": [ 114.1658, 22.4409 ] } },
{ "type": "Feature", "properties": { "ADDRESS_ENGNM": "Tai Po", "ADDRESS_CHTNM": "大埔 / 大埔", "BLDG_ENGNM": "Ting Nga Court", "BLDG_CHTNM": "汀雅苑 / 汀雅苑", "OS_STATUS": "Exist", "OS_STATUS_CHTNM": "現存 / 现存", "OS_TYPE": "Ancillary", "OS_TYPE_CHTNM": "附屬休憩用地 / 附属休憩用地", "BEACH": "No", "BEACH_CHTNM": "否 / 否", "AMENITY_AREA": "No", "AMENITY_AREA_CHTNM": "否 / 否", "INDOOR_FACILITIES": "No", "INDOOR_FACILITIES_CHTNM": "否 / 否", "OS_AREA": "2210", "OS_AREA_CHTNM": "2210", "REMARK": "The court has been sold and becomes private property. The LOS area is based on the information as at completion of the development and will not be further updated.", "REMARK_CHTNM": "該屋苑已出售成為私人物業。鄰舍休憩用地面積為項目竣工時之資料，並不再更新。 / 该屋苑已出售成为私人物业。邻舍休憩用地面积为项目竣工时之资料，并不再更新。", "LAST_UPDATE": "03/2024", "OBJECTID_1": 391 }, "geometry": { "type": "Point", "coordinates": [ 114.167, 22.4549 ] } },
{ "type": "Feature", "properties": { "ADDRESS_ENGNM": "Tai Po", "ADDRESS_CHTNM": "大埔 / 大埔", "BLDG_ENGNM": "Wang Fuk Court", "BLDG_CHTNM": "宏福苑 / 宏福苑", "OS_STATUS": "Exist", "OS_STATUS_CHTNM": "現存 / 现存", "OS_TYPE": "Ancillary", "OS_TYPE_CHTNM": "附屬休憩用地 / 附属休憩用地", "BEACH": "No", "BEACH_CHTNM": "否 / 否", "AMENITY_AREA": "No", "AMENITY_AREA_CHTNM": "否 / 否", "INDOOR_FACILITIES": "No", "INDOOR_FACILITIES_CHTNM": "否 / 否", "OS_AREA": "16500", "OS_AREA_CHTNM": "16500", "REMARK": "The court has been sold and becomes private property. The LOS area is based on the information as at completion of the development and will not be further updated.", "REMARK_CHTNM": "該屋苑已出售成為私人物業。鄰舍休憩用地面積為項目竣工時之資料，並不再更新。 / 该屋苑已出售成为私人物业。邻舍休憩用地面积为项目竣工时之资料，并不再更新。", "LAST_UPDATE": "03/2024", "OBJECTID_1": 392 }, "geometry": { "type": "Point", "coordinates": [ 114.1754, 22.4466 ] } },
{ "type": "Feature", "properties": { "ADDRESS_ENGNM": "Tai Po", "ADDRESS_CHTNM": "大埔 / 大埔", "BLDG_ENGNM": "Yat Nga Court", "BLDG_CHTNM": "逸雅苑 / 逸雅苑", "OS_STATUS": "Exist", "OS_STATUS_CHTNM": "現存 / 现存", "OS_TYPE": "Ancillary", "OS_TYPE_CHTNM": "附屬休憩用地 / 附属休憩用地", "BEACH": "No", "BEACH_CHTNM": "否 / 否", "AMENITY_AREA": "No", "AMENITY_AREA_CHTNM": "否 / 否", "INDOOR_FACILITIES": "No", "INDOOR_FACILITIES_CHTNM": "否 / 否", "OS_AREA": "6100", "OS_AREA_CHTNM": "6100", "REMARK": "The court has been sold and becomes private property. The LOS area is based on the information as at completion of the development and will not be further updated.", "REMARK_CHTNM": "該屋苑已出售成為私人物業。鄰舍休憩用地面積為項目竣工時之資料，並不再更新。 / 该屋苑已出售成为私人物业。邻舍休憩用地面积为项目竣工时之资料，并不再更新。", "LAST_UPDATE": "03/2024", "OBJECTID_1": 393 }, "geometry": { "type": "Point", "coordinates": [ 114.1674, 22.4428 ] } },
{ "type": "Feature", "properties": { "ADDRESS_ENGNM": "Tai Po", "ADDRESS_CHTNM": "大埔 / 大埔", "BLDG_ENGNM": "Yee Nga Court", "BLDG_CHTNM": "怡雅苑 / 怡雅苑", "OS_STATUS": "Exist", "OS_STATUS_CHTNM": "現存 / 现存", "OS_TYPE": "Ancillary", "OS_TYPE_CHTNM": "附屬休憩用地 / 附属休憩用地", "BEACH": "No", "BEACH_CHTNM": "否 / 否", "AMENITY_AREA": "No", "AMENITY_AREA_CHTNM": "否 / 否", "INDOOR_FACILITIES": "No", "INDOOR_FACILITIES_CHTNM": "否 / 否", "OS_AREA": "9300", "OS_AREA_CHTNM": "9300", "REMARK": "The court has been sold and becomes private property. The LOS area is based on the information as at completion of the development and will not be further updated.", "REMARK_CHTNM": "該屋苑已出售成為私人物業。鄰舍休憩用地面積為項目竣工時之資料，並不再更新。 / 该屋苑已出售成为私人物业。邻舍休憩用地面积为项目竣工时之资料，并不再更新。", "LAST_UPDATE": "03/2024", "OBJECTID_1": 394 }, "geometry": { "type": "Point", "coordinates": [ 114.1739, 22.4547 ] } },
{ "type": "Feature", "properties": { "ADDRESS_ENGNM": "Tsuen Wan", "ADDRESS_CHTNM": "荃灣 / 荃湾", "BLDG_ENGNM": "Sheung Chui Court", "BLDG_CHTNM": "尚翠苑 / 尚翠苑", "OS_STATUS": "Exist", "OS_STATUS_CHTNM": "現存 / 现存", "OS_TYPE": "Ancillary", "OS_TYPE_CHTNM": "附屬休憩用地 / 附属休憩用地", "BEACH": "No", "BEACH_CHTNM": "否 / 否", "AMENITY_AREA": "No", "AMENITY_AREA_CHTNM": "否 / 否", "INDOOR_FACILITIES": "No", "INDOOR_FACILITIES_CHTNM": "否 / 否", "OS_AREA": "3079", "OS_AREA_CHTNM": "3079", "REMARK": "1) The court has been sold and becomes private property. The LOS area is based on the information as at completion of the development and will not be further updated. 2) The LOS area is the minimum area derived from the Planning Permission approved under section 16 of the Town Planning Ordinance as at completion of the development.", "REMARK_CHTNM": "1) 該屋苑已出售成為私人物業。鄰舍休憩用地面積為項目竣工時之資料，並不再更新。 / 该屋苑已出售成为私人物业。邻舍休憩用地面积为项目竣工时之资料，并不再更新。2) 鄰舍休憩用地面積節錄自發展項目竣工時根據《城巿規劃條例》第16條批准的規劃許可內的最少面積。 / 邻舍休憩用地面积节录自发展项目竣工时根据《城巿规划条例》第16条批准的规划许可内的最少面积。", "LAST_UPDATE": "03/2024", "OBJECTID_1": 395 }, "geometry": { "type": "Point", "coordinates": [ 114.1202, 22.3674 ] } },
{ "type": "Feature", "properties": { "ADDRESS_ENGNM": "Tuen Mun", "ADDRESS_CHTNM": "屯門 / 屯门", "BLDG_ENGNM": "Affluence Garden", "BLDG_CHTNM": "澤豐花園 / 泽丰花园", "OS_STATUS": "Exist", "OS_STATUS_CHTNM": "現存 / 现存", "OS_TYPE": "Ancillary", "OS_TYPE_CHTNM": "附屬休憩用地 / 附属休憩用地", "BEACH": "No", "BEACH_CHTNM": "否 / 否", "AMENITY_AREA": "No", "AMENITY_AREA_CHTNM": "否 / 否", "INDOOR_FACILITIES": "No", "INDOOR_FACILITIES_CHTNM": "否 / 否", "OS_AREA": "6900", "OS_AREA_CHTNM": "6900", "REMARK": "The court has been sold and becomes private property. The LOS area is based on the information as at completion of the development and will not be further updated.", "REMARK_CHTNM": "該屋苑已出售成為私人物業。鄰舍休憩用地面積為項目竣工時之資料，並不再更新。 / 该屋苑已出售成为私人物业。邻舍休憩用地面积为项目竣工时之资料，并不再更新。", "LAST_UPDATE": "03/2024", "OBJECTID_1": 396 }, "geometry": { "type": "Point", "coordinates": [ 113.9749, 22.4031 ] } },
{ "type": "Feature", "properties": { "ADDRESS_ENGNM": "Tuen Mun", "ADDRESS_CHTNM": "屯門 / 屯门", "BLDG_ENGNM": "Chi Lok Fa Yuen", "BLDG_CHTNM": "置樂花園 / 置乐花园", "OS_STATUS": "Exist", "OS_STATUS_CHTNM": "現存 / 现存", "OS_TYPE": "Ancillary", "OS_TYPE_CHTNM": "附屬休憩用地 / 附属休憩用地", "BEACH": "No", "BEACH_CHTNM": "否 / 否", "AMENITY_AREA": "No", "AMENITY_AREA_CHTNM": "否 / 否", "INDOOR_FACILITIES": "No", "INDOOR_FACILITIES_CHTNM": "否 / 否", "OS_AREA": "4000", "OS_AREA_CHTNM": "4000", "REMARK": "The court has been sold and becomes private property. The LOS area is based on the information as at completion of the development and will not be further updated.", "REMARK_CHTNM": "該屋苑已出售成為私人物業。鄰舍休憩用地面積為項目竣工時之資料，並不再更新。 / 该屋苑已出售成为私人物业。邻舍休憩用地面积为项目竣工时之资料，并不再更新。", "LAST_UPDATE": "03/2024", "OBJECTID_1": 397 }, "geometry": { "type": "Point", "coordinates": [ 113.9791, 22.3876 ] } },
{ "type": "Feature", "properties": { "ADDRESS_ENGNM": "Tuen Mun", "ADDRESS_CHTNM": "屯門 / 屯门", "BLDG_ENGNM": "Glorious Garden", "BLDG_CHTNM": "富健花園 / 富健花园", "OS_STATUS": "Exist", "OS_STATUS_CHTNM": "現存 / 现存", "OS_TYPE": "Ancillary", "OS_TYPE_CHTNM": "附屬休憩用地 / 附属休憩用地", "BEACH": "No", "BEACH_CHTNM": "否 / 否", "AMENITY_AREA": "No", "AMENITY_AREA_CHTNM": "否 / 否", "INDOOR_FACILITIES": "No", "INDOOR_FACILITIES_CHTNM": "否 / 否", "OS_AREA": "18800", "OS_AREA_CHTNM": "18800", "REMARK": "The court has been sold and becomes private property. The LOS area is based on the information as at completion of the development and will not be further updated.", "REMARK_CHTNM": "該屋苑已出售成為私人物業。鄰舍休憩用地面積為項目竣工時之資料，並不再更新。 / 该屋苑已出售成为私人物业。邻舍休憩用地面积为项目竣工时之资料，并不再更新。", "LAST_UPDATE": "03/2024", "OBJECTID_1": 398 }, "geometry": { "type": "Point", "coordinates": [ 113.9655, 22.3834 ] } },
{ "type": "Feature", "properties": { "ADDRESS_ENGNM": "Tuen Mun", "ADDRESS_CHTNM": "屯門 / 屯门", "BLDG_ENGNM": "Lung Mun Oasis", "BLDG_CHTNM": "龍門居 / 龙门居", "OS_STATUS": "Exist", "OS_STATUS_CHTNM": "現存 / 现存", "OS_TYPE": "Ancillary", "OS_TYPE_CHTNM": "附屬休憩用地 / 附属休憩用地", "BEACH": "No", "BEACH_CHTNM": "否 / 否", "AMENITY_AREA": "No", "AMENITY_AREA_CHTNM": "否 / 否", "INDOOR_FACILITIES": "No", "INDOOR_FACILITIES_CHTNM": "否 / 否", "OS_AREA": "15700", "OS_AREA_CHTNM": "15700", "REMARK": "The court has been sold and becomes private property. The LOS area is based on the information as at completion of the development and will not be further updated.", "REMARK_CHTNM": "該屋苑已出售成為私人物業。鄰舍休憩用地面積為項目竣工時之資料，並不再更新。 / 该屋苑已出售成为私人物业。邻舍休憩用地面积为项目竣工时之资料，并不再更新。", "LAST_UPDATE": "03/2024", "OBJECTID_1": 399 }, "geometry": { "type": "Point", "coordinates": [ 113.9664, 22.3853 ] } },
{ "type": "Feature", "properties": { "ADDRESS_ENGNM": "Tuen Mun", "ADDRESS_CHTNM": "屯門 / 屯门", "BLDG_ENGNM": "Melody Garden", "BLDG_CHTNM": "美樂花園 / 美乐花园", "OS_STATUS": "Exist", "OS_STATUS_CHTNM": "現存 / 现存", "OS_TYPE": "Ancillary", "OS_TYPE_CHTNM": "附屬休憩用地 / 附属休憩用地", "BEACH": "No", "BEACH_CHTNM": "否 / 否", "AMENITY_AREA": "No", "AMENITY_AREA_CHTNM": "否 / 否", "INDOOR_FACILITIES": "No", "INDOOR_FACILITIES_CHTNM": "否 / 否", "OS_AREA": "33100", "OS_AREA_CHTNM": "33100", "REMARK": "The court has been sold and becomes private property. The LOS area is based on the information as at completion of the development and will not be further updated.", "REMARK_CHTNM": "該屋苑已出售成為私人物業。鄰舍休憩用地面積為項目竣工時之資料，並不再更新。 / 该屋苑已出售成为私人物业。邻舍休憩用地面积为项目竣工时之资料，并不再更新。", "LAST_UPDATE": "03/2024", "OBJECTID_1": 400 }, "geometry": { "type": "Point", "coordinates": [ 113.9613, 22.3734 ] } },
{ "type": "Feature", "properties": { "ADDRESS_ENGNM": "Tuen Mun", "ADDRESS_CHTNM": "屯門 / 屯门", "BLDG_ENGNM": "Prime View Garden", "BLDG_CHTNM": "景峰花園 / 景峰花园", "OS_STATUS": "Exist", "OS_STATUS_CHTNM": "現存 / 现存", "OS_TYPE": "Ancillary", "OS_TYPE_CHTNM": "附屬休憩用地 / 附属休憩用地", "BEACH": "No", "BEACH_CHTNM": "否 / 否", "AMENITY_AREA": "No", "AMENITY_AREA_CHTNM": "否 / 否", "INDOOR_FACILITIES": "No", "INDOOR_FACILITIES_CHTNM": "否 / 否", "OS_AREA": "10100", "OS_AREA_CHTNM": "10100", "REMARK": "The court has been sold and becomes private property. The LOS area is based on the information as at completion of the development and will not be further updated.", "REMARK_CHTNM": "該屋苑已出售成為私人物業。鄰舍休憩用地面積為項目竣工時之資料，並不再更新。 / 该屋苑已出售成为私人物业。邻舍休憩用地面积为项目竣工时之资料，并不再更新。", "LAST_UPDATE": "03/2024", "OBJECTID_1": 401 }, "geometry": { "type": "Point", "coordinates": [ 113.9802, 22.4029 ] } },
{ "type": "Feature", "properties": { "ADDRESS_ENGNM": "Tuen Mun", "ADDRESS_CHTNM": "屯門 / 屯门", "BLDG_ENGNM": "San Wai Court", "BLDG_CHTNM": "新圍苑 / 新围苑", "OS_STATUS": "Exist", "OS_STATUS_CHTNM": "現存 / 现存", "OS_TYPE": "Ancillary", "OS_TYPE_CHTNM": "附屬休憩用地 / 附属休憩用地", "BEACH": "No", "BEACH_CHTNM": "否 / 否", "AMENITY_AREA": "No", "AMENITY_AREA_CHTNM": "否 / 否", "INDOOR_FACILITIES": "No", "INDOOR_FACILITIES_CHTNM": "否 / 否", "OS_AREA": "16400", "OS_AREA_CHTNM": "16400", "REMARK": "The court has been sold and becomes private property. The LOS area is based on the information as at completion of the development and will not be further updated.", "REMARK_CHTNM": "該屋苑已出售成為私人物業。鄰舍休憩用地面積為項目竣工時之資料，並不再更新。 / 该屋苑已出售成为私人物业。邻舍休憩用地面积为项目竣工时之资料，并不再更新。", "LAST_UPDATE": "03/2024", "OBJECTID_1": 402 }, "geometry": { "type": "Point", "coordinates": [ 113.9628, 22.4049 ] } },
{ "type": "Feature", "properties": { "ADDRESS_ENGNM": "Tuen Mun", "ADDRESS_CHTNM": "屯門 / 屯门", "BLDG_ENGNM": "Siu Hei Court", "BLDG_CHTNM": "兆禧苑 / 兆禧苑", "OS_STATUS": "Exist", "OS_STATUS_CHTNM": "現存 / 现存", "OS_TYPE": "Ancillary", "OS_TYPE_CHTNM": "附屬休憩用地 / 附属休憩用地", "BEACH": "No", "BEACH_CHTNM": "否 / 否", "AMENITY_AREA": "No", "AMENITY_AREA_CHTNM": "否 / 否", "INDOOR_FACILITIES": "No", "INDOOR_FACILITIES_CHTNM": "否 / 否", "OS_AREA": "19600", "OS_AREA_CHTNM": "19600", "REMARK": "The court has been sold and becomes private property. The LOS area is based on the information as at completion of the development and will not be further updated.", "REMARK_CHTNM": "該屋苑已出售成為私人物業。鄰舍休憩用地面積為項目竣工時之資料，並不再更新。 / 该屋苑已出售成为私人物业。邻舍休憩用地面积为项目竣工时之资料，并不再更新。", "LAST_UPDATE": "03/2024", "OBJECTID_1": 403 }, "geometry": { "type": "Point", "coordinates": [ 113.9666, 22.3742 ] } },
{ "type": "Feature", "properties": { "ADDRESS_ENGNM": "Tuen Mun", "ADDRESS_CHTNM": "屯門 / 屯门", "BLDG_ENGNM": "Siu Hin Court", "BLDG_CHTNM": "兆軒苑 / 兆轩苑", "OS_STATUS": "Exist", "OS_STATUS_CHTNM": "現存 / 现存", "OS_TYPE": "Ancillary", "OS_TYPE_CHTNM": "附屬休憩用地 / 附属休憩用地", "BEACH": "No", "BEACH_CHTNM": "否 / 否", "AMENITY_AREA": "No", "AMENITY_AREA_CHTNM": "否 / 否", "INDOOR_FACILITIES": "No", "INDOOR_FACILITIES_CHTNM": "否 / 否", "OS_AREA": "5410", "OS_AREA_CHTNM": "5410", "REMARK": "The court has been sold and becomes private property. The LOS area is based on the information as at completion of the development and will not be further updated.", "REMARK_CHTNM": "該屋苑已出售成為私人物業。鄰舍休憩用地面積為項目竣工時之資料，並不再更新。 / 该屋苑已出售成为私人物业。邻舍休憩用地面积为项目竣工时之资料，并不再更新。", "LAST_UPDATE": "03/2024", "OBJECTID_1": 404 }, "geometry": { "type": "Point", "coordinates": [ 113.9697, 22.4077 ] } },
{ "type": "Feature", "properties": { "ADDRESS_ENGNM": "Tuen Mun", "ADDRESS_CHTNM": "屯門 / 屯门", "BLDG_ENGNM": "Siu Hong Court", "BLDG_CHTNM": "兆康苑 / 兆康苑", "OS_STATUS": "Exist", "OS_STATUS_CHTNM": "現存 / 现存", "OS_TYPE": "Ancillary", "OS_TYPE_CHTNM": "附屬休憩用地 / 附属休憩用地", "BEACH": "No", "BEACH_CHTNM": "否 / 否", "AMENITY_AREA": "No", "AMENITY_AREA_CHTNM": "否 / 否", "INDOOR_FACILITIES": "No", "INDOOR_FACILITIES_CHTNM": "否 / 否", "OS_AREA": "59600", "OS_AREA_CHTNM": "59600", "REMARK": "The court has been sold and becomes private property. The LOS area is based on the information as at completion of the development and will not be further updated.", "REMARK_CHTNM": "該屋苑已出售成為私人物業。鄰舍休憩用地面積為項目竣工時之資料，並不再更新。 / 该屋苑已出售成为私人物业。邻舍休憩用地面积为项目竣工时之资料，并不再更新。", "LAST_UPDATE": "03/2024", "OBJECTID_1": 405 }, "geometry": { "type": "Point", "coordinates": [ 113.9776, 22.4128 ] } },
{ "type": "Feature", "properties": { "ADDRESS_ENGNM": "Tuen Mun", "ADDRESS_CHTNM": "屯門 / 屯门", "BLDG_ENGNM": "Siu Kwai Court", "BLDG_CHTNM": "兆畦苑 / 兆畦苑", "OS_STATUS": "Exist", "OS_STATUS_CHTNM": "現存 / 现存", "OS_TYPE": "Ancillary", "OS_TYPE_CHTNM": "附屬休憩用地 / 附属休憩用地", "BEACH": "No", "BEACH_CHTNM": "否 / 否", "AMENITY_AREA": "No", "AMENITY_AREA_CHTNM": "否 / 否", "INDOOR_FACILITIES": "No", "INDOOR_FACILITIES_CHTNM": "否 / 否", "OS_AREA": "6600", "OS_AREA_CHTNM": "6600", "REMARK": "The court has been sold and becomes private property. The LOS area is based on the information as at completion of the development and will not be further updated.", "REMARK_CHTNM": "該屋苑已出售成為私人物業。鄰舍休憩用地面積為項目竣工時之資料，並不再更新。 / 该屋苑已出售成为私人物业。邻舍休憩用地面积为项目竣工时之资料，并不再更新。", "LAST_UPDATE": "03/2024", "OBJECTID_1": 406 }, "geometry": { "type": "Point", "coordinates": [ 113.9665, 22.4052 ] } },
{ "type": "Feature", "properties": { "ADDRESS_ENGNM": "Tuen Mun", "ADDRESS_CHTNM": "屯門 / 屯门", "BLDG_ENGNM": "Siu Lun Court", "BLDG_CHTNM": "兆麟苑 / 兆麟苑", "OS_STATUS": "Exist", "OS_STATUS_CHTNM": "現存 / 现存", "OS_TYPE": "Ancillary", "OS_TYPE_CHTNM": "附屬休憩用地 / 附属休憩用地", "BEACH": "No", "BEACH_CHTNM": "否 / 否", "AMENITY_AREA": "No", "AMENITY_AREA_CHTNM": "否 / 否", "INDOOR_FACILITIES": "No", "INDOOR_FACILITIES_CHTNM": "否 / 否", "OS_AREA": "31700", "OS_AREA_CHTNM": "31700", "REMARK": "The court has been sold and becomes private property. The LOS area is based on the information as at completion of the development and will not be further updated.", "REMARK_CHTNM": "該屋苑已出售成為私人物業。鄰舍休憩用地面積為項目竣工時之資料，並不再更新。 / 该屋苑已出售成为私人物业。邻舍休憩用地面积为项目竣工时之资料，并不再更新。", "LAST_UPDATE": "03/2024", "OBJECTID_1": 407 }, "geometry": { "type": "Point", "coordinates": [ 113.9758, 22.3845 ] } },
{ "type": "Feature", "properties": { "ADDRESS_ENGNM": "Tuen Mun", "ADDRESS_CHTNM": "屯門 / 屯门", "BLDG_ENGNM": "Siu Lung Court", "BLDG_CHTNM": "兆隆苑 / 兆隆苑", "OS_STATUS": "Exist", "OS_STATUS_CHTNM": "現存 / 现存", "OS_TYPE": "Ancillary", "OS_TYPE_CHTNM": "附屬休憩用地 / 附属休憩用地", "BEACH": "No", "BEACH_CHTNM": "否 / 否", "AMENITY_AREA": "No", "AMENITY_AREA_CHTNM": "否 / 否", "INDOOR_FACILITIES": "No", "INDOOR_FACILITIES_CHTNM": "否 / 否", "OS_AREA": "2500", "OS_AREA_CHTNM": "2500", "REMARK": "The court has been sold and becomes private property. The LOS area is based on the information as at completion of the development and will not be further updated.", "REMARK_CHTNM": "該屋苑已出售成為私人物業。鄰舍休憩用地面積為項目竣工時之資料，並不再更新。 / 该屋苑已出售成为私人物业。邻舍休憩用地面积为项目竣工时之资料，并不再更新。", "LAST_UPDATE": "03/2024", "OBJECTID_1": 408 }, "geometry": { "type": "Point", "coordinates": [ 113.9644, 22.408 ] } },
{ "type": "Feature", "properties": { "ADDRESS_ENGNM": "Tuen Mun", "ADDRESS_CHTNM": "屯門 / 屯门", "BLDG_ENGNM": "Siu On Court", "BLDG_CHTNM": "兆安苑 / 兆安苑", "OS_STATUS": "Exist", "OS_STATUS_CHTNM": "現存 / 现存", "OS_TYPE": "Ancillary", "OS_TYPE_CHTNM": "附屬休憩用地 / 附属休憩用地", "BEACH": "No", "BEACH_CHTNM": "否 / 否", "AMENITY_AREA": "No", "AMENITY_AREA_CHTNM": "否 / 否", "INDOOR_FACILITIES": "No", "INDOOR_FACILITIES_CHTNM": "否 / 否", "OS_AREA": "16200", "OS_AREA_CHTNM": "16200", "REMARK": "The court has been sold and becomes private property. The LOS area is based on the information as at completion of the development and will not be further updated.", "REMARK_CHTNM": "該屋苑已出售成為私人物業。鄰舍休憩用地面積為項目竣工時之資料，並不再更新。 / 该屋苑已出售成为私人物业。邻舍休憩用地面积为项目竣工时之资料，并不再更新。", "LAST_UPDATE": "03/2024", "OBJECTID_1": 409 }, "geometry": { "type": "Point", "coordinates": [ 113.9757, 22.3889 ] } },
{ "type": "Feature", "properties": { "ADDRESS_ENGNM": "Tuen Mun", "ADDRESS_CHTNM": "屯門 / 屯门", "BLDG_ENGNM": "Siu Pong Court", "BLDG_CHTNM": "兆邦苑 / 兆邦苑", "OS_STATUS": "Exist", "OS_STATUS_CHTNM": "現存 / 现存", "OS_TYPE": "Ancillary", "OS_TYPE_CHTNM": "附屬休憩用地 / 附属休憩用地", "BEACH": "No", "BEACH_CHTNM": "否 / 否", "AMENITY_AREA": "No", "AMENITY_AREA_CHTNM": "否 / 否", "INDOOR_FACILITIES": "No", "INDOOR_FACILITIES_CHTNM": "否 / 否", "OS_AREA": "2700", "OS_AREA_CHTNM": "2700", "REMARK": "The court has been sold and becomes private property. The LOS area is based on the information as at completion of the development and will not be further updated.", "REMARK_CHTNM": "該屋苑已出售成為私人物業。鄰舍休憩用地面積為項目竣工時之資料，並不再更新。 / 该屋苑已出售成为私人物业。邻舍休憩用地面积为项目竣工时之资料，并不再更新。", "LAST_UPDATE": "03/2024", "OBJECTID_1": 410 }, "geometry": { "type": "Point", "coordinates": [ 113.9666, 22.4071 ] } },
{ "type": "Feature", "properties": { "ADDRESS_ENGNM": "Tuen Mun", "ADDRESS_CHTNM": "屯門 / 屯门", "BLDG_ENGNM": "Siu Shan Court", "BLDG_CHTNM": "兆山苑 / 兆山苑", "OS_STATUS": "Exist", "OS_STATUS_CHTNM": "現存 / 现存", "OS_TYPE": "Ancillary", "OS_TYPE_CHTNM": "附屬休憩用地 / 附属休憩用地", "BEACH": "No", "BEACH_CHTNM": "否 / 否", "AMENITY_AREA": "No", "AMENITY_AREA_CHTNM": "否 / 否", "INDOOR_FACILITIES": "No", "INDOOR_FACILITIES_CHTNM": "否 / 否", "OS_AREA": "22000", "OS_AREA_CHTNM": "22000", "REMARK": "The court has been sold and becomes private property. The LOS area is based on the information as at completion of the development and will not be further updated.", "REMARK_CHTNM": "該屋苑已出售成為私人物業。鄰舍休憩用地面積為項目竣工時之資料，並不再更新。 / 该屋苑已出售成为私人物业。邻舍休憩用地面积为项目竣工时之资料，并不再更新。", "LAST_UPDATE": "03/2024", "OBJECTID_1": 411 }, "geometry": { "type": "Point", "coordinates": [ 113.9635, 22.3781 ] } },
{ "type": "Feature", "properties": { "ADDRESS_ENGNM": "Tuen Mun", "ADDRESS_CHTNM": "屯門 / 屯门", "BLDG_ENGNM": "Tsui Ning Garden", "BLDG_CHTNM": "翠寧花園 / 翠宁花园", "OS_STATUS": "Exist", "OS_STATUS_CHTNM": "現存 / 现存", "OS_TYPE": "Ancillary", "OS_TYPE_CHTNM": "附屬休憩用地 / 附属休憩用地", "BEACH": "No", "BEACH_CHTNM": "否 / 否", "AMENITY_AREA": "No", "AMENITY_AREA_CHTNM": "否 / 否", "INDOOR_FACILITIES": "No", "INDOOR_FACILITIES_CHTNM": "否 / 否", "OS_AREA": "6800", "OS_AREA_CHTNM": "6800", "REMARK": "The court has been sold and becomes private property. The LOS area is based on the information as at completion of the development and will not be further updated.", "REMARK_CHTNM": "該屋苑已出售成為私人物業。鄰舍休憩用地面積為項目竣工時之資料，並不再更新。 / 该屋苑已出售成为私人物业。邻舍休憩用地面积为项目竣工时之资料，并不再更新。", "LAST_UPDATE": "03/2024", "OBJECTID_1": 412 }, "geometry": { "type": "Point", "coordinates": [ 113.9738, 22.3842 ] } },
{ "type": "Feature", "properties": { "ADDRESS_ENGNM": "Tuen Mun", "ADDRESS_CHTNM": "屯門 / 屯门", "BLDG_ENGNM": "Yuet Wu Villa", "BLDG_CHTNM": "悅湖山莊 / 悦湖山庄", "OS_STATUS": "Exist", "OS_STATUS_CHTNM": "現存 / 现存", "OS_TYPE": "Ancillary", "OS_TYPE_CHTNM": "附屬休憩用地 / 附属休憩用地", "BEACH": "No", "BEACH_CHTNM": "否 / 否", "AMENITY_AREA": "No", "AMENITY_AREA_CHTNM": "否 / 否", "INDOOR_FACILITIES": "No", "INDOOR_FACILITIES_CHTNM": "否 / 否", "OS_AREA": "16600", "OS_AREA_CHTNM": "16600", "REMARK": "The court has been sold and becomes private property. The LOS area is based on the information as at completion of the development and will not be further updated.", "REMARK_CHTNM": "該屋苑已出售成為私人物業。鄰舍休憩用地面積為項目竣工時之資料，並不再更新。 / 该屋苑已出售成为私人物业。邻舍休憩用地面积为项目竣工时之资料，并不再更新。", "LAST_UPDATE": "03/2024", "OBJECTID_1": 413 }, "geometry": { "type": "Point", "coordinates": [ 113.968, 22.3749 ] } },
{ "type": "Feature", "properties": { "ADDRESS_ENGNM": "Wong Tai Sin", "ADDRESS_CHTNM": "黃大仙 / 黄大仙", "BLDG_ENGNM": "Choi Fung Court", "BLDG_CHTNM": "彩峰苑 / 彩峰苑", "OS_STATUS": "Exist", "OS_STATUS_CHTNM": "現存 / 现存", "OS_TYPE": "Ancillary", "OS_TYPE_CHTNM": "附屬休憩用地 / 附属休憩用地", "BEACH": "No", "BEACH_CHTNM": "否 / 否", "AMENITY_AREA": "No", "AMENITY_AREA_CHTNM": "否 / 否", "INDOOR_FACILITIES": "No", "INDOOR_FACILITIES_CHTNM": "否 / 否", "OS_AREA": "2400", "OS_AREA_CHTNM": "2400", "REMARK": "The court has been sold and becomes private property. The LOS area is based on the information as at completion of the development and will not be further updated.", "REMARK_CHTNM": "該屋苑已出售成為私人物業。鄰舍休憩用地面積為項目竣工時之資料，並不再更新。 / 该屋苑已出售成为私人物业。邻舍休憩用地面积为项目竣工时之资料，并不再更新。", "LAST_UPDATE": "03/2024", "OBJECTID_1": 414 }, "geometry": { "type": "Point", "coordinates": [ 114.2131, 22.3349 ] } },
{ "type": "Feature", "properties": { "ADDRESS_ENGNM": "Wong Tai Sin", "ADDRESS_CHTNM": "黃大仙 / 黄大仙", "BLDG_ENGNM": "Fu Keung Court", "BLDG_CHTNM": "富強苑 / 富强苑", "OS_STATUS": "Exist", "OS_STATUS_CHTNM": "現存 / 现存", "OS_TYPE": "Ancillary", "OS_TYPE_CHTNM": "附屬休憩用地 / 附属休憩用地", "BEACH": "No", "BEACH_CHTNM": "否 / 否", "AMENITY_AREA": "No", "AMENITY_AREA_CHTNM": "否 / 否", "INDOOR_FACILITIES": "No", "INDOOR_FACILITIES_CHTNM": "否 / 否", "OS_AREA": "11800", "OS_AREA_CHTNM": "11800", "REMARK": "The court has been sold and becomes private property. The LOS area is based on the information as at completion of the development and will not be further updated.", "REMARK_CHTNM": "該屋苑已出售成為私人物業。鄰舍休憩用地面積為項目竣工時之資料，並不再更新。 / 该屋苑已出售成为私人物业。邻舍休憩用地面积为项目竣工时之资料，并不再更新。", "LAST_UPDATE": "03/2024", "OBJECTID_1": 415 }, "geometry": { "type": "Point", "coordinates": [ 114.1844, 22.3404 ] } },
{ "type": "Feature", "properties": { "ADDRESS_ENGNM": "Wong Tai Sin", "ADDRESS_CHTNM": "黃大仙 / 黄大仙", "BLDG_ENGNM": "Fung Chuen Court", "BLDG_CHTNM": "鳳鑽苑 / 凤钻苑", "OS_STATUS": "Exist", "OS_STATUS_CHTNM": "現存 / 现存", "OS_TYPE": "Ancillary", "OS_TYPE_CHTNM": "附屬休憩用地 / 附属休憩用地", "BEACH": "No", "BEACH_CHTNM": "否 / 否", "AMENITY_AREA": "No", "AMENITY_AREA_CHTNM": "否 / 否", "INDOOR_FACILITIES": "No", "INDOOR_FACILITIES_CHTNM": "否 / 否", "OS_AREA": "2500", "OS_AREA_CHTNM": "2500", "REMARK": "The court has been sold and becomes private property. The LOS area is based on the information as at completion of the development and will not be further updated.", "REMARK_CHTNM": "該屋苑已出售成為私人物業。鄰舍休憩用地面積為項目竣工時之資料，並不再更新。 / 该屋苑已出售成为私人物业。邻舍休憩用地面积为项目竣工时之资料，并不再更新。", "LAST_UPDATE": "03/2024", "OBJECTID_1": 416 }, "geometry": { "type": "Point", "coordinates": [ 114.1993, 22.344 ] } },
{ "type": "Feature", "properties": { "ADDRESS_ENGNM": "Wong Tai Sin", "ADDRESS_CHTNM": "黃大仙 / 黄大仙", "BLDG_ENGNM": "Fung Lai Court", "BLDG_CHTNM": "鳳禮苑 / 凤礼苑", "OS_STATUS": "Exist", "OS_STATUS_CHTNM": "現存 / 现存", "OS_TYPE": "Ancillary", "OS_TYPE_CHTNM": "附屬休憩用地 / 附属休憩用地", "BEACH": "No", "BEACH_CHTNM": "否 / 否", "AMENITY_AREA": "No", "AMENITY_AREA_CHTNM": "否 / 否", "INDOOR_FACILITIES": "No", "INDOOR_FACILITIES_CHTNM": "否 / 否", "OS_AREA": "2100", "OS_AREA_CHTNM": "2100", "REMARK": "The court has been sold and becomes private property. The LOS area is based on the information as at completion of the development and will not be further updated.", "REMARK_CHTNM": "該屋苑已出售成為私人物業。鄰舍休憩用地面積為項目竣工時之資料，並不再更新。 / 该屋苑已出售成为私人物业。邻舍休憩用地面积为项目竣工时之资料，并不再更新。", "LAST_UPDATE": "03/2024", "OBJECTID_1": 417 }, "geometry": { "type": "Point", "coordinates": [ 114.2025, 22.3443 ] } },
{ "type": "Feature", "properties": { "ADDRESS_ENGNM": "Wong Tai Sin", "ADDRESS_CHTNM": "黃大仙 / 黄大仙", "BLDG_ENGNM": "Grand View Garden", "BLDG_CHTNM": "宏景花園 / 宏景花园", "OS_STATUS": "Exist", "OS_STATUS_CHTNM": "現存 / 现存", "OS_TYPE": "Ancillary", "OS_TYPE_CHTNM": "附屬休憩用地 / 附属休憩用地", "BEACH": "No", "BEACH_CHTNM": "否 / 否", "AMENITY_AREA": "No", "AMENITY_AREA_CHTNM": "否 / 否", "INDOOR_FACILITIES": "No", "INDOOR_FACILITIES_CHTNM": "否 / 否", "OS_AREA": "8300", "OS_AREA_CHTNM": "8300", "REMARK": "The court has been sold and becomes private property. The LOS area is based on the information as at completion of the development and will not be further updated.", "REMARK_CHTNM": "該屋苑已出售成為私人物業。鄰舍休憩用地面積為項目竣工時之資料，並不再更新。 / 该屋苑已出售成为私人物业。邻舍休憩用地面积为项目竣工时之资料，并不再更新。", "LAST_UPDATE": "03/2024", "OBJECTID_1": 418 }, "geometry": { "type": "Point", "coordinates": [ 114.2075, 22.3411 ] } },
{ "type": "Feature", "properties": { "ADDRESS_ENGNM": "Wong Tai Sin", "ADDRESS_CHTNM": "黃大仙 / 黄大仙", "BLDG_ENGNM": "Hong Keung Court", "BLDG_CHTNM": "康強苑 / 康强苑", "OS_STATUS": "Exist", "OS_STATUS_CHTNM": "現存 / 现存", "OS_TYPE": "Ancillary", "OS_TYPE_CHTNM": "附屬休憩用地 / 附属休憩用地", "BEACH": "No", "BEACH_CHTNM": "否 / 否", "AMENITY_AREA": "No", "AMENITY_AREA_CHTNM": "否 / 否", "INDOOR_FACILITIES": "No", "INDOOR_FACILITIES_CHTNM": "否 / 否", "OS_AREA": "2500", "OS_AREA_CHTNM": "2500", "REMARK": "The court has been sold and becomes private property. The LOS area is based on the information as at completion of the development and will not be further updated.", "REMARK_CHTNM": "該屋苑已出售成為私人物業。鄰舍休憩用地面積為項目竣工時之資料，並不再更新。 / 该屋苑已出售成为私人物业。邻舍休憩用地面积为项目竣工时之资料，并不再更新。", "LAST_UPDATE": "03/2024", "OBJECTID_1": 419 }, "geometry": { "type": "Point", "coordinates": [ 114.1895, 22.3372 ] } },
{ "type": "Feature", "properties": { "ADDRESS_ENGNM": "Wong Tai Sin", "ADDRESS_CHTNM": "黃大仙 / 黄大仙", "BLDG_ENGNM": "Ka Keung Court", "BLDG_CHTNM": "嘉強苑 / 嘉强苑", "OS_STATUS": "Exist", "OS_STATUS_CHTNM": "現存 / 现存", "OS_TYPE": "Ancillary", "OS_TYPE_CHTNM": "附屬休憩用地 / 附属休憩用地", "BEACH": "No", "BEACH_CHTNM": "否 / 否", "AMENITY_AREA": "No", "AMENITY_AREA_CHTNM": "否 / 否", "INDOOR_FACILITIES": "No", "INDOOR_FACILITIES_CHTNM": "否 / 否", "OS_AREA": "5100", "OS_AREA_CHTNM": "5100", "REMARK": "The court has been sold and becomes private property. The LOS area is based on the information as at completion of the development and will not be further updated.", "REMARK_CHTNM": "該屋苑已出售成為私人物業。鄰舍休憩用地面積為項目竣工時之資料，並不再更新。 / 该屋苑已出售成为私人物业。邻舍休憩用地面积为项目竣工时之资料，并不再更新。", "LAST_UPDATE": "03/2024", "OBJECTID_1": 420 }, "geometry": { "type": "Point", "coordinates": [ 114.1846, 22.3416 ] } },
{ "type": "Feature", "properties": { "ADDRESS_ENGNM": "Wong Tai Sin", "ADDRESS_CHTNM": "黃大仙 / 黄大仙", "BLDG_ENGNM": "Kai Cheung Court", "BLDG_CHTNM": "啟翔苑 / 启翔苑", "OS_STATUS": "Exist", "OS_STATUS_CHTNM": "現存 / 现存", "OS_TYPE": "Ancillary", "OS_TYPE_CHTNM": "附屬休憩用地 / 附属休憩用地", "BEACH": "No", "BEACH_CHTNM": "否 / 否", "AMENITY_AREA": "No", "AMENITY_AREA_CHTNM": "否 / 否", "INDOOR_FACILITIES": "No", "INDOOR_FACILITIES_CHTNM": "否 / 否", "OS_AREA": "2900", "OS_AREA_CHTNM": "2900", "REMARK": "1) The court has been sold and becomes private property. The LOS area is based on the information as at completion of the development and will not be further updated. 2) The LOS area is the minimum area derived from the approved Planning Brief as at completion of the development.", "REMARK_CHTNM": "1) 該屋苑已出售成為私人物業。鄰舍休憩用地面積為項目竣工時之資料，並不再更新。 / 该屋苑已出售成为私人物业。邻舍休憩用地面积为项目竣工时之资料，并不再更新。2) 鄰舍休憩用地面積節錄自發展項目竣工時的核准規劃大綱內的最少面積。 / 邻舍休憩用地面积节录自发展项目竣工时的核准规划大纲内的最少面积。", "LAST_UPDATE": "03/2024", "OBJECTID_1": 421 }, "geometry": { "type": "Point", "coordinates": [ 114.2017, 22.3386 ] } },
{ "type": "Feature", "properties": { "ADDRESS_ENGNM": "Wong Tai Sin", "ADDRESS_CHTNM": "黃大仙 / 黄大仙", "BLDG_ENGNM": "King Hin Court", "BLDG_CHTNM": "瓊軒苑 / 琼轩苑", "OS_STATUS": "Exist", "OS_STATUS_CHTNM": "現存 / 现存", "OS_TYPE": "Ancillary", "OS_TYPE_CHTNM": "附屬休憩用地 / 附属休憩用地", "BEACH": "No", "BEACH_CHTNM": "否 / 否", "AMENITY_AREA": "No", "AMENITY_AREA_CHTNM": "否 / 否", "INDOOR_FACILITIES": "No", "INDOOR_FACILITIES_CHTNM": "否 / 否", "OS_AREA": "400", "OS_AREA_CHTNM": "400", "REMARK": "The court has been sold and becomes private property. The LOS area is based on the information as at completion of the development and will not be further updated.", "REMARK_CHTNM": "該屋苑已出售成為私人物業。鄰舍休憩用地面積為項目竣工時之資料，並不再更新。 / 该屋苑已出售成为私人物业。邻舍休憩用地面积为项目竣工时之资料，并不再更新。", "LAST_UPDATE": "03/2024", "OBJECTID_1": 422 }, "geometry": { "type": "Point", "coordinates": [ 114.2088, 22.3412 ] } },
{ "type": "Feature", "properties": { "ADDRESS_ENGNM": "Wong Tai Sin", "ADDRESS_CHTNM": "黃大仙 / 黄大仙", "BLDG_ENGNM": "King Lai Court", "BLDG_CHTNM": "瓊麗苑 / 琼丽苑", "OS_STATUS": "Exist", "OS_STATUS_CHTNM": "現存 / 现存", "OS_TYPE": "Ancillary", "OS_TYPE_CHTNM": "附屬休憩用地 / 附属休憩用地", "BEACH": "No", "BEACH_CHTNM": "否 / 否", "AMENITY_AREA": "No", "AMENITY_AREA_CHTNM": "否 / 否", "INDOOR_FACILITIES": "No", "INDOOR_FACILITIES_CHTNM": "否 / 否", "OS_AREA": "3900", "OS_AREA_CHTNM": "3900", "REMARK": "The court has been sold and becomes private property. The LOS area is based on the information as at completion of the development and will not be further updated.", "REMARK_CHTNM": "該屋苑已出售成為私人物業。鄰舍休憩用地面積為項目竣工時之資料，並不再更新。 / 该屋苑已出售成为私人物业。邻舍休憩用地面积为项目竣工时之资料，并不再更新。", "LAST_UPDATE": "03/2024", "OBJECTID_1": 423 }, "geometry": { "type": "Point", "coordinates": [ 114.2114, 22.3414 ] } },
{ "type": "Feature", "properties": { "ADDRESS_ENGNM": "Wong Tai Sin", "ADDRESS_CHTNM": "黃大仙 / 黄大仙", "BLDG_ENGNM": "King Shan Court", "BLDG_CHTNM": "瓊山苑 / 琼山苑", "OS_STATUS": "Exist", "OS_STATUS_CHTNM": "現存 / 现存", "OS_TYPE": "Ancillary", "OS_TYPE_CHTNM": "附屬休憩用地 / 附属休憩用地", "BEACH": "No", "BEACH_CHTNM": "否 / 否", "AMENITY_AREA": "No", "AMENITY_AREA_CHTNM": "否 / 否", "INDOOR_FACILITIES": "No", "INDOOR_FACILITIES_CHTNM": "否 / 否", "OS_AREA": "13400", "OS_AREA_CHTNM": "13400", "REMARK": "The court has been sold and becomes private property. The LOS area is based on the information as at completion of the development and will not be further updated.", "REMARK_CHTNM": "該屋苑已出售成為私人物業。鄰舍休憩用地面積為項目竣工時之資料，並不再更新。 / 该屋苑已出售成为私人物业。邻舍休憩用地面积为项目竣工时之资料，并不再更新。", "LAST_UPDATE": "03/2024", "OBJECTID_1": 424 }, "geometry": { "type": "Point", "coordinates": [ 114.2106, 22.3421 ] } },
{ "type": "Feature", "properties": { "ADDRESS_ENGNM": "Wong Tai Sin", "ADDRESS_CHTNM": "黃大仙 / 黄大仙", "BLDG_ENGNM": "King Tai Court", "BLDG_CHTNM": "景泰苑 / 景泰苑", "OS_STATUS": "Exist", "OS_STATUS_CHTNM": "現存 / 现存", "OS_TYPE": "Ancillary", "OS_TYPE_CHTNM": "附屬休憩用地 / 附属休憩用地", "BEACH": "No", "BEACH_CHTNM": "否 / 否", "AMENITY_AREA": "No", "AMENITY_AREA_CHTNM": "否 / 否", "INDOOR_FACILITIES": "No", "INDOOR_FACILITIES_CHTNM": "否 / 否", "OS_AREA": "2470", "OS_AREA_CHTNM": "2470", "REMARK": "1) The court has been sold and becomes private property. The LOS area is based on the information as at completion of the development and will not be further updated. 2) The LOS area is the minimum area derived from the approved Planning Brief as at completion of the development.", "REMARK_CHTNM": "1) 該屋苑已出售成為私人物業。鄰舍休憩用地面積為項目竣工時之資料，並不再更新。 / 该屋苑已出售成为私人物业。邻舍休憩用地面积为项目竣工时之资料，并不再更新。2) 鄰舍休憩用地面積節錄自發展項目竣工時的核准規劃大綱內的最少面積。 / 邻舍休憩用地面积节录自发展项目竣工时的核准规划大纲内的最少面积。", "LAST_UPDATE": "03/2024", "OBJECTID_1": 425 }, "geometry": { "type": "Point", "coordinates": [ 114.2005, 22.3351 ] } },
{ "type": "Feature", "properties": { "ADDRESS_ENGNM": "Wong Tai Sin", "ADDRESS_CHTNM": "黃大仙 / 黄大仙", "BLDG_ENGNM": "Kingsford Terrace", "BLDG_CHTNM": "嘉峰臺 / 嘉峰台", "OS_STATUS": "Exist", "OS_STATUS_CHTNM": "現存 / 现存", "OS_TYPE": "Ancillary", "OS_TYPE_CHTNM": "附屬休憩用地 / 附属休憩用地", "BEACH": "No", "BEACH_CHTNM": "否 / 否", "AMENITY_AREA": "No", "AMENITY_AREA_CHTNM": "否 / 否", "INDOOR_FACILITIES": "No", "INDOOR_FACILITIES_CHTNM": "否 / 否", "OS_AREA": "6500", "OS_AREA_CHTNM": "6500", "REMARK": "The court has been sold and becomes private property. The LOS area is based on the information as at completion of the development and will not be further updated.", "REMARK_CHTNM": "該屋苑已出售成為私人物業。鄰舍休憩用地面積為項目竣工時之資料，並不再更新。 / 该屋苑已出售成为私人物业。邻舍休憩用地面积为项目竣工时之资料，并不再更新。", "LAST_UPDATE": "03/2024", "OBJECTID_1": 426 }, "geometry": { "type": "Point", "coordinates": [ 114.2112, 22.3406 ] } },
{ "type": "Feature", "properties": { "ADDRESS_ENGNM": "Wong Tai Sin", "ADDRESS_CHTNM": "黃大仙 / 黄大仙", "BLDG_ENGNM": "Lung Poon Court", "BLDG_CHTNM": "龍蟠苑 / 龙蟠苑", "OS_STATUS": "Exist", "OS_STATUS_CHTNM": "現存 / 现存", "OS_TYPE": "Ancillary", "OS_TYPE_CHTNM": "附屬休憩用地 / 附属休憩用地", "BEACH": "No", "BEACH_CHTNM": "否 / 否", "AMENITY_AREA": "No", "AMENITY_AREA_CHTNM": "否 / 否", "INDOOR_FACILITIES": "No", "INDOOR_FACILITIES_CHTNM": "否 / 否", "OS_AREA": "20200", "OS_AREA_CHTNM": "20200", "REMARK": "The court has been sold and becomes private property. The LOS area is based on the information as at completion of the development and will not be further updated.", "REMARK_CHTNM": "該屋苑已出售成為私人物業。鄰舍休憩用地面積為項目竣工時之資料，並不再更新。 / 该屋苑已出售成为私人物业。邻舍休憩用地面积为项目竣工时之资料，并不再更新。", "LAST_UPDATE": "03/2024", "OBJECTID_1": 427 }, "geometry": { "type": "Point", "coordinates": [ 114.1998, 22.342 ] } },
{ "type": "Feature", "properties": { "ADDRESS_ENGNM": "Wong Tai Sin", "ADDRESS_CHTNM": "黃大仙 / 黄大仙", "BLDG_ENGNM": "Pang Ching Court", "BLDG_CHTNM": "鵬程苑 / 鹏程苑", "OS_STATUS": "Exist", "OS_STATUS_CHTNM": "現存 / 现存", "OS_TYPE": "Ancillary", "OS_TYPE_CHTNM": "附屬休憩用地 / 附属休憩用地", "BEACH": "No", "BEACH_CHTNM": "否 / 否", "AMENITY_AREA": "No", "AMENITY_AREA_CHTNM": "否 / 否", "INDOOR_FACILITIES": "No", "INDOOR_FACILITIES_CHTNM": "否 / 否", "OS_AREA": "5400", "OS_AREA_CHTNM": "5400", "REMARK": "The court has been sold and becomes private property. The LOS area is based on the information as at completion of the development and will not be further updated.", "REMARK_CHTNM": "該屋苑已出售成為私人物業。鄰舍休憩用地面積為項目竣工時之資料，並不再更新。 / 该屋苑已出售成为私人物业。邻舍休憩用地面积为项目竣工时之资料，并不再更新。", "LAST_UPDATE": "03/2024", "OBJECTID_1": 428 }, "geometry": { "type": "Point", "coordinates": [ 114.1907, 22.3458 ] } },
{ "type": "Feature", "properties": { "ADDRESS_ENGNM": "Wong Tai Sin", "ADDRESS_CHTNM": "黃大仙 / 黄大仙", "BLDG_ENGNM": "Rhythm Garden", "BLDG_CHTNM": "采頤花園 / 采颐花园", "OS_STATUS": "Exist", "OS_STATUS_CHTNM": "現存 / 现存", "OS_TYPE": "Ancillary", "OS_TYPE_CHTNM": "附屬休憩用地 / 附属休憩用地", "BEACH": "No", "BEACH_CHTNM": "否 / 否", "AMENITY_AREA": "No", "AMENITY_AREA_CHTNM": "否 / 否", "INDOOR_FACILITIES": "No", "INDOOR_FACILITIES_CHTNM": "否 / 否", "OS_AREA": "15800", "OS_AREA_CHTNM": "15800", "REMARK": "The court has been sold and becomes private property. The LOS area is based on the information as at completion of the development and will not be further updated.", "REMARK_CHTNM": "該屋苑已出售成為私人物業。鄰舍休憩用地面積為項目竣工時之資料，並不再更新。 / 该屋苑已出售成为私人物业。邻舍休憩用地面积为项目竣工时之资料，并不再更新。", "LAST_UPDATE": "03/2024", "OBJECTID_1": 429 }, "geometry": { "type": "Point", "coordinates": [ 114.2019, 22.336 ] } },
{ "type": "Feature", "properties": { "ADDRESS_ENGNM": "Wong Tai Sin", "ADDRESS_CHTNM": "黃大仙 / 黄大仙", "BLDG_ENGNM": "Sun Lai Garden", "BLDG_CHTNM": "新麗花園 / 新丽花园", "OS_STATUS": "Exist", "OS_STATUS_CHTNM": "現存 / 现存", "OS_TYPE": "Ancillary", "OS_TYPE_CHTNM": "附屬休憩用地 / 附属休憩用地", "BEACH": "No", "BEACH_CHTNM": "否 / 否", "AMENITY_AREA": "No", "AMENITY_AREA_CHTNM": "否 / 否", "INDOOR_FACILITIES": "No", "INDOOR_FACILITIES_CHTNM": "否 / 否", "OS_AREA": "4200", "OS_AREA_CHTNM": "4200", "REMARK": "The court has been sold and becomes private property. The LOS area is based on the information as at completion of the development and will not be further updated.", "REMARK_CHTNM": "該屋苑已出售成為私人物業。鄰舍休憩用地面積為項目竣工時之資料，並不再更新。 / 该屋苑已出售成为私人物业。邻舍休憩用地面积为项目竣工时之资料，并不再更新。", "LAST_UPDATE": "03/2024", "OBJECTID_1": 430 }, "geometry": { "type": "Point", "coordinates": [ 114.2089, 22.3409 ] } },
{ "type": "Feature", "properties": { "ADDRESS_ENGNM": "Wong Tai Sin", "ADDRESS_CHTNM": "黃大仙 / 黄大仙", "BLDG_ENGNM": "Tak Keung Court", "BLDG_CHTNM": "德強苑 / 德强苑", "OS_STATUS": "Exist", "OS_STATUS_CHTNM": "現存 / 现存", "OS_TYPE": "Ancillary", "OS_TYPE_CHTNM": "附屬休憩用地 / 附属休憩用地", "BEACH": "No", "BEACH_CHTNM": "否 / 否", "AMENITY_AREA": "No", "AMENITY_AREA_CHTNM": "否 / 否", "INDOOR_FACILITIES": "No", "INDOOR_FACILITIES_CHTNM": "否 / 否", "OS_AREA": "4140", "OS_AREA_CHTNM": "4140", "REMARK": "The court has been sold and becomes private property. The LOS area is based on the information as at completion of the development and will not be further updated.", "REMARK_CHTNM": "該屋苑已出售成為私人物業。鄰舍休憩用地面積為項目竣工時之資料，並不再更新。 / 该屋苑已出售成为私人物业。邻舍休憩用地面积为项目竣工时之资料，并不再更新。", "LAST_UPDATE": "03/2024", "OBJECTID_1": 431 }, "geometry": { "type": "Point", "coordinates": [ 114.186, 22.3388 ] } },
{ "type": "Feature", "properties": { "ADDRESS_ENGNM": "Wong Tai Sin", "ADDRESS_CHTNM": "黃大仙 / 黄大仙", "BLDG_ENGNM": "Tin Ma Court", "BLDG_CHTNM": "天馬苑 / 天马苑", "OS_STATUS": "Exist", "OS_STATUS_CHTNM": "現存 / 现存", "OS_TYPE": "Ancillary", "OS_TYPE_CHTNM": "附屬休憩用地 / 附属休憩用地", "BEACH": "No", "BEACH_CHTNM": "否 / 否", "AMENITY_AREA": "No", "AMENITY_AREA_CHTNM": "否 / 否", "INDOOR_FACILITIES": "No", "INDOOR_FACILITIES_CHTNM": "否 / 否", "OS_AREA": "23000", "OS_AREA_CHTNM": "23000", "REMARK": "The court has been sold and becomes private property. The LOS area is based on the information as at completion of the development and will not be further updated.", "REMARK_CHTNM": "該屋苑已出售成為私人物業。鄰舍休憩用地面積為項目竣工時之資料，並不再更新。 / 该屋苑已出售成为私人物业。邻舍休憩用地面积为项目竣工时之资料，并不再更新。", "LAST_UPDATE": "03/2024", "OBJECTID_1": 432 }, "geometry": { "type": "Point", "coordinates": [ 114.188, 22.3432 ] } },
{ "type": "Feature", "properties": { "ADDRESS_ENGNM": "Wong Tai Sin", "ADDRESS_CHTNM": "黃大仙 / 黄大仙", "BLDG_ENGNM": "Tin Wang Court", "BLDG_CHTNM": "天宏苑 / 天宏苑", "OS_STATUS": "Exist", "OS_STATUS_CHTNM": "現存 / 现存", "OS_TYPE": "Ancillary", "OS_TYPE_CHTNM": "附屬休憩用地 / 附属休憩用地", "BEACH": "No", "BEACH_CHTNM": "否 / 否", "AMENITY_AREA": "No", "AMENITY_AREA_CHTNM": "否 / 否", "INDOOR_FACILITIES": "No", "INDOOR_FACILITIES_CHTNM": "否 / 否", "OS_AREA": "5100", "OS_AREA_CHTNM": "5100", "REMARK": "The court has been sold and becomes private property. The LOS area is based on the information as at completion of the development and will not be further updated.", "REMARK_CHTNM": "該屋苑已出售成為私人物業。鄰舍休憩用地面積為項目竣工時之資料，並不再更新。 / 该屋苑已出售成为私人物业。邻舍休憩用地面积为项目竣工时之资料，并不再更新。", "LAST_UPDATE": "03/2024", "OBJECTID_1": 433 }, "geometry": { "type": "Point", "coordinates": [ 114.1873, 22.3446 ] } },
{ "type": "Feature", "properties": { "ADDRESS_ENGNM": "Wong Tai Sin", "ADDRESS_CHTNM": "黃大仙 / 黄大仙", "BLDG_ENGNM": "Tsui Chuk Garden", "BLDG_CHTNM": "翠竹花園 / 翠竹花园", "OS_STATUS": "Exist", "OS_STATUS_CHTNM": "現存 / 现存", "OS_TYPE": "Ancillary", "OS_TYPE_CHTNM": "附屬休憩用地 / 附属休憩用地", "BEACH": "No", "BEACH_CHTNM": "否 / 否", "AMENITY_AREA": "No", "AMENITY_AREA_CHTNM": "否 / 否", "INDOOR_FACILITIES": "No", "INDOOR_FACILITIES_CHTNM": "否 / 否", "OS_AREA": "9800", "OS_AREA_CHTNM": "9800", "REMARK": "The court has been sold and becomes private property. The LOS area is based on the information as at completion of the development and will not be further updated.", "REMARK_CHTNM": "該屋苑已出售成為私人物業。鄰舍休憩用地面積為項目竣工時之資料，並不再更新。 / 该屋苑已出售成为私人物业。邻舍休憩用地面积为项目竣工时之资料，并不再更新。", "LAST_UPDATE": "03/2024", "OBJECTID_1": 434 }, "geometry": { "type": "Point", "coordinates": [ 114.1889, 22.3468 ] } },
{ "type": "Feature", "properties": { "ADDRESS_ENGNM": "Wong Tai Sin", "ADDRESS_CHTNM": "黃大仙 / 黄大仙", "BLDG_ENGNM": "Tsz Oi Court", "BLDG_CHTNM": "慈愛苑 / 慈爱苑", "OS_STATUS": "Exist", "OS_STATUS_CHTNM": "現存 / 现存", "OS_TYPE": "Ancillary", "OS_TYPE_CHTNM": "附屬休憩用地 / 附属休憩用地", "BEACH": "No", "BEACH_CHTNM": "否 / 否", "AMENITY_AREA": "No", "AMENITY_AREA_CHTNM": "否 / 否", "INDOOR_FACILITIES": "No", "INDOOR_FACILITIES_CHTNM": "否 / 否", "OS_AREA": "16900", "OS_AREA_CHTNM": "16900", "REMARK": "The court has been sold and becomes private property. The LOS area is based on the information as at completion of the development and will not be further updated.", "REMARK_CHTNM": "該屋苑已出售成為私人物業。鄰舍休憩用地面積為項目竣工時之資料，並不再更新。 / 该屋苑已出售成为私人物业。邻舍休憩用地面积为项目竣工时之资料，并不再更新。", "LAST_UPDATE": "03/2024", "OBJECTID_1": 435 }, "geometry": { "type": "Point", "coordinates": [ 114.1981, 22.3499 ] } },
{ "type": "Feature", "properties": { "ADDRESS_ENGNM": "Wong Tai Sin", "ADDRESS_CHTNM": "黃大仙 / 黄大仙", "BLDG_ENGNM": "Tsz On Court", "BLDG_CHTNM": "慈安苑 / 慈安苑", "OS_STATUS": "Exist", "OS_STATUS_CHTNM": "現存 / 现存", "OS_TYPE": "Ancillary", "OS_TYPE_CHTNM": "附屬休憩用地 / 附属休憩用地", "BEACH": "No", "BEACH_CHTNM": "否 / 否", "AMENITY_AREA": "No", "AMENITY_AREA_CHTNM": "否 / 否", "INDOOR_FACILITIES": "No", "INDOOR_FACILITIES_CHTNM": "否 / 否", "OS_AREA": "2990", "OS_AREA_CHTNM": "2990", "REMARK": "The court has been sold and becomes private property. The LOS area is based on the information as at completion of the development and will not be further updated.", "REMARK_CHTNM": "該屋苑已出售成為私人物業。鄰舍休憩用地面積為項目竣工時之資料，並不再更新。 / 该屋苑已出售成为私人物业。邻舍休憩用地面积为项目竣工时之资料，并不再更新。", "LAST_UPDATE": "03/2024", "OBJECTID_1": 436 }, "geometry": { "type": "Point", "coordinates": [ 114.2013, 22.3483 ] } },
{ "type": "Feature", "properties": { "ADDRESS_ENGNM": "Wong Tai Sin", "ADDRESS_CHTNM": "黃大仙 / 黄大仙", "BLDG_ENGNM": "Ying Fuk Court", "BLDG_CHTNM": "盈福苑 / 盈福苑", "OS_STATUS": "Exist", "OS_STATUS_CHTNM": "現存 / 现存", "OS_TYPE": "Ancillary", "OS_TYPE_CHTNM": "附屬休憩用地 / 附属休憩用地", "BEACH": "No", "BEACH_CHTNM": "否 / 否", "AMENITY_AREA": "No", "AMENITY_AREA_CHTNM": "否 / 否", "INDOOR_FACILITIES": "No", "INDOOR_FACILITIES_CHTNM": "否 / 否", "OS_AREA": "2500", "OS_AREA_CHTNM": "2500", "REMARK": "The court has been sold and becomes private property. The LOS area is based on the information as at completion of the development and will not be further updated.", "REMARK_CHTNM": "該屋苑已出售成為私人物業。鄰舍休憩用地面積為項目竣工時之資料，並不再更新。 / 该屋苑已出售成为私人物业。邻舍休憩用地面积为项目竣工时之资料，并不再更新。", "LAST_UPDATE": "03/2024", "OBJECTID_1": 437 }, "geometry": { "type": "Point", "coordinates": [ 114.195, 22.3466 ] } },
{ "type": "Feature", "properties": { "ADDRESS_ENGNM": "Yau Tsim Mong", "ADDRESS_CHTNM": "油尖旺 / 油尖旺", "BLDG_ENGNM": "Charming Garden", "BLDG_CHTNM": "富榮花園 / 富荣花园", "OS_STATUS": "Exist", "OS_STATUS_CHTNM": "現存 / 现存", "OS_TYPE": "Ancillary", "OS_TYPE_CHTNM": "附屬休憩用地 / 附属休憩用地", "BEACH": "No", "BEACH_CHTNM": "否 / 否", "AMENITY_AREA": "No", "AMENITY_AREA_CHTNM": "否 / 否", "INDOOR_FACILITIES": "No", "INDOOR_FACILITIES_CHTNM": "否 / 否", "OS_AREA": "15600", "OS_AREA_CHTNM": "15600", "REMARK": "The court has been sold and becomes private property. The LOS area is based on the information as at completion of the development and will not be further updated.", "REMARK_CHTNM": "該屋苑已出售成為私人物業。鄰舍休憩用地面積為項目竣工時之資料，並不再更新。 / 该屋苑已出售成为私人物业。邻舍休憩用地面积为项目竣工时之资料，并不再更新。", "LAST_UPDATE": "03/2024", "OBJECTID_1": 438 }, "geometry": { "type": "Point", "coordinates": [ 114.165, 22.3137 ] } },
{ "type": "Feature", "properties": { "ADDRESS_ENGNM": "Yuen Long", "ADDRESS_CHTNM": "元朗 / 元朗", "BLDG_ENGNM": "Fung Ting Court", "BLDG_CHTNM": "鳳庭苑 / 凤庭苑", "OS_STATUS": "Exist", "OS_STATUS_CHTNM": "現存 / 现存", "OS_TYPE": "Ancillary", "OS_TYPE_CHTNM": "附屬休憩用地 / 附属休憩用地", "BEACH": "No", "BEACH_CHTNM": "否 / 否", "AMENITY_AREA": "No", "AMENITY_AREA_CHTNM": "否 / 否", "INDOOR_FACILITIES": "No", "INDOOR_FACILITIES_CHTNM": "否 / 否", "OS_AREA": "1410", "OS_AREA_CHTNM": "1410", "REMARK": "The court has been sold and becomes private property. The LOS area is based on the information as at completion of the development and will not be further updated.", "REMARK_CHTNM": "該屋苑已出售成為私人物業。鄰舍休憩用地面積為項目竣工時之資料，並不再更新。 / 该屋苑已出售成为私人物业。邻舍休憩用地面积为项目竣工时之资料，并不再更新。", "LAST_UPDATE": "03/2024", "OBJECTID_1": 439 }, "geometry": { "type": "Point", "coordinates": [ 114.0322, 22.4431 ] } },
{ "type": "Feature", "properties": { "ADDRESS_ENGNM": "Yuen Long", "ADDRESS_CHTNM": "元朗 / 元朗", "BLDG_ENGNM": "Ping Yan Court", "BLDG_CHTNM": "屏欣苑 / 屏欣苑", "OS_STATUS": "Exist", "OS_STATUS_CHTNM": "現存 / 现存", "OS_TYPE": "Ancillary", "OS_TYPE_CHTNM": "附屬休憩用地 / 附属休憩用地", "BEACH": "No", "BEACH_CHTNM": "否 / 否", "AMENITY_AREA": "No", "AMENITY_AREA_CHTNM": "否 / 否", "INDOOR_FACILITIES": "No", "INDOOR_FACILITIES_CHTNM": "否 / 否", "OS_AREA": "7700", "OS_AREA_CHTNM": "7700", "REMARK": "1) The court has been sold and becomes private property. The LOS area is based on the information as at completion of the development and will not be further updated. 2) The LOS area is the minimum area derived from the approved Planning Brief as at completion of the development.", "REMARK_CHTNM": "1) 該屋苑已出售成為私人物業。鄰舍休憩用地面積為項目竣工時之資料，並不再更新。 / 该屋苑已出售成为私人物业。邻舍休憩用地面积为项目竣工时之资料，并不再更新。2) 鄰舍休憩用地面積節錄自發展項目竣工時的核准規劃大綱內的最少面積。 / 邻舍休憩用地面积节录自发展项目竣工时的核准规划大纲内的最少面积。", "LAST_UPDATE": "03/2024", "OBJECTID_1": 440 }, "geometry": { "type": "Point", "coordinates": [ 114.0035, 22.4456 ] } },
{ "type": "Feature", "properties": { "ADDRESS_ENGNM": "Yuen Long", "ADDRESS_CHTNM": "元朗 / 元朗", "BLDG_ENGNM": "Tin Chung Court", "BLDG_CHTNM": "天頌苑 / 天颂苑", "OS_STATUS": "Exist", "OS_STATUS_CHTNM": "現存 / 现存", "OS_TYPE": "Ancillary", "OS_TYPE_CHTNM": "附屬休憩用地 / 附属休憩用地", "BEACH": "No", "BEACH_CHTNM": "否 / 否", "AMENITY_AREA": "No", "AMENITY_AREA_CHTNM": "否 / 否", "INDOOR_FACILITIES": "No", "INDOOR_FACILITIES_CHTNM": "否 / 否", "OS_AREA": "38800", "OS_AREA_CHTNM": "38800", "REMARK": "The court has been sold and becomes private property. The LOS area is based on the information as at completion of the development and will not be further updated.", "REMARK_CHTNM": "該屋苑已出售成為私人物業。鄰舍休憩用地面積為項目竣工時之資料，並不再更新。 / 该屋苑已出售成为私人物业。邻舍休憩用地面积为项目竣工时之资料，并不再更新。", "LAST_UPDATE": "03/2024", "OBJECTID_1": 441 }, "geometry": { "type": "Point", "coordinates": [ 114.0003, 22.4607 ] } },
{ "type": "Feature", "properties": { "ADDRESS_ENGNM": "Yuen Long", "ADDRESS_CHTNM": "元朗 / 元朗", "BLDG_ENGNM": "Tin Fu Court", "BLDG_CHTNM": "天富苑 / 天富苑", "OS_STATUS": "Exist", "OS_STATUS_CHTNM": "現存 / 现存", "OS_TYPE": "Ancillary", "OS_TYPE_CHTNM": "附屬休憩用地 / 附属休憩用地", "BEACH": "No", "BEACH_CHTNM": "否 / 否", "AMENITY_AREA": "No", "AMENITY_AREA_CHTNM": "否 / 否", "INDOOR_FACILITIES": "No", "INDOOR_FACILITIES_CHTNM": "否 / 否", "OS_AREA": "25100", "OS_AREA_CHTNM": "25100", "REMARK": "The court has been sold and becomes private property. The LOS area is based on the information as at completion of the development and will not be further updated.", "REMARK_CHTNM": "該屋苑已出售成為私人物業。鄰舍休憩用地面積為項目竣工時之資料，並不再更新。 / 该屋苑已出售成为私人物业。邻舍休憩用地面积为项目竣工时之资料，并不再更新。", "LAST_UPDATE": "03/2024", "OBJECTID_1": 442 }, "geometry": { "type": "Point", "coordinates": [ 113.9994, 22.4651 ] } },
{ "type": "Feature", "properties": { "ADDRESS_ENGNM": "Yuen Long", "ADDRESS_CHTNM": "元朗 / 元朗", "BLDG_ENGNM": "Tin Lai Court", "BLDG_CHTNM": "天麗苑 / 天丽苑", "OS_STATUS": "Exist", "OS_STATUS_CHTNM": "現存 / 现存", "OS_TYPE": "Ancillary", "OS_TYPE_CHTNM": "附屬休憩用地 / 附属休憩用地", "BEACH": "No", "BEACH_CHTNM": "否 / 否", "AMENITY_AREA": "No", "AMENITY_AREA_CHTNM": "否 / 否", "INDOOR_FACILITIES": "No", "INDOOR_FACILITIES_CHTNM": "否 / 否", "OS_AREA": "3700", "OS_AREA_CHTNM": "3700", "REMARK": "The court has been sold and becomes private property. The LOS area is based on the information as at completion of the development and will not be further updated.", "REMARK_CHTNM": "該屋苑已出售成為私人物業。鄰舍休憩用地面積為項目竣工時之資料，並不再更新。 / 该屋苑已出售成为私人物业。邻舍休憩用地面积为项目竣工时之资料，并不再更新。", "LAST_UPDATE": "03/2024", "OBJECTID_1": 443 }, "geometry": { "type": "Point", "coordinates": [ 114.008, 22.4529 ] } },
{ "type": "Feature", "properties": { "ADDRESS_ENGNM": "Yuen Long", "ADDRESS_CHTNM": "元朗 / 元朗", "BLDG_ENGNM": "Tin Oi Court", "BLDG_CHTNM": "天愛苑 / 天爱苑", "OS_STATUS": "Exist", "OS_STATUS_CHTNM": "現存 / 现存", "OS_TYPE": "Ancillary", "OS_TYPE_CHTNM": "附屬休憩用地 / 附属休憩用地", "BEACH": "No", "BEACH_CHTNM": "否 / 否", "AMENITY_AREA": "No", "AMENITY_AREA_CHTNM": "否 / 否", "INDOOR_FACILITIES": "No", "INDOOR_FACILITIES_CHTNM": "否 / 否", "OS_AREA": "6900", "OS_AREA_CHTNM": "6900", "REMARK": "The court has been sold and becomes private property. The LOS area is based on the information as at completion of the development and will not be further updated.", "REMARK_CHTNM": "該屋苑已出售成為私人物業。鄰舍休憩用地面積為項目竣工時之資料，並不再更新。 / 该屋苑已出售成为私人物业。邻舍休憩用地面积为项目竣工时之资料，并不再更新。", "LAST_UPDATE": "03/2024", "OBJECTID_1": 444 }, "geometry": { "type": "Point", "coordinates": [ 113.9979, 22.454 ] } },
{ "type": "Feature", "properties": { "ADDRESS_ENGNM": "Yuen Long", "ADDRESS_CHTNM": "元朗 / 元朗", "BLDG_ENGNM": "Tin Shing Court", "BLDG_CHTNM": "天盛苑 / 天盛苑", "OS_STATUS": "Exist", "OS_STATUS_CHTNM": "現存 / 现存", "OS_TYPE": "Ancillary", "OS_TYPE_CHTNM": "附屬休憩用地 / 附属休憩用地", "BEACH": "No", "BEACH_CHTNM": "否 / 否", "AMENITY_AREA": "No", "AMENITY_AREA_CHTNM": "否 / 否", "INDOOR_FACILITIES": "No", "INDOOR_FACILITIES_CHTNM": "否 / 否", "OS_AREA": "39200", "OS_AREA_CHTNM": "39200", "REMARK": "The court has been sold and becomes private property. The LOS area is based on the information as at completion of the development and will not be further updated.", "REMARK_CHTNM": "該屋苑已出售成為私人物業。鄰舍休憩用地面積為項目竣工時之資料，並不再更新。 / 该屋苑已出售成为私人物业。邻舍休憩用地面积为项目竣工时之资料，并不再更新。", "LAST_UPDATE": "03/2024", "OBJECTID_1": 445 }, "geometry": { "type": "Point", "coordinates": [ 114.0022, 22.4475 ] } },
{ "type": "Feature", "properties": { "ADDRESS_ENGNM": "Yuen Long", "ADDRESS_CHTNM": "元朗 / 元朗", "BLDG_ENGNM": "Tin Yau Court", "BLDG_CHTNM": "天祐苑 / 天佑苑", "OS_STATUS": "Exist", "OS_STATUS_CHTNM": "現存 / 现存", "OS_TYPE": "Ancillary", "OS_TYPE_CHTNM": "附屬休憩用地 / 附属休憩用地", "BEACH": "No", "BEACH_CHTNM": "否 / 否", "AMENITY_AREA": "No", "AMENITY_AREA_CHTNM": "否 / 否", "INDOOR_FACILITIES": "No", "INDOOR_FACILITIES_CHTNM": "否 / 否", "OS_AREA": "8800", "OS_AREA_CHTNM": "8800", "REMARK": "The court has been sold and becomes private property. The LOS area is based on the information as at completion of the development and will not be further updated.", "REMARK_CHTNM": "該屋苑已出售成為私人物業。鄰舍休憩用地面積為項目竣工時之資料，並不再更新。 / 该屋苑已出售成为私人物业。邻舍休憩用地面积为项目竣工时之资料，并不再更新。", "LAST_UPDATE": "03/2024", "OBJECTID_1": 446 }, "geometry": { "type": "Point", "coordinates": [ 114.0061, 22.4519 ] } },
{ "type": "Feature", "properties": { "ADDRESS_ENGNM": "Yuen Long", "ADDRESS_CHTNM": "元朗 / 元朗", "BLDG_ENGNM": "Wang Fu Court", "BLDG_CHTNM": "宏富苑 / 宏富苑", "OS_STATUS": "Exist", "OS_STATUS_CHTNM": "現存 / 现存", "OS_TYPE": "Ancillary", "OS_TYPE_CHTNM": "附屬休憩用地 / 附属休憩用地", "BEACH": "No", "BEACH_CHTNM": "否 / 否", "AMENITY_AREA": "No", "AMENITY_AREA_CHTNM": "否 / 否", "INDOOR_FACILITIES": "No", "INDOOR_FACILITIES_CHTNM": "否 / 否", "OS_AREA": "670", "OS_AREA_CHTNM": "670", "REMARK": "1) The court has been sold and becomes private property. The LOS area is based on the information as at completion of the development and will not be further updated. 2) The LOS area is the minimum area derived from the approved Planning Brief as at completion of the development.", "REMARK_CHTNM": "1) 該屋苑已出售成為私人物業。鄰舍休憩用地面積為項目竣工時之資料，並不再更新。 / 该屋苑已出售成为私人物业。邻舍休憩用地面积为项目竣工时之资料，并不再更新。2) 鄰舍休憩用地面積節錄自發展項目竣工時的核准規劃大綱內的最少面積。 / 邻舍休憩用地面积节录自发展项目竣工时的核准规划大纲内的最少面积。", "LAST_UPDATE": "03/2024", "OBJECTID_1": 447 }, "geometry": { "type": "Point", "coordinates": [ 114.0282, 22.4508 ] } },
{ "type": "Feature", "properties": { "ADDRESS_ENGNM": "Sham Shui Po", "ADDRESS_CHTNM": "深水埗 / 深水埗", "BLDG_ENGNM": "Hoi Ying Estate", "BLDG_CHTNM": "海盈邨 / 海盈邨", "OS_STATUS": "Exist", "OS_STATUS_CHTNM": "現存 / 现存", "OS_TYPE": "Public", "OS_TYPE_CHTNM": "公眾 / 公众", "BEACH": "No", "BEACH_CHTNM": "否 / 否", "AMENITY_AREA": "No", "AMENITY_AREA_CHTNM": "否 / 否", "INDOOR_FACILITIES": "No", "INDOOR_FACILITIES_CHTNM": "否 / 否", "OS_AREA": "3800", "OS_AREA_CHTNM": "3800", "REMARK": "The open space area is the minimum area derived from the Planning Permission approved under section 16 of the Town Planning Ordinance as at completion of the development.", "REMARK_CHTNM": "休憩用地面積節錄自發展項目竣工時根據《城巿規劃條例》第16條批准的規劃許可內的最少面積。 / 休憩用地面积节录自发展项目竣工时根据《城巿规划条例》第16条批准的规划许可内的最少面积。", "LAST_UPDATE": "03/2024", "OBJECTID_1": 448 }, "geometry": { "type": "Point", "coordinates": [ 114.148727, 22.328312 ] } },
{ "type": "Feature", "properties": { "ADDRESS_ENGNM": "Southern", "ADDRESS_CHTNM": "南區 / 南区", "BLDG_ENGNM": "Stanley Ma Hang Park", "BLDG_CHTNM": "赤柱馬坑公園 / 赤柱马坑公园", "OS_STATUS": "Exist", "OS_STATUS_CHTNM": "現存 / 现存", "OS_TYPE": "Public", "OS_TYPE_CHTNM": "公眾 / 公众", "BEACH": "No", "BEACH_CHTNM": "否 / 否", "AMENITY_AREA": "No", "AMENITY_AREA_CHTNM": "否 / 否", "INDOOR_FACILITIES": "No", "INDOOR_FACILITIES_CHTNM": "否 / 否", "OS_AREA": "50471", "OS_AREA_CHTNM": "50471", "REMARK": "The open space area is the area of land derived from Vesting Order related to Ma Hang Estate.", "REMARK_CHTNM": "休憩用地面積是節錄自馬坑邨相關授予令上的土地面積。 / 休憩用地面积是节录自马坑邨相关授予令上的土地面积。", "LAST_UPDATE": "03/2024", "OBJECTID_1": 449 }, "geometry": { "type": "Point", "coordinates": [ 114.20826, 22.217441 ] } },
{ "type": "Feature", "properties": { "ADDRESS_ENGNM": "Southern", "ADDRESS_CHTNM": "南區 / 南区", "BLDG_ENGNM": "Kellett Bay Waterfront", "BLDG_CHTNM": "南堤綠徑 / 南堤绿径", "OS_STATUS": "Exist", "OS_STATUS_CHTNM": "現存 / 现存", "OS_TYPE": "Public", "OS_TYPE_CHTNM": "公眾 / 公众", "BEACH": "No", "BEACH_CHTNM": "否 / 否", "AMENITY_AREA": "No", "AMENITY_AREA_CHTNM": "否 / 否", "INDOOR_FACILITIES": "No", "INDOOR_FACILITIES_CHTNM": "否 / 否", "OS_AREA": "11184", "OS_AREA_CHTNM": "11184", "REMARK": "The open space area is the area of land derived from Creation of Rights of Temporary Occupation of Land Plan prepared by Lands Department.", "REMARK_CHTNM": "休憩用地面積是節錄自地政署繪製的設定暫時佔用土地圖則上的土地面積。 / 休憩用地面积是节录自地政署绘制的设定暂时占用土地图则上的土地面积。", "LAST_UPDATE": "03/2024", "OBJECTID_1": 450 }, "geometry": { "type": "Point", "coordinates": [ 114.139418, 22.249047 ] } }
]
}
